angDist,ra_epoch2000,dec_epoch2000,errHalfMaj,errHalfMin,errPosAng,source_id,ra,ra_error,dec,dec_error,parallax,parallax_error,pmra,pmra_error,pmdec,pmdec_error,duplicated_source,phot_g_mean_flux,phot_g_mean_flux_error,phot_g_mean_mag,phot_bp_mean_flux,phot_bp_mean_flux_error,phot_bp_mean_mag,phot_rp_mean_flux,phot_rp_mean_flux_error,phot_rp_mean_mag,bp_rp,radial_velocity,radial_velocity_error,rv_nb_transits,teff_val,a_g_val,e_bp_min_rp_val,radius_val,lum_val,_RAJ2000,_DEJ2000,Name,n_Name,o,RAJ2000,DEJ2000,Bmag,Jmag,Hmag,Ksmag,SpType,r_SpType,Field,st,AV,Teff,VMAG,Mass,Age,SimbadName
0.007632,306.9317305401921,40.5954195235965,0.001,0.001,0,2067398416488472704,306.93171851332,0.0209,40.59539946318,0.0253,0.5764,0.0270,-2.121,0.044,-4.659,0.046,0,3.07143e+06,6.37229e+02,9.470016,1.64937e+06,2.69191e+03,9.808093,2.04288e+06,3.15427e+03,8.986314,0.821779,,,0,5809.00,,,18.85,364.414,306.93173333,40.59541944,BD+40 4179,,,20 27 43.616,+40 35 43.51,10.115,8.419,8.327,8.256,O8V:,2,Cygnus OB2,K,2.2,34877,-3.63,19.8,0.2,2MASS J20274361+4035435
0.006102,307.0644637008754,40.6388375393658,0.001,0.001,90,2067421304373639552,307.06445329269,0.0218,40.63881678208,0.0256,0.5634,0.0290,-1.834,0.047,-4.821,0.045,0,2.96553e+06,5.60904e+02,9.508112,1.36698e+06,1.68259e+03,10.011980,2.28544e+06,2.45354e+03,8.864497,1.147483,,,0,4954.00,,,27.54,411.577,307.0644625,40.63883611,BD+40 4185,,,20 28 15.471,+40 38 19.81,10.474,8.026,7.859,7.786,B0V:,2,Cygnus OB2,K,2.4,30110,-4.11,17.7,6.3,2MASS J20281547+4038196
0.018118,307.1334483036901,40.8174713417759,0.001,0.001,90,2067430718942052224,307.13343618376,0.0308,40.81745837129,0.0349,0.7273,0.0403,-2.130,0.068,-3.012,0.058,0,8.35503e+06,4.58388e+03,8.383495,3.58205e+06,5.68423e+03,8.966059,6.85959e+06,1.37376e+04,7.671175,1.294884,,,0,5004.00,,,34.90,688.160,307.13344583,40.81746667,HD 195213,,,20 28 32.027,+40 49 02.88,9.504,6.668,6.44,6.258,O7,2,Cygnus OB2,K,3.6,36872,-5.81,43.3,2.8,2MASS J20283203+4049027
0.023809,308.1262977744028,40.5758991561036,0.001,0.001,0,2067726006532873728,308.12628089791,0.0350,40.57588008219,0.0460,0.6373,0.0474,-2.977,0.077,-4.430,0.086,0,7.19704e+05,3.85446e+02,11.045481,1.24749e+05,3.44873e+02,12.611294,9.29615e+05,1.02201e+03,9.841162,2.770132,,,0,3711.60,1.8060,0.9170,28.81,141.881,308.12629167,40.57589444,J20323033+4034332,,,20 32 30.310,+40 34 33.22,14.0,7.892,7.365,7.07,O9.5IV,9,Cygnus OB2,K,6.1,31382,-5.24,26.1,4.9,2MASS J20323033+4034332
0.042622,307.9418804841869,40.7235133583141,0.007,0.007,90,2067742877164542080,307.94187331998,0.2283,40.72349448189,0.2110,0.3770,0.2558,-1.261,0.481,-4.384,0.427,0,4.03625e+05,1.59399e+02,11.673420,9.80935e+04,1.73521e+02,12.872287,4.68684e+05,3.62417e+02,10.584719,2.287568,,,0,3534.00,,,,,307.9418875,40.72350278,J20314605+4043246,,,20 31 46.053,+40 43 24.61,13.84,8.91,8.484,8.257,B0.5IV,9,Cygnus OB2,K,4.7,25917,-3.8,14.1,10.0,2MASS J20314605+4043246
0.010487,307.7508513714477,40.8304694981642,0.001,0.001,0,2067788713055642880,307.75082407214,0.0197,40.83044147772,0.0247,0.6116,0.0254,-4.798,0.040,-6.508,0.045,0,9.63193e+05,2.64797e+02,10.729082,3.02288e+05,2.80201e+02,11.650334,9.75347e+05,7.74401e+02,9.789022,1.861312,,,0,4052.13,0.7455,0.3577,26.01,164.359,307.75085,40.83047222,J20310019+4049497,,,20 31 00.204,+40 49 49.70,12.077,8.378,8.016,7.826,O7V((f)),9,Cygnus OB2,K,4.5,36872,-4.34,25.6,2.0,2MASS J20310019+4049497
0.020853,307.7313234127959,40.9150055750215,0.001,0.001,0,2067795752502969472,307.73130590322,0.0218,40.91498700923,0.0254,0.5282,0.0285,-3.073,0.045,-4.312,0.050,0,2.89600e+05,9.52466e+01,12.033871,7.17657e+04,1.82844e+02,13.211597,3.35471e+05,5.07062e+02,10.947784,2.263812,,,0,3670.63,1.9910,1.0070,22.87,85.532,307.73131667,40.91500833,J20305552+4054541,,o,20 30 55.516,+40 54 54.03,14.06,9.247,8.759,8.474,B0V,10,Cygnus OB2,K,5.5,30110,-3.77,16.5,5.6,2MASS J20305552+4054541
0.027096,308.1601807403293,40.6790218137734,0.003,0.003,90,2067730816896271488,308.16016740558,0.0900,40.67900418502,0.0987,0.1315,0.1108,-2.349,0.196,-4.094,0.188,0,3.41529e+05,1.08738e+02,11.854795,4.99759e+04,1.31272e+02,13.604487,4.70982e+05,6.62811e+02,10.579410,3.025078,,,0,4160.02,,,,,308.16017083,40.67902222,J20323843+4040445,,,20 32 38.441,+40 40 44.48,15.33,8.347,7.705,7.383,O8III,10,Cygnus OB2,K,6.9,33961,-5.04,28.0,3.9,2MASS J20323843+4040445
0.017125,307.4444676262574,41.0856491419846,0.001,0.001,0,2067810183593068160,307.44445070326,0.0252,41.08563116351,0.0282,0.5920,0.0315,-2.963,0.051,-4.176,0.055,0,4.73415e+05,7.51169e+02,11.500261,1.42652e+05,6.67754e+02,12.465694,4.90673e+05,2.50486e+03,10.534941,1.930754,,,0,3886.38,0.9650,0.4663,21.61,95.985,307.44446667,41.08564444,J20294666+4105083,,,20 29 46.672,+41 05 08.32,12.87,9.033,8.636,8.457,B0.5V(n) sb2?,9,Cygnus OB2,K,4.3,28032,-3.61,14.4,7.9,2MASS J20294666+4105083
0.017483,307.4875480534373,41.1649548596882,0.001,0.001,0,2067816681882846464,307.48753002567,0.0177,41.16493510394,0.0238,0.5871,0.0236,-3.152,0.036,-4.588,0.044,0,3.94419e+05,1.16398e+02,11.698472,1.12771e+05,3.18716e+02,12.720894,4.25919e+05,3.51695e+02,10.688602,2.032291,,,0,3699.00,1.3503,0.6597,23.41,92.425,307.48754167,41.16495556,J20295701+4109538,,,20 29 57.010,+41 09 53.84,13.013,9.119,8.702,8.452,B0V,9,Cygnus OB2,K,4.9,30110,-3.72,16.3,5.6,2MASS J20295701+4109538
0.028675,308.4092252789901,40.6851044354863,0.001,0.001,0,2064748559105788160,308.40920963434,0.0408,40.68508506537,0.0488,0.5358,0.0538,-2.755,0.087,-4.499,0.090,1,9.50759e+05,1.00571e+03,10.743190,1.16875e+05,4.75639e+02,12.682082,1.36399e+06,5.50930e+03,9.424891,3.257191,,,0,3551.54,1.3710,0.7690,45.58,297.785,308.40922083,40.68509722,J20333821+4041064,,o,20 33 38.213,+40 41 06.35,14.7,6.904,6.17,5.745,B0Ia,10,Cygnus OB2,K,7.6,25094,-6.6,36.0,4.5,2MASS J20333821+4041064
0.029842,307.9037917040149,40.9858423179295,0.002,0.002,0,2067796787591714048,307.90375353645,0.0511,40.98582911113,0.0539,0.5604,0.0654,-6.692,0.105,-3.067,0.108,0,4.61200e+05,5.33025e+02,11.528643,6.24825e+04,3.24042e+02,13.361992,6.46787e+05,1.37518e+03,10.235016,3.126976,,,0,3667.00,1.9030,1.0050,27.29,121.313,307.90379583,40.98585,J20313690+4059092,,,20 31 36.911,+40 59 09.06,15.38,7.913,7.208,6.811,O7Ib(f),10,Cygnus OB2,K,7.7,34990,-5.7,36.0,3.5,2MASS J20313690+4059092
0.067622,308.2621791785148,40.7903685440176,0.011,0.010,90,2067755379810392320,308.26218757449,0.3316,40.79034151747,0.3144,2.0509,0.3651,1.476,0.729,-6.277,0.638,0,8.72909e+05,9.43433e+02,10.835944,1.16506e+05,2.84714e+02,12.685518,1.20754e+06,2.00535e+03,9.557167,3.128351,144.38,14.19,8,3399.65,2.8142,1.4232,13.23,21.074,308.2622,40.79035833,J20330292+4047254,,,20 33 02.928,+40 47 25.29,14.4,7.251,6.632,6.274,O8II((f)),9,Cygnus OB2,K,7.0,33570,-6.15,43.9,3.2,2MASS J20330292+4047254
0.016620,307.6654163587480,41.1468857313167,0.001,0.001,0,2067813005390784896,307.66539966617,0.0293,41.14686966082,0.0368,0.7494,0.0397,-2.919,0.063,-3.733,0.080,0,1.73454e+06,2.69539e+03,10.090404,3.36886e+05,1.34198e+03,11.532681,2.12845e+06,8.13449e+03,8.941764,2.590917,,,0,3572.05,1.5800,0.7867,43.18,273.471,307.66542083,41.14688889,J20303970+4108489,,,20 30 39.701,+41 08 48.80,12.429,6.928,6.328,5.98,B0.7Ib,9,Cygnus OB2,K,6.2,21514,-6.11,23.0,6.9,2MASS J20303970+4108489
0.018707,308.1139191596379,40.9217348134810,0.001,0.001,0,2067769265443613568,308.11391943387,0.0275,40.92172185719,0.0306,0.7114,0.0343,0.048,0.054,-3.009,0.058,0,5.10118e+05,6.83902e+02,11.419189,1.19961e+05,4.32399e+02,12.653792,5.92233e+05,1.53776e+03,10.330688,2.323104,,,0,4012.26,1.6287,0.8138,16.82,66.033,308.1139125,40.92173611,J20322734+4055184,,,20 32 27.339,+40 55 18.25,13.95,8.622,8.156,7.879,B2V,9,Cygnus OB2,K,5.1,22608,-4.15,12.1,15.5,2MASS J20322734+4055184
0.019694,307.6137572300627,41.2236466246055,0.002,0.001,0,2067818533010251776,307.61373928631,0.0445,41.22362784180,0.0524,0.5724,0.0545,-3.135,0.092,-4.362,0.101,0,5.01109e+05,5.28905e+03,11.438535,7.21869e+04,2.44523e+03,13.205243,7.09259e+05,2.22790e+04,10.134907,3.070336,,,0,4437.26,2.0690,1.0680,15.09,79.568,307.61375,41.22364722,V1827 Cyg,,,20 30 27.300,+41 13 25.13,14.74,7.63,6.85,6.445,Ofpe,10,Cygnus OB2,K,8.2,38612,-6.13,57.0,2.2,2MASS J20302730+4113253
0.015051,308.1452750372622,40.9381500636949,0.001,0.001,0,2067769609040987648,308.14525958352,0.0245,40.93812863336,0.0275,0.5510,0.0310,-2.711,0.047,-4.977,0.050,0,2.16046e+05,7.36390e+01,12.352001,4.63112e+04,1.21617e+02,13.687174,2.64697e+05,3.31446e+02,11.205048,2.482126,,,0,3522.75,2.1605,1.0350,21.71,65.412,308.14527083,40.93815278,J20323486+4056174,,,20 32 34.865,+40 56 17.35,14.93,9.382,8.858,8.564,O8V,10,Cygnus OB2,K,6.0,34877,-3.75,20.4,0.8,2MASS J20323486+4056174
0.038879,307.7405154021180,41.1659780347623,0.025,0.022,0,2067814306761678336,307.74050978367,0.6694,41.16595828905,0.8039,4.8148,0.8134,-0.982,1.434,-4.586,1.614,1,2.43242e+05,1.42288e+02,12.223269,5.20363e+04,1.16096e+02,13.560621,3.05218e+05,3.38322e+02,11.050394,2.510227,,,0,3681.00,2.7410,1.3705,2.28,0.858,307.74052917,41.165975,J20305772+4109575,,o,20 30 57.727,+41 09 57.51,14.61,9.093,8.514,8.198,O9.5V,10,Cygnus OB2,K,6.5,31884,-4.16,19.4,4.9,2MASS J20305772+4109575
0.021247,308.7335732266156,40.6383167248841,0.001,0.001,0,2064739041458261120,308.73355834054,0.0271,40.63829811921,0.0329,0.6381,0.0360,-2.624,0.057,-4.321,0.069,0,9.66132e+05,7.24158e+02,10.725775,1.83886e+05,4.15001e+02,12.190015,1.21403e+06,1.56824e+03,9.551346,2.638669,,,0,3987.56,1.7863,0.8910,26.29,157.429,308.73357083,40.63831111,J20345606+4038179,,,20 34 56.057,+40 38 17.92,13.54,7.44,6.859,6.545,O9.7Iab,9,Cygnus OB2,K,6.3,28315,-5.73,29.1,4.9,2MASS J20345605+4038180
0.019758,307.8420838424766,41.2008019686769,0.001,0.001,0,2067826332670106112,307.84206406147,0.0186,41.20078272722,0.0229,0.6151,0.0254,-3.457,0.040,-4.469,0.044,0,2.22667e+05,1.25316e+02,12.319223,5.36749e+04,1.38720e+02,13.526959,2.62666e+05,4.12898e+02,11.213408,2.313551,,,0,4137.32,1.8363,0.8885,11.62,35.642,307.8420875,41.20079722,J20312210+4112029,,o,20 31 22.101,+41 12 02.87,14.42,9.397,8.928,8.629,B2V,10,Cygnus OB2,K,5.2,22608,-3.42,11.1,15.5,2MASS J20312210+4112029
0.018332,307.5328235503866,41.3973397746463,0.002,0.002,0,2068008164405551104,307.53280691689,0.0466,41.39732158710,0.0600,0.5377,0.0616,-2.898,0.105,-4.224,0.111,0,1.31017e+05,4.57433e+01,12.895045,2.09766e+04,8.89604e+01,14.547049,1.78574e+05,2.68380e+02,11.632375,2.914674,,,0,4268.42,2.5447,1.2800,9.24,25.535,307.53282083,41.39734444,J20300788+4123504,,,20 30 07.877,+41 23 50.44,15.64,9.397,8.739,8.365,O8V,10,Cygnus OB2,K,7.3,34877,-4.09,21.9,2.2,2MASS J20300788+4123504
0.010724,307.9062729233805,41.2224997565404,0.001,0.001,90,2067826062091598976,307.90625934801,0.0278,41.22248322073,0.0308,0.6834,0.0360,-2.372,0.059,-3.841,0.058,0,3.28326e+06,1.09933e+04,9.397602,8.27101e+05,8.14589e+03,10.557491,3.65527e+06,3.45548e+04,8.354620,2.202871,,,0,3727.00,,,56.60,556.789,307.906275,41.22249722,VI Cyg 3,,,20 31 37.506,+41 13 20.99,11.633,6.498,6.001,5.748,O9:,2,Cygnus OB2,K,5.6,32882,-6.52,53.3,2.8,2MASS J20313749+4113210
0.017133,307.7129771278545,41.3393788244830,0.001,0.001,0,2067842756625081856,307.71296046896,0.0310,41.33936126809,0.0402,0.4823,0.0402,-2.905,0.066,-4.078,0.076,0,1.11242e+05,4.49066e+01,13.072689,1.97033e+04,7.75575e+01,14.615042,1.46171e+05,2.01306e+02,11.849765,2.765277,,,0,4070.90,2.5695,1.2727,11.04,30.155,307.71297917,41.33938333,J20305111+4120218,,,20 30 51.115,+41 20 21.78,15.29,9.794,9.193,8.889,B0V,11,Cygnus OB2,K,6.3,30110,-3.44,15.4,4.5,2MASS J20305112+4120218
0.006926,308.6863191759662,40.8629808913407,0.001,0.001,90,2064757703093913984,308.68630473374,0.0352,40.86296304647,0.0360,0.7001,0.0434,-2.537,0.075,-4.145,0.074,0,1.88351e+06,2.65921e+03,10.000945,3.34084e+05,1.02804e+03,11.541749,2.38911e+06,7.78964e+03,8.816329,2.725420,,,0,3676.93,1.4380,0.6630,43.75,315.245,308.68631667,40.86298056,J20344471+4051465,,,20 34 44.716,+40 51 46.73,13.815,6.683,6.062,5.731,B0Ia,10,Cygnus OB2,K,6.4,25094,-6.48,36.0,4.5,2MASS J20344471+4051465
0.402895,308.6837939488806,40.8663039536190,0.001,0.001,90,2064757698797394688,308.68378006864,0.0287,40.86628727075,0.0293,0.5678,0.0358,-2.438,0.061,-3.875,0.060,0,3.91199e+05,1.93817e+02,11.707370,7.00871e+04,1.76790e+02,13.237293,5.09502e+05,1.06190e+03,10.494055,2.743238,,,0,4039.58,2.0050,1.0240,18.04,78.068,308.68394167,40.86629722,J20344410+4051584,,,20 34 44.146,+40 51 58.67,14.74,8.404,7.796,7.448,O6.5III(f),10,Cygnus OB2,K,6.9,37134,-4.98,31.3,2.8,2MASS J20344410+4051584
0.052988,307.8263723136511,41.3560285666128,0.001,0.001,0,2067840149584105344,307.82635861061,0.0280,41.35601075692,0.0345,0.5979,0.0367,-2.389,0.060,-4.136,0.065,0,3.74349e+05,1.25918e+02,11.755176,7.45066e+04,2.25560e+02,13.170900,4.71619e+05,6.63054e+02,10.577941,2.592959,,,0,3660.00,2.3913,1.1760,23.19,86.934,307.82637083,41.35601389,J20311833+4121216,,o,20 31 18.329,+41 21 21.65,14.13,8.607,8.046,7.746,O9V,11,Cygnus OB2,K,6.3,32882,-4.6,23.0,4.5,2MASS J20311833+4121216
0.034258,307.9391685332487,41.3074198316111,0.002,0.002,90,2067828639068547200,307.93915208187,0.0578,41.30740169399,0.0596,0.4530,0.0729,-2.870,0.131,-4.213,0.113,0,6.51521e+05,9.55123e+02,11.153544,1.43242e+05,6.36522e+02,12.461209,8.19386e+05,3.29040e+03,9.978198,2.483011,,,0,3739.42,,,37.62,249.320,307.93917917,41.307425,J20314540+4118267,,o,20 31 45.403,+41 18 26.73,13.62,8.065,7.552,7.259,O8I,11,Cygnus OB2,K,6.0,33179,-5.04,26.0,4.5,2MASS J20314540+4118267
0.030762,308.1313899688689,41.2356082189515,0.002,0.002,0,2067829596846026880,308.13137643859,0.0449,41.23559355005,0.0573,0.7364,0.0583,-2.363,0.100,-3.407,0.110,0,5.08757e+05,5.75364e+02,11.422091,7.73834e+04,3.28467e+02,13.129769,6.94564e+05,1.57232e+03,10.157640,2.972130,,,0,3737.95,2.2330,1.1345,20.48,73.748,308.13137917,41.23560556,J20323154+4114082,,o,20 32 31.531,+41 14 08.18,14.72,7.817,7.094,6.664,O7.5Ib-II(f),10,Cygnus OB2,K,8.0,34084,-5.86,37.0,3.5,2MASS J20323154+4114082
0.042754,308.0286384589842,41.2991570161938,0.001,0.001,90,2067828020596671104,308.02862500197,0.0292,41.29913909736,0.0329,0.5758,0.0384,-2.348,0.067,-4.162,0.063,1,1.44078e+05,4.22268e+01,12.791874,2.92811e+04,1.03002e+02,14.184920,1.81390e+05,3.44751e+02,11.615386,2.569534,,,0,4078.07,2.2390,1.1260,10.46,27.281,308.02865417,41.29915833,J20320689+4117570,,o,20 32 06.877,+41 17 56.97,15.13,9.624,9.07,8.786,B3V,11,Cygnus OB2,K,5.5,19262,-3.19,8.6,27.5,2MASS J20320689+4117570
0.015631,307.8890699963819,41.3802811490561,0.001,0.001,0,2067840974218090112,307.88905592741,0.0283,41.38026419639,0.0335,0.5740,0.0389,-2.452,0.060,-3.937,0.064,0,1.49968e+05,4.71817e+01,12.748369,3.32822e+04,8.06663e+01,14.045857,1.83276e+05,3.32624e+02,11.604154,2.441704,,,0,3410.00,2.0123,0.9980,19.39,45.824,307.889075,41.38028333,J20313338+4122490,,o,20 31 33.378,+41 22 49.02,14.97,9.744,9.222,8.939,B1V,11,Cygnus OB2,K,5.5,25953,-3.22,12.3,10.0,2MASS J20313337+4122490
0.323280,308.3478963230342,41.1535349698472,0.026,0.024,0,2067778538274037504,308.34785365403,0.7131,41.15349853148,0.7848,0.2783,0.8396,-7.462,1.575,-8.463,1.661,0,9.04918e+05,1.32106e+04,10.796843,2.20722e+05,1.35960e+03,11.991776,1.69515e+06,5.51933e+03,9.188898,2.802877,,,0,3567.14,,,,,308.34779583,41.15358333,J20332346+4109130,,,20 33 23.471,+41 09 12.90,13.5,7.025,6.38,6.05,O5.5V,11,Cygnus OB2,K,7.0,39865,-6.4,68.6,2.0,2MASS J20332346+4109130
0.369676,308.3477017174470,41.1536576494630,0.001,0.001,0,2067778542573330304,308.34770171745,1.1583,41.15365764946,1.3415,,,,,,,0,8.27224e+05,1.78203e+04,10.894308,2.18607e+05,1.27741e+03,12.002226,1.70512e+06,9.43018e+03,9.182535,2.819691,,,0,3900.87,,,,,308.34779583,41.15358333,J20332346+4109130,,,20 33 23.471,+41 09 12.90,13.5,7.025,6.38,6.05,O5.5V,11,Cygnus OB2,K,7.0,39865,-6.4,68.6,2.0,2MASS J20332346+4109130
0.759261,308.2868475284677,41.2214519218769,0.012,0.012,0,2067781909827712384,308.28682103441,0.3225,41.22148794770,0.4282,-0.6093,0.4012,-4.628,0.776,8.367,0.797,0,5.96219e+05,1.13289e+03,11.249851,1.51050e+05,1.46069e+04,12.403590,9.60879e+05,1.08099e+05,9.805248,2.598342,,,0,3522.33,,,,,308.28674167,41.22164722,J20330879+4113179,d,,20 33 08.818,+41 13 17.93,13.29,7.11,6.54,6.225,O4III,11,Cygnus OB2,K,6.4,42422,-6.17,62.3,1.5,2MASS J20330879+4113182
0.971873,308.2865235521951,41.2218616148486,0.002,0.001,0,2067781905528395264,308.28650818427,0.0454,41.22184180672,0.0678,0.6231,0.0667,-2.685,0.095,-4.601,0.107,0,8.80811e+05,9.46840e+02,10.826160,1.93900e+05,6.22996e+03,12.132442,1.29806e+06,3.27933e+04,9.478683,2.653760,,,0,3823.93,,,29.54,168.152,308.28674167,41.22164722,J20330879+4113179,d,,20 33 08.818,+41 13 17.93,13.29,7.11,6.54,6.225,O4III,11,Cygnus OB2,K,6.4,42422,-6.17,62.3,1.5,2MASS J20330879+4113182
0.015977,308.3614821356400,41.1831765661853,0.001,0.001,0,2067780054401820544,308.36146714341,0.0217,41.18315650659,0.0280,0.5483,0.0297,-2.621,0.046,-4.659,0.055,0,3.13325e+05,7.37908e+01,11.948379,6.96646e+04,2.19075e+02,13.243857,3.78041e+05,4.02063e+02,10.818072,2.425785,,,0,3368.00,1.6720,0.7810,30.63,108.770,308.36148333,41.18317222,J20332674+4110595,,,20 33 26.756,+41 10 59.42,14.24,8.971,8.434,8.165,O8.5V,11,Cygnus OB2,K,6.0,33879,-4.14,21.2,3.2,2MASS J20332674+4110595
0.029854,308.3070443415114,41.2182690342180,0.001,0.001,0,2067781871173898624,308.30702899501,0.0215,41.21825013465,0.0365,0.5854,0.0307,-2.681,0.045,-4.390,0.063,0,3.28195e+05,8.99094e+01,11.898035,7.78484e+04,1.92212e+02,13.123263,3.85339e+05,5.26395e+02,10.797312,2.325952,,,0,3782.71,1.6420,0.8030,19.89,73.001,308.30703333,41.21826944,J20331369+4113057,,,20 33 13.688,+41 13 05.77,14.06,9.034,8.559,8.28,O8V,11,Cygnus OB2,K,5.7,34877,-4.0,21.4,2.0,2MASS J20331369+4113057
0.024538,308.2484656178761,41.2540777972854,0.001,0.001,0,2067782936320586240,308.24844986349,0.0266,41.25405902690,0.0389,0.5446,0.0388,-2.751,0.055,-4.360,0.064,0,2.52848e+05,6.88486e+01,12.181216,4.85444e+04,1.70477e+02,13.636042,3.21875e+05,4.53132e+02,10.992703,2.643338,,,0,3964.66,2.3327,1.1630,16.07,57.455,308.24847083,41.25407222,J20325964+4115146,,,20 32 59.633,+41 15 14.66,14.94,9.047,8.451,8.144,B0V,11,Cygnus OB2,K,6.3,30110,-4.19,18.1,6.3,2MASS J20325964+4115146
0.031185,308.3052562219658,41.2246269148049,0.001,0.001,0,2067781939888133248,308.30524045700,0.0349,41.22460658523,0.0436,0.5694,0.0445,-2.754,0.072,-4.722,0.078,0,2.37914e+05,9.15163e+01,12.247316,4.31514e+04,1.56160e+02,13.763902,3.09108e+05,5.61962e+02,11.036643,2.727259,,,0,3874.96,2.1530,1.1202,16.08,52.533,308.30526667,41.22463056,J20331326+4113287,,,20 33 13.264,+41 13 28.67,15.02,8.982,8.346,8.009,O6V,11,Cygnus OB2,K,7.0,38867,-4.43,29.8,1.0,2MASS J20331326+4113287
0.446430,308.3564160311251,41.5573823114886,0.001,0.001,0,2067928110513529216,308.35640430943,0.0339,41.55736709234,0.0417,0.4627,0.0430,-2.037,0.077,-3.535,0.087,0,6.05284e+05,7.26097e+02,11.233468,2.00285e+05,5.39362e+03,12.097268,8.18143e+05,2.38037e+04,9.979848,2.117420,,,0,3955.78,,,29.48,191.699,308.3565375,41.55746667,J20332557+4133269,,,20 33 25.569,+41 33 26.88,12.84,8.168,7.748,7.523,O8.5V,12,Cygnus OB2,K,5.0,33879,-4.68,24.4,3.9,2MASS J20332556+4133269
0.979926,308.3568072474848,41.5576492916257,0.001,0.001,0,2067928110510738432,308.35679257203,0.0318,41.55763288834,0.0375,0.6352,0.0406,-2.551,0.064,-3.810,0.073,0,3.47578e+05,3.18948e+02,11.835735,1.90533e+05,1.86650e+04,12.151461,6.81595e+05,5.44093e+04,10.178104,1.973356,,,0,5000.00,,,8.17,37.565,308.3565375,41.55746667,J20332557+4133269,,,20 33 25.569,+41 33 26.88,12.84,8.168,7.748,7.523,O8.5V,12,Cygnus OB2,K,5.0,33879,-4.68,24.4,3.9,2MASS J20332556+4133269
0.019012,308.2947361473102,41.2522839409620,0.001,0.001,0,2067783623515353728,308.29471873298,0.0220,41.25226387985,0.0335,0.6012,0.0326,-3.041,0.045,-4.659,0.057,0,2.70974e+06,2.59475e+03,9.606046,5.40536e+05,7.59565e+02,11.019327,3.32263e+06,3.81843e+03,8.458216,2.561112,,,0,3893.23,,,50.61,530.223,308.29472917,41.25228333,VI Cyg 9,,,20 33 10.735,+41 15 08.22,12.512,6.468,5.897,5.57,O5If,11,Cygnus OB2,K,6.5,38612,-6.82,83.6,2.0,2MASS J20331074+4115081
0.079571,307.7939420737629,41.5315162294027,0.002,0.002,90,2067846574853004672,307.79392422714,0.0523,41.53149752974,0.0576,0.5487,0.0656,-3.103,0.116,-4.343,0.106,0,1.25358e+06,1.11671e+03,10.442987,3.91077e+05,1.65901e+03,11.370731,1.35422e+06,6.41075e+03,9.432699,1.938032,,,0,3844.25,,,39.33,304.390,307.79392917,41.53153611,VI Cyg 1,,,20 31 10.543,+41 31 53.53,12.486,7.968,7.556,7.365,O9V,2,Cygnus OB2,K,4.8,32882,-4.81,24.5,4.5,2MASS J20311055+4131535
0.017015,308.5181176490773,41.1355346341465,0.001,0.001,0,2067766684167207424,308.51810578082,0.0220,41.13551515889,0.0279,0.5942,0.0301,-2.076,0.046,-4.523,0.057,0,1.67837e+05,5.09161e+01,12.626149,3.92918e+04,7.47213e+01,13.865634,1.99971e+05,2.32429e+02,11.509503,2.356131,,,0,3656.35,2.0085,0.9697,15.68,39.579,308.51812083,41.13553056,J20340435+4108078,,o,20 34 04.349,+41 08 07.91,14.85,9.685,9.163,8.887,B1V,11,Cygnus OB2,K,5.5,25953,-3.26,12.5,10.0,2MASS J20340435+4108078
0.015259,308.5250652210799,41.1358690934967,0.001,0.001,0,2067766787246422400,308.52505459863,0.0314,41.13584984126,0.0380,0.4692,0.0423,-1.858,0.066,-4.471,0.075,0,2.51606e+05,2.88871e+02,12.186562,4.91836e+04,3.43721e+02,13.621839,3.18065e+05,1.02662e+03,11.005631,2.616208,,,0,3684.85,2.1435,1.1003,23.69,93.234,308.52507083,41.13586944,J20340601+4108090,,o,20 34 06.017,+41 08 09.13,14.84,9.047,8.494,8.154,O9.5V,11,Cygnus OB2,K,6.5,31884,-4.2,19.6,4.9,2MASS J20340601+4108090
0.082703,307.6658315608041,41.6140794476534,0.011,0.010,90,2068035342958597760,307.66584137222,0.3341,41.61404409798,0.3213,2.0941,0.3711,1.704,0.724,-8.210,0.624,0,3.12335e+05,1.09569e+02,11.951814,7.67161e+04,1.43315e+02,13.139172,3.65293e+05,3.46162e+02,10.855316,2.283855,,,0,3702.91,2.1923,1.0800,5.82,5.737,307.66585417,41.61406389,J20303980+4136506,,o,20 30 39.805,+41 36 50.63,14.1,9.098,8.574,8.313,O6V,11,Cygnus OB2,K,5.9,38867,-4.0,26.3,0.0,2MASS J20303981+4136507
0.038226,307.8417786348522,41.5245452962009,0.001,0.001,0,2067845887660714880,307.84176402383,0.0216,41.52452524450,0.0298,0.5532,0.0301,-2.541,0.047,-4.657,0.054,0,1.72025e+06,7.81542e+02,10.099385,6.31225e+05,6.60240e+02,10.850927,1.57416e+06,1.45192e+03,9.269300,1.581627,,,0,4365.00,0.8390,0.3880,30.39,302.135,307.841775,41.52455556,VI Cyg 2,,,20 31 22.026,+41 31 28.40,11.711,8.075,7.75,7.628,B1Ib:,2,Cygnus OB2,K,3.2,19979,-4.08,11.3,17.8,2MASS J20312203+4131284
0.003291,308.2621385236515,41.2953217256481,0.001,0.001,0,2067784516868550016,308.26212278289,0.0291,41.29530272674,0.0408,0.6066,0.0408,-2.747,0.064,-4.413,0.069,0,3.69619e+05,1.69281e+02,11.768980,7.65352e+04,2.33995e+02,13.141735,4.55494e+05,6.69815e+02,10.615714,2.526021,,,0,3516.00,2.0220,0.9850,25.96,92.809,308.2621375,41.29532222,J20330292+4117431,,,20 33 02.913,+41 17 43.16,14.5,8.718,8.165,7.873,O8V,11,Cygnus OB2,K,6.2,34877,-4.46,24.0,3.2,2MASS J20330292+4117431
0.009890,307.9569068941730,41.4740303079572,0.001,0.001,90,2067847502568383744,307.95688909863,0.0230,41.47401231958,0.0249,0.5949,0.0318,-3.097,0.051,-4.178,0.041,0,7.13054e+05,3.38655e+02,11.055559,2.73380e+05,4.30230e+02,11.759472,6.43066e+05,6.27394e+02,10.241282,1.518190,,,0,4442.62,0.3420,0.1590,17.26,104.599,307.95690833,41.47402778,J20314965+4128265,,,20 31 49.658,+41 28 26.50,12.567,9.074,8.768,8.634,O9III,11,Cygnus OB2,K,3.8,31846,-3.42,16.7,2.0,2MASS J20314965+4128265
0.018696,308.3228394389757,41.2859285833531,0.001,0.001,0,2067783799613328128,308.32282809174,0.0296,41.28591213825,0.0392,0.5413,0.0408,-1.980,0.062,-3.820,0.071,0,7.55194e+05,5.00286e+02,10.993220,2.02010e+05,3.88252e+02,12.087955,8.31974e+05,9.68270e+02,9.961646,2.126308,,,0,3989.33,0.9075,0.4450,27.36,170.783,308.32284583,41.28593056,J20331748+4117093,,,20 33 17.483,+41 17 09.35,13.09,8.354,7.889,7.649,O7V,11,Cygnus OB2,K,5.4,36872,-4.61,28.1,2.5,2MASS J20331748+4117093
0.009039,308.0690091515893,41.4265749682416,0.001,0.001,0,2067835614098871040,308.06899582471,0.0208,41.42655467940,0.0265,0.5786,0.0291,-2.321,0.044,-4.712,0.055,0,8.15283e+05,3.16873e+02,10.910094,2.83706e+05,4.88551e+02,11.719218,7.84876e+05,7.08378e+02,10.024917,1.694302,,,0,4150.73,0.7005,0.3483,23.39,146.314,308.0690125,41.426575,LS III +41 30,,,20 32 16.563,+41 25 35.67,12.249,8.714,8.389,8.185,O9V,11,Cygnus OB2,K,4.3,32882,-3.94,19.3,3.5,2MASS J20321656+4125357
0.012496,308.3782927051146,41.2563030046628,0.001,0.001,0,2067780947755025920,308.37827816589,0.0280,41.25628570290,0.0377,0.7027,0.0382,-2.539,0.058,-4.018,0.069,0,2.55786e+06,3.98241e+03,9.668673,5.13356e+05,2.01416e+03,11.075341,3.14783e+06,1.51976e+04,8.516892,2.558449,,,0,3848.33,0.9930,0.5457,43.72,377.622,308.37829583,41.25630556,J20333078+4115226,,,20 33 30.791,+41 15 22.70,12.645,6.493,5.891,5.542,B1I,11,Cygnus OB2,K,6.1,19979,-6.49,25.8,6.3,2MASS J20333078+4115226
0.011077,308.3375686659064,41.2944776866989,0.001,0.001,0,2067784173274044928,308.33755385145,0.0206,41.29445814514,0.0276,0.5915,0.0279,-2.585,0.045,-4.539,0.050,0,3.31953e+05,8.89733e+01,11.885675,9.48191e+04,1.86431e+02,12.909149,3.58880e+05,3.29034e+02,10.874546,2.034603,,,0,3695.00,1.2625,0.6120,21.39,76.844,308.33756667,41.294475,J20332101+4117401,,,20 33 21.016,+41 17 40.11,13.63,9.301,8.899,8.672,O9V,11,Cygnus OB2,K,4.9,32882,-3.52,17.8,1.4,2MASS J20332101+4117401
0.004482,308.0575920060796,41.4533348907635,0.001,0.001,90,2067835682818357376,308.05757788467,0.0237,41.45331711798,0.0300,0.6700,0.0361,-2.458,0.052,-4.128,0.051,0,2.54248e+06,1.43636e+03,9.675221,9.08834e+05,1.05971e+03,10.455177,2.36171e+06,2.79050e+03,8.828856,1.626322,,,0,4253.37,0.5403,0.2545,33.03,321.600,308.05759167,41.45333611,VI Cyg 4,,,20 32 13.822,+41 27 12.01,11.231,7.582,7.248,7.105,O7IIIf,11,Cygnus OB2,K,4.0,36077,-5.0,30.9,3.2,2MASS J20321383+4127120
0.002900,308.3249256495896,41.3086645309535,0.001,0.001,0,2067784246289931776,308.32491024729,0.0221,41.30864632262,0.0291,0.5544,0.0306,-2.687,0.046,-4.229,0.053,0,3.04486e+06,1.74291e+03,9.479446,9.80606e+05,1.32668e+03,10.372652,3.02135e+06,3.51945e+03,8.561418,1.811235,,,0,4097.05,1.0880,0.5520,49.21,614.649,308.324925,41.30866389,VI Cyg 8C,,,20 33 17.982,+41 18 31.19,11.059,7.165,6.792,6.579,O5III,11,Cygnus OB2,K,4.7,40307,-5.62,47.6,2.0,2MASS J20331798+4118311
0.015306,308.4041418136965,41.2698125804329,0.001,0.001,0,2067781016474500864,308.40412807659,0.0226,41.26979461781,0.0313,0.6197,0.0314,-2.398,0.050,-4.172,0.056,0,4.90780e+05,3.67456e+02,11.461149,1.23871e+05,2.92915e+02,12.618966,5.59680e+05,6.66466e+02,10.392070,2.226896,,,0,3834.08,1.7925,0.8790,21.98,94.076,308.40414167,41.26980833,J20333700+4116113,,,20 33 36.994,+41 16 11.31,13.53,8.683,8.168,7.929,B0V,11,Cygnus OB2,K,5.4,30110,-4.3,18.7,6.3,2MASS J20333700+4116113
0.028095,309.0187482590119,40.9369549125915,0.001,0.001,0,2064838375463800448,309.01877543398,0.0294,40.93696571500,0.0383,0.5572,0.0405,4.768,0.066,2.509,0.074,0,4.13493e+05,2.50463e+02,11.647197,8.58310e+04,3.46579e+02,13.017278,5.09860e+05,8.95379e+02,10.493293,2.523985,,,0,3451.00,,,31.84,129.578,309.01875,40.93694722,J20360451+4056129,,,20 36 04.500,+40 56 13.01,13.95,8.568,7.968,7.685,O5V((f)),9,Cygnus OB2,K,6.4,40862,-4.72,34.8,1.0,2MASS J20360451+4056129
0.021951,308.1607062331648,41.4204933348961,0.001,0.001,0,2067833204620693632,308.16069402794,0.0234,41.42047599744,0.0282,0.6315,0.0346,-2.126,0.052,-4.027,0.052,0,1.43784e+06,7.36248e+02,10.294091,5.18450e+05,5.58421e+02,11.064622,1.33457e+06,1.83594e+03,9.448565,1.616057,,,0,4361.30,0.5485,0.2942,24.40,194.094,308.1607125,41.42049722,VI Cyg 16,,,20 32 38.571,+41 25 13.79,11.857,8.194,7.918,7.716,O8V(n),9,Cygnus OB2,K,4.0,34877,-4.38,23.5,3.2,2MASS J20323857+4125137
0.008133,308.3087899127462,41.3394176060113,0.001,0.001,0,2067785070923663104,308.30877429051,0.0235,41.33939849678,0.0285,0.6248,0.0298,-2.724,0.051,-4.438,0.052,0,2.39401e+06,1.14574e+03,9.740549,6.92543e+05,8.29413e+02,10.750272,2.51500e+06,3.87801e+03,8.760574,1.989698,,,0,4159.06,,,36.89,366.786,308.30879167,41.33941944,VI Cyg 7,,,20 33 14.110,+41 20 21.91,11.857,7.248,6.818,6.611,O3If,11,Cygnus OB2,K,5.0,42233,-5.63,48.3,1.5,2MASS J20331411+4120218
0.016235,308.2084006194425,41.3957455142382,0.001,0.001,0,2067832968398974208,308.20838216538,0.0260,41.39572363492,0.0341,0.6902,0.0373,-3.215,0.057,-5.082,0.061,0,7.97354e+05,4.03337e+02,10.934238,2.57337e+05,5.20151e+02,11.825133,8.02735e+05,7.66799e+02,10.000489,1.824644,,,0,3904.75,0.8280,0.4125,23.68,117.441,308.2084,41.39575,J20325002+4123446,,,20 32 50.016,+41 23 44.70,12.427,8.579,8.188,7.982,O8V,11,Cygnus OB2,K,4.7,34877,-4.19,22.5,2.5,2MASS J20325002+4123446
0.030006,308.1893730610620,41.4270945728597,0.001,0.001,0,2067833243277076864,308.18935729487,0.0261,41.42707809848,0.0351,0.6437,0.0350,-2.746,0.056,-3.826,0.063,1,1.68224e+06,6.28715e+02,10.123648,5.85193e+05,6.12520e+02,10.933141,1.60051e+06,1.47582e+03,9.251275,1.681866,,,0,4230.71,0.3770,0.1990,28.43,233.317,308.189375,41.42710278,VI Cyg 6,,,20 32 45.450,+41 25 37.57,11.67,7.953,7.617,7.421,O8V,11,Cygnus OB2,K,4.4,34877,-4.71,26.0,3.5,2MASS J20324545+4125374
0.024156,308.2937668473115,41.3729020424201,0.009,0.007,0,2067785375864885888,308.29374640735,0.2209,41.37287656690,0.2983,0.9426,0.2932,-3.563,0.479,-5.917,0.560,0,2.59701e+05,6.36953e+01,12.152181,7.19578e+04,1.60714e+02,13.208694,2.86174e+05,2.61227e+02,11.120346,2.088347,,,0,3958.74,1.7440,0.8580,,,308.29375833,41.3729,V2186 Cyg,e,,20 33 10.502,+41 22 22.44,13.91,9.537,9.113,8.897,B0V,11,Cygnus OB2,K,4.7,30110,-3.26,14.9,3.5,2MASS J20331050+4122224
0.015933,308.3251456485781,41.3601816863034,0.001,0.001,0,2067785208362826112,308.32512487042,0.0305,41.36016226415,0.0394,0.6075,0.0425,-3.622,0.068,-4.511,0.073,0,5.85852e+05,5.56139e+02,11.268895,1.66123e+05,3.72397e+02,12.300312,6.27681e+05,5.01555e+02,10.267573,2.032739,,,0,3919.50,1.3338,0.6842,22.78,110.298,308.32514583,41.36018611,J20331803+4121366,,,20 33 18.035,+41 21 36.67,12.698,8.744,8.315,8.113,O8V,11,Cygnus OB2,K,4.9,34877,-4.08,21.9,2.2,2MASS J20331803+4121366
0.013609,308.1155737529205,41.4811796669602,0.001,0.001,0,2067837263366481536,308.11556032395,0.0233,41.48116235820,0.0276,0.6164,0.0314,-2.337,0.051,-4.020,0.052,0,7.66167e+05,3.20816e+02,10.977557,3.14849e+05,6.08869e+02,11.606133,6.58407e+05,4.58575e+02,10.215684,1.390449,,,0,4462.80,0.4920,0.2223,17.04,103.808,308.115575,41.48118333,LS III +41 32,,,20 32 27.738,+41 28 52.26,11.986,9.191,8.895,8.766,B0Ib,11,Cygnus OB2,K,3.3,25094,-3.1,11.6,11.2,2MASS J20322774+4128522
0.028546,308.4129345985863,41.3238866339419,0.001,0.001,0,2067877910936163968,308.41291654876,0.0265,41.32386816549,0.0393,0.7923,0.0370,-3.148,0.060,-4.289,0.076,0,1.75377e+06,1.61970e+03,10.078437,4.47230e+05,1.40008e+03,11.225060,1.98519e+06,4.52728e+03,9.017415,2.207645,,,0,4129.32,,,25.48,170.026,308.412925,41.32388333,J20333910+4119258,g,,20 33 39.102,+41 19 25.98,12.858,7.23,6.745,6.482,B0Iab,11,Cygnus OB2,K,5.2,25094,-5.59,22.9,6.9,2MASS J20333910+4119258
0.023668,308.4980305039671,41.2931898276412,0.002,0.002,0,2067874028285659520,308.49802019078,0.0429,41.29316933272,0.0546,0.6927,0.0599,-1.800,0.098,-4.760,0.115,0,5.31960e+05,5.29170e+03,11.373668,1.41223e+05,4.21906e+03,12.476623,6.08664e+05,1.74461e+04,10.300976,2.175647,,,0,4024.81,1.6590,0.8005,17.45,72.028,308.49802917,41.29318333,J20335952+4117354,,,20 33 59.527,+41 17 35.46,13.18,8.534,8.14,7.889,O9.5V,11,Cygnus OB2,K,5.0,31884,-4.3,20.1,4.9,2MASS J20335952+4117354
0.011199,308.4492991464313,41.3448268649787,0.001,0.001,0,2067875127797303040,308.44928262079,0.0253,41.34480687107,0.0329,0.6530,0.0376,-2.882,0.056,-4.644,0.057,0,8.78995e+05,6.62005e+02,10.828400,2.20248e+05,4.64881e+02,11.994108,9.98441e+05,2.04785e+03,9.763614,2.230495,,,0,4076.24,1.2780,0.6837,22.82,129.550,308.44929583,41.344825,J20334783+4120415,,,20 33 47.831,+41 20 41.37,13.051,7.986,7.487,7.209,B1III,11,Cygnus OB2,K,5.2,21353,-4.77,14.1,12.3,2MASS J20334783+4120415
0.020118,308.5913842396558,41.2837942104542,0.002,0.002,90,2067862414694092544,308.59137253503,0.0463,41.28377471668,0.0492,0.6059,0.0592,-2.043,0.109,-4.528,0.099,0,5.28622e+05,4.31654e+02,11.380503,1.21023e+05,2.99107e+02,12.644218,6.28730e+05,4.03043e+02,10.265760,2.378458,,,0,3809.08,1.7110,0.8410,23.84,107.808,308.59139167,41.28379444,J20342193+4117016,h,,20 34 21.934,+41 17 01.66,13.66,8.388,7.878,7.602,O8III + O8III,14,Cygnus OB2,K,5.9,33961,-4.7,24.8,3.9,2MASS J20342193+4117016
0.004739,308.4202642412898,41.5052640699323,0.001,0.001,0,2067881548771533312,308.42025169696,0.0211,41.50524711979,0.0283,0.5474,0.0295,-2.182,0.045,-3.937,0.052,0,3.17281e+05,6.90824e+01,11.934755,8.94277e+04,1.75956e+02,12.972708,3.47680e+05,2.78544e+02,10.908969,2.063739,,,0,3958.56,1.0975,0.5630,18.00,71.646,308.4202625,41.50526389,J20334086+4130189,,,20 33 40.863,+41 30 18.95,13.68,9.263,8.866,8.614,O7V,11,Cygnus OB2,K,5.1,36872,-3.61,21.4,0.0,2MASS J20334086+4130189
0.048431,308.4421239360730,41.5502663098804,0.013,0.012,90,2067928660269306496,308.44213092236,0.3925,41.55026001627,0.4050,0.5903,0.4498,1.214,0.858,-1.462,0.771,0,4.46795e+06,4.23534e+03,9.063095,1.22282e+06,3.67616e+03,10.132986,4.86712e+06,1.48412e+04,8.043739,2.089247,94.47,19.60,2,4128.46,,,,,308.44213333,41.55027778,VI Cyg 10,,,20 33 46.112,+41 33 01.00,11.197,6.294,5.839,5.582,O9.5Ia,2,Cygnus OB2,K,5.4,30463,-6.64,49.4,3.2,2MASS J20334610+4133010
0.017578,308.3763231995123,41.5994111172868,0.002,0.001,90,2067929794140714752,308.37630407558,0.0416,41.59939737669,0.0471,0.8751,0.0536,-3.322,0.102,-3.191,0.093,0,5.18520e+05,3.06721e+02,11.401452,1.13563e+05,4.30862e+02,12.713296,6.30564e+05,7.90754e+02,10.262598,2.450698,,,0,3723.71,2.1242,1.0328,17.62,53.752,308.37631667,41.59941111,J20333030+4135578,,,20 33 30.316,+41 35 57.88,13.79,8.385,7.839,7.568,O8V,12,Cygnus OB2,K,6.0,34877,-4.75,26.0,3.5,2MASS J20333030+4135578
0.026617,308.6233275946573,41.5293100788917,0.001,0.001,90,2067883820810670336,308.62331400732,0.0277,41.52929232162,0.0310,0.6131,0.0356,-2.362,0.063,-4.124,0.059,0,9.06305e+05,4.42273e+02,10.795179,1.69016e+05,2.08423e+02,12.281571,1.14726e+06,1.04322e+03,9.612767,2.668804,,,0,3737.87,1.7777,0.8780,32.83,189.516,308.62332917,41.52930278,J20342959+4131455,,,20 34 29.599,+41 31 45.49,13.369,7.56,7.03,6.709,O7V,11,Cygnus OB2,K,6.2,36872,-5.65,41.3,2.8,2MASS J20342959+4131455
0.001936,308.5562956592750,41.5841272576121,0.001,0.001,0,2067887840900094848,308.55628141261,0.0245,41.58411023533,0.0289,0.5971,0.0328,-2.475,0.054,-3.954,0.057,0,6.67860e+05,5.05799e+02,11.126652,1.92406e+05,5.04716e+02,12.140840,7.13076e+05,7.54733e+02,10.129080,2.011760,,,0,4083.41,0.9705,0.4942,21.63,117.196,308.55629583,41.58412778,J20341350+4135027,,,20 34 13.511,+41 35 02.86,13.562,8.55,8.148,7.921,O7V,11,Cygnus OB2,K,4.9,36872,-4.29,25.4,1.8,2MASS J20341350+4135027
0.019598,308.5354782666359,41.6165020852467,0.001,0.001,0,2067888218857234304,308.53546489572,0.0198,41.61648541789,0.0238,0.5810,0.0268,-2.322,0.041,-3.871,0.045,0,3.79137e+06,1.81182e+03,9.241376,1.07663e+06,1.46736e+03,10.271225,4.01000e+06,7.05511e+03,8.254060,2.017165,,,0,3990.72,,,57.05,743.709,308.535475,41.61649722,VI Cyg 11,,,20 34 08.514,+41 36 59.39,11.221,6.65,6.226,5.99,O5I,11,Cygnus OB2,K,5.1,38612,-6.24,59.0,2.2,2MASS J20340850+4136592
0.012699,308.7449182119448,41.6048223745561,0.002,0.001,90,2067885779315742592,308.74490688365,0.0557,41.60480319860,0.0467,1.0579,0.0665,-1.967,0.112,-4.454,0.083,0,1.34240e+06,1.11684e+04,10.368659,2.78399e+05,7.45346e+03,11.739718,1.67976e+06,3.92146e+04,9.198800,2.540917,,,0,3699.00,1.9770,0.9295,23.97,96.874,308.74492083,41.60481944,J20345878+4136174,,,20 34 58.781,+41 36 17.35,12.865,7.193,6.655,6.356,B0 Ib(n) sb2?,9,Cygnus OB2,K,5.7,25094,-5.78,24.7,6.3,2MASS J20345878+4136174
0.007784,307.6597069983080,40.1816221425221,0.001,0.001,0,2067342448773511680,307.65970671595,0.0210,40.18160565468,0.0238,0.6079,0.0282,-0.050,0.044,-3.829,0.047,0,1.75249e+05,6.61329e+01,12.579228,3.61376e+04,1.15297e+02,13.956490,2.17538e+05,3.13053e+02,11.418083,2.538406,,,0,3802.12,2.2260,1.1447,13.76,35.666,307.65970417,40.18162222,J20303833+4010538,,,20 30 38.329,+40 10 53.84,15.35,9.602,9.038,8.756,B1V,,Cygnus OB2,N,5.7,25953,-3.43,12.5,11.2,2MASS J20303832+4010537
0.040995,307.3946877241857,40.3439073986667,0.002,0.002,0,2067353851907821568,307.39467442554,0.0605,40.34389199424,0.0804,0.3634,0.0845,-2.354,0.136,-3.578,0.159,0,2.70060e+05,1.02423e+03,12.109714,7.19006e+04,8.24910e+02,13.209557,3.21544e+05,3.75849e+03,10.993820,2.215736,,,0,3746.67,1.5642,0.7740,,,307.3947,40.34391389,J20293473+4020381,,,20 29 34.728,+40 20 38.09,14.02,9.324,8.835,8.57,B1V,,Cygnus OB2,N,5.2,25953,-3.55,12.8,11.2,2MASS J20293472+4020381
0.015471,306.9159264655246,40.6773189898251,0.001,0.001,90,2067610042417228416,306.91590963454,0.0268,40.67729676867,0.0293,0.5242,0.0330,-2.965,0.055,-5.161,0.049,0,8.61942e+05,5.08674e+02,10.849670,3.48628e+05,5.56839e+02,11.495482,7.48165e+05,8.65266e+02,10.076926,1.418555,,,0,4642.10,0.2950,0.1710,18.99,150.919,306.91592083,40.67731944,J20273982+4040384,,,20 27 39.821,+40 40 38.35,11.97,8.963,8.691,8.578,B1V,,Cygnus OB2,N,3.0,25953,-3.3,12.5,10.0,2MASS J20273982+4040385
0.016105,307.0641283701497,40.7346052064593,0.001,0.001,90,2067424053152797568,307.06411634200,0.0254,40.73458751537,0.0280,0.4919,0.0343,-2.117,0.057,-4.109,0.048,0,1.07647e+06,5.01530e+02,10.608356,3.38328e+05,5.97168e+02,11.528042,1.09326e+06,1.53071e+03,9.665113,1.862928,,,0,3933.67,,,37.68,306.194,307.06413333,40.73460278,J20281539+4044046,,,20 28 15.392,+40 44 04.57,12.145,8.219,7.846,7.632,B1III,,Cygnus OB2,N,4.1,21353,-4.22,12.1,15.5,2MASS J20281539+4044046
0.006939,307.7694137551947,40.5158122152554,0.002,0.002,0,2067734012352626816,307.76939579741,0.0440,40.51579235943,0.0535,0.6530,0.0568,-3.171,0.097,-4.612,0.114,0,4.89935e+06,9.39015e+03,8.963018,7.22109e+05,3.10527e+03,10.704882,6.68414e+06,3.28664e+04,7.699306,3.005576,,,0,3695.35,,,74.41,930.290,307.7694125,40.51581389,BD+40 4210,,,20 31 04.659,+40 30 56.93,12.201,5.469,4.833,4.466,B1III:e,,Cygnus OB2,N,6.5,21353,-7.66,54.1,3.5,2MASS J20310464+4030568
0.023045,307.7791851405195,40.5982538102859,0.001,0.001,0,2067734901406331776,307.77916703919,0.0201,40.59823474538,0.0230,0.5352,0.0270,-3.192,0.041,-4.428,0.044,0,2.08801e+05,5.13430e+01,12.389033,4.98725e+04,1.19267e+02,13.606735,2.45106e+05,1.77469e+02,11.288535,2.318200,,,0,3644.90,1.8030,0.8880,19.62,61.180,307.77917917,40.59825833,J20310700+4035537,,,20 31 07.003,+40 35 53.73,14.41,9.609,9.182,8.928,B1III,,Cygnus OB2,N,4.7,21353,-2.98,9.5,20.0,2MASS J20310700+4035537
0.099596,307.3520548076522,40.8832813994464,0.001,0.001,0,2067429168454304896,307.35204202380,0.0197,40.88326540364,0.0263,0.5849,0.0268,-2.245,0.042,-3.715,0.048,0,3.37859e+05,8.55792e+01,11.866526,7.93703e+04,5.07218e+02,13.102243,4.06210e+05,4.93087e+02,10.740045,2.362199,,,0,3702.71,1.9760,0.9880,21.68,79.565,307.35202083,40.88329167,J20292449+4052599,,,20 29 24.485,+40 52 59.85,13.86,8.873,8.333,8.05,B0.2IV,,Cygnus OB2,N,5.7,27274,-4.14,15.6,8.7,2MASS J20292449+4052597
0.020120,307.6373610056706,40.7340006810539,0.001,0.001,0,2067786475373617280,307.63733976720,0.0322,40.73398454076,0.0409,0.7254,0.0433,-3.738,0.073,-3.749,0.079,0,4.81492e+05,5.11016e+02,11.481893,1.53562e+05,3.40483e+02,12.385678,4.86910e+05,8.89183e+02,10.543300,1.842379,,,0,3899.27,0.9607,0.4730,17.59,64.455,307.63735417,40.73400278,J20303297+4044024,,,20 30 32.965,+40 44 02.41,13.19,9.19,8.808,8.634,B1V,,Cygnus OB2,N,4.0,25953,-3.36,12.7,10.0,2MASS J20303296+4044024
0.018060,307.1155188406827,41.0671681907035,0.001,0.001,90,2067625195062093312,307.11550392825,0.0206,41.06714807106,0.0242,0.5473,0.0270,-2.611,0.046,-4.673,0.043,0,2.62923e+05,3.86972e+02,12.138793,6.27648e+04,2.95391e+02,13.357098,3.09061e+05,1.68139e+03,11.036811,2.320287,,,0,3804.89,1.7728,0.8702,18.68,65.891,307.1155125,41.06716667,J20282772+4104018,,,20 28 27.723,+41 04 01.80,14.22,9.364,8.867,8.636,B0.5V,,Cygnus OB2,N,5.2,28032,-3.53,14.2,7.9,2MASS J20282772+4104018
0.018994,308.4934073215719,40.3280963673959,0.002,0.002,0,2064705991687575424,308.49339403643,0.0679,40.32807490479,0.0790,0.6582,0.0923,-2.352,0.149,-4.985,0.152,0,3.75395e+05,1.85199e+02,11.752144,4.29774e+04,2.25993e+02,13.768289,5.47678e+05,1.49191e+03,10.415607,3.352681,,,0,3810.18,2.4823,1.3210,18.48,64.827,308.49340417,40.32809167,J20335842+4019411,,,20 33 58.417,+40 19 41.13,15.48,7.96,7.274,6.928,O9:,,Cygnus OB2,N,7.3,32882,-5.53,32.0,3.9,2MASS J20335842+4019411
0.016173,307.9535352755516,40.6333514630539,0.001,0.001,0,2067735760399789568,307.95351839389,0.0185,40.63332802311,0.0239,0.5962,0.0253,-2.976,0.040,-5.444,0.052,0,2.39832e+05,4.70836e+02,12.238598,6.08610e+04,3.78772e+02,13.390540,2.75966e+05,2.04906e+03,11.159780,2.230761,,,0,3550.25,1.7730,0.8820,20.60,60.724,307.95353333,40.63334722,J20314885+4038001,,,20 31 48.848,+40 38 00.05,14.18,9.551,9.11,8.895,B1II,,Cygnus OB2,N,4.4,20666,-2.97,9.1,21.9,2MASS J20314884+4038001
0.051382,307.1266119255880,41.0914130211509,0.001,0.001,90,2067625637438421248,307.12659215521,0.0301,41.09139528780,0.0330,0.5401,0.0375,-3.461,0.064,-4.119,0.061,0,1.42796e+06,1.77145e+03,10.301576,2.65346e+05,7.80231e+02,11.791855,1.79565e+06,3.82332e+03,9.126366,2.665489,,,0,3512.72,,,57.49,453.436,307.12660417,41.0914,J20283039+4105290,,,20 28 30.385,+41 05 29.04,13.365,7.094,6.472,6.125,OC9.7Ia,,Cygnus OB2,N,6.7,28315,-6.2,34.2,4.5,2MASS J20283038+4105290
0.037313,306.8511746033929,41.2627174196548,0.001,0.001,0,2067642233192106624,306.85115764913,0.0214,41.26270162851,0.0262,0.3487,0.0275,-2.960,0.044,-3.668,0.049,0,5.00507e+05,2.25547e+02,11.439839,1.79448e+05,3.25306e+02,12.216542,4.73861e+05,2.87246e+02,10.572792,1.643750,,,0,4289.76,0.5070,0.2555,27.42,229.389,306.851175,41.26272778,J20272428+4115458,,,20 27 24.282,+41 15 45.82,12.624,9.365,9.027,8.83,O9.5V,,Cygnus OB2,N,4.4,31884,-3.29,16.3,1.1,2MASS J20272428+4115457
0.031531,307.5766407563897,40.8962665791443,0.001,0.001,0,2067793351620401024,307.57662367181,0.0247,40.89624883940,0.0295,0.5588,0.0310,-2.999,0.054,-4.120,0.060,1,2.41028e+05,7.74234e+01,12.233197,4.29772e+04,1.30972e+02,13.768294,3.16828e+05,3.39366e+02,11.009862,2.758432,,,0,4120.53,2.4730,1.2510,13.48,47.216,307.57662917,40.89626667,J20301839+4053466,,,20 30 18.391,+40 53 46.56,15.15,8.921,8.27,7.963,O9V,,Cygnus OB2,N,6.9,32882,-4.45,21.9,4.5,2MASS J20301838+4053466
0.004507,307.1940244877955,41.1185734109997,0.001,0.001,90,2067998101300361984,307.19400520148,0.0208,41.11855099368,0.0216,0.6135,0.0263,-3.375,0.043,-5.207,0.039,1,1.47868e+05,6.19072e+01,12.763683,3.09879e+04,7.96051e+01,14.123408,1.83847e+05,2.33038e+02,11.600779,2.522630,,,0,3666.49,2.2823,1.1287,14.12,32.471,307.194025,41.11857222,J20284657+4107069,,,20 28 46.566,+41 07 06.86,15.29,9.7,9.136,8.834,B2II,,Cygnus OB2,N,5.4,17804,-3.0,8.1,31.6,2MASS J20284656+4107068
0.008936,308.0653315273439,40.7713871653248,0.001,0.001,0,2067743976676134784,308.06531722803,0.0216,40.77136820116,0.0243,0.7211,0.0265,-2.515,0.045,-4.405,0.045,0,1.69944e+05,3.96115e+01,12.612602,3.57269e+04,1.06663e+02,13.968899,2.09152e+05,2.62734e+02,11.460763,2.508136,,,0,3418.67,2.3197,1.1690,16.29,32.656,308.06532917,40.77138889,J20321568+4046170,,,20 32 15.679,+40 46 17.00,15.11,9.609,9.117,8.826,B0.2IV,,Cygnus OB2,N,5.5,27274,-3.34,13.4,7.9,2MASS J20321568+4046170
0.009769,307.4191736538560,41.1662627963862,0.001,0.001,0,2067811768440282880,307.41915667272,0.0189,41.16624519998,0.0239,0.5321,0.0249,-2.969,0.038,-4.087,0.045,0,3.33263e+05,4.77800e+02,11.881399,9.89989e+04,3.84308e+02,12.862312,3.53749e+05,1.99786e+03,10.890183,1.972130,,,0,3822.00,,,21.32,87.356,307.41917083,41.16626111,J20294060+4109585,,,20 29 40.601,+41 09 58.54,13.54,9.406,8.991,8.776,B1[e],,Cygnus OB2,N,4.5,25953,-3.26,12.5,10.0,2MASS J20294060+4109585
0.026484,308.2970880887351,40.7093758516654,0.001,0.001,0,2067751604537938688,308.29707512553,0.0280,40.70935467083,0.0339,0.5132,0.0370,-2.282,0.060,-4.919,0.063,1,1.86694e+05,5.20324e+01,12.510541,2.86383e+04,1.07499e+02,14.209020,2.54582e+05,4.26676e+02,11.247353,2.961667,,,0,3753.15,2.4673,1.2450,17.56,55.136,308.29708333,40.70936944,J20331130+4042337,,,20 33 11.300,+40 42 33.73,15.66,9.084,8.435,8.105,B0:III:,,Cygnus OB2,N,6.6,26248,-4.16,15.9,8.7,2MASS J20331129+4042338
0.003058,308.1646119259029,40.8798492698975,0.001,0.001,0,2067768195993175936,308.16459584559,0.0348,40.87982871394,0.0368,0.5861,0.0412,-2.824,0.070,-4.774,0.076,0,2.76005e+05,8.33292e+01,12.086074,4.98699e+04,2.15944e+02,13.606792,3.58845e+05,4.64806e+02,10.874652,2.732141,,,0,4005.25,2.4580,1.2497,15.10,52.886,308.1646125,40.87985,J20323951+4052475,,,20 32 39.507,+40 52 47.46,15.05,8.884,8.289,8.004,B0:V:,,Cygnus OB2,N,6.1,30110,-4.31,18.8,6.3,2MASS J20323949+4052475
0.026312,307.3949989412741,41.3358187493333,0.001,0.001,90,2068007034832335104,307.39497867716,0.0279,41.33580104197,0.0299,0.5407,0.0352,-3.534,0.062,-4.113,0.059,0,1.53788e+05,4.09122e+01,12.721058,2.87028e+04,1.14011e+02,14.206575,1.99498e+05,2.55155e+02,11.512074,2.694502,,,0,3784.34,2.3583,1.1877,14.72,40.049,307.39499167,41.33581389,J20293480+4120089,,,20 29 34.798,+41 20 08.93,15.43,9.454,8.819,8.488,O9.5V,,Cygnus OB2,N,6.9,31884,-3.92,18.4,4.5,2MASS J20293480+4120089
0.015166,308.1627354679922,41.0021571863964,0.001,0.001,0,2067771533186357888,308.16271913488,0.0219,41.00213764390,0.0276,0.5548,0.0282,-2.863,0.048,-4.539,0.052,0,4.37241e+06,6.98449e+03,9.086564,9.03932e+05,3.62416e+03,10.461048,5.26661e+06,2.21425e+04,7.958093,2.502955,,,0,3768.23,1.7408,0.8680,77.59,1093.728,308.1627375,41.00216111,BD+40 4223,,,20 32 39.057,+41 00 07.78,12.208,6.035,5.487,5.157,B0Ia,,Cygnus OB2,N,6.0,25094,-7.0,48.3,3.5,2MASS J20323904+4100078
0.008206,308.4092393519387,40.8947735419952,0.001,0.001,90,2067754731274151424,308.40922762836,0.0245,40.89475388068,0.0249,0.6271,0.0294,-2.058,0.052,-4.566,0.046,0,7.66077e+05,5.74470e+02,10.977685,1.65937e+05,4.10822e+02,12.301532,9.21005e+05,1.20772e+03,9.851265,2.450267,,,0,3780.89,,,28.42,148.681,308.40924167,40.894775,J20333822+4053412,,,20 33 38.218,+40 53 41.19,13.53,8.028,7.496,7.235,B0Ib,,Cygnus OB2,N,5.5,25094,-4.87,16.9,10.0,2MASS J20333821+4053411
0.071700,308.3279144605753,40.9938500102249,0.001,0.001,0,2067759056302388992,308.32790080478,0.0211,40.99383107662,0.0267,0.5856,0.0281,-2.394,0.045,-4.397,0.049,1,1.99411e+05,7.20594e+01,12.438993,4.11396e+04,1.55850e+02,13.815738,2.48775e+05,2.89342e+02,11.272404,2.543334,,,0,3551.50,2.1740,1.0710,19.10,52.280,308.3279,40.99386667,J20331870+4059379,,,20 33 18.696,+40 59 37.92,15.27,9.205,8.591,8.14,B0.5IIIe,,Cygnus OB2,N,7.0,23801,-4.11,13.4,12.3,2MASS J20331869+4059378
0.015196,307.9983762543354,41.2473483079043,0.001,0.001,0,2067827466541470080,307.99836207094,0.0184,41.24732960767,0.0216,0.5390,0.0239,-2.477,0.039,-4.343,0.040,0,2.85166e+05,5.74515e+01,12.050622,6.35776e+04,1.75359e+02,13.343128,3.43890e+05,4.02400e+02,10.920871,2.422257,,,0,3379.00,2.1977,1.0835,29.39,101.446,307.99837083,41.24734722,J20315961+4114505,,,20 31 59.609,+41 14 50.45,14.46,9.117,8.579,8.326,O7V,,Cygnus OB2,N,5.9,36872,-3.99,23.6,0.6,2MASS J20315961+4114504
0.024180,308.5668583837779,41.0387682834388,0.001,0.001,0,2067763080691028736,308.56684558220,0.0227,41.03874816715,0.0260,0.5732,0.0306,-2.243,0.052,-4.672,0.056,1,1.73458e+05,4.66437e+01,12.590378,3.39610e+04,1.19954e+02,14.023936,2.21382e+05,2.86848e+02,11.399065,2.624871,,,0,3464.00,2.4950,1.2450,19.79,50.821,308.56685833,41.038775,J20341605+4102196,,,20 34 16.046,+41 02 19.59,15.1,9.409,8.83,8.517,O9.5V,,Cygnus OB2,N,6.5,31884,-3.84,18.1,3.9,2MASS J20341604+4102196
0.009989,308.9459382757652,40.8836572744130,0.001,0.001,0,2064836554397669376,308.94592554645,0.0220,40.88364577758,0.0271,0.6623,0.0289,-2.235,0.048,-2.670,0.052,0,2.55803e+05,2.06684e+03,12.168601,7.81248e+04,1.83835e+03,13.119415,2.73248e+05,6.39243e+03,11.170528,1.948887,,,0,3862.00,1.3418,0.6530,14.50,42.123,308.94594167,40.88365833,J20354703+4053012,,,20 35 47.026,+40 53 01.17,13.78,9.539,9.164,8.968,B2V,,Cygnus OB2,N,4.1,22608,-2.95,9.8,17.8,2MASS J20354702+4053012
0.016969,305.8688814246220,39.3497317305432,0.001,0.001,0,2061239948782076288,305.86886515439,0.0198,39.34970168958,0.0240,0.6078,0.0267,-2.922,0.042,-6.977,0.051,0,1.83699e+06,1.99532e+03,10.028096,6.70605e+05,1.99939e+03,10.785222,1.66888e+06,5.79653e+03,9.205854,1.579368,,,0,4433.77,0.3403,0.1715,27.28,259.121,305.86887917,39.34973611,BD+38 4058,,,20 23 28.531,+39 20 59.05,11.457,8.157,7.912,7.775,B0V,5,Cygnus OB9,K,3.2,30110,-4.21,18.2,6.3,2MASS J20232852+3920591
0.010631,304.5205389217143,40.1018909638998,0.001,0.001,0,2062257035702363904,304.52053233959,0.0296,40.10188763409,0.0355,1.2846,0.0406,-1.169,0.063,-0.773,0.064,0,4.14824e+06,1.52362e+03,9.143705,2.86161e+06,3.25155e+03,9.209861,1.94869e+06,1.87210e+03,9.037565,0.172296,,,0,8600.75,0.8180,0.4010,,,304.52054167,40.10188889,HD 228821,a,,20 18 04.930,+40 06 06.80,9.254,8.874,8.951,8.928,B8,1,Cygnus OB9,K,-0.1,11800,-2.1,8.2,31.6,2MASS J20180493+4006069
0.016229,304.9022639736822,39.9116123686926,0.001,0.001,0,2061511635542137728,304.90224510003,0.0202,39.91159098796,0.0244,0.5608,0.0268,-3.362,0.043,-4.966,0.043,0,4.58501e+06,3.11055e+03,9.035015,1.59459e+06,3.20125e+03,9.844763,4.34649e+06,8.83097e+03,8.166574,1.678189,,,0,4129.30,,,58.20,887.171,304.90225833,39.91161111,HD 228929,,,20 19 36.542,+39 54 41.80,10.689,6.866,6.494,6.284,B0.5Ib,2,Cygnus OB9,K,4.1,22537,-5.6,20.5,7.9,2MASS J20193654+3954416
0.004907,304.6656225752594,40.2269136025721,0.001,0.001,0,2062282805506927360,304.66560682985,0.0277,40.22689071326,0.0355,0.5511,0.0363,-2.792,0.059,-5.316,0.061,0,2.59374e+07,3.01664e+04,7.153549,8.77045e+06,2.91874e+04,7.993834,2.50006e+07,1.04036e+05,6.267045,1.726789,,,0,4065.14,,,148.22,5405.281,304.66562083,40.22691389,HD 193426,,,20 18 39.749,+40 13 36.89,8.809,5.014,4.65,4.357,B9Ia,2,Cygnus OB9,K,3.5,10500,-6.71,15.4,11.2,2MASS J20183975+4013366
0.020080,306.0488889486815,39.6782110253029,0.002,0.001,90,2067442637474728960,306.04887403995,0.0463,39.67818643560,0.0455,0.7287,0.0501,-2.665,0.099,-5.711,0.086,0,3.51463e+06,3.56845e+03,9.323666,1.27856e+06,2.42206e+03,10.084588,3.34166e+06,4.82936e+03,8.452014,1.632574,,,0,4342.00,0.7735,0.3790,33.51,359.544,306.0488875,39.67820556,HD 229250,,,20 24 11.733,+39 40 41.54,10.887,7.267,6.984,6.817,O7,5,Cygnus OB9,K,3.9,36872,-5.28,33.9,3.2,2MASS J20241173+3940414
0.037165,306.0894920884397,39.7677528249129,0.001,0.001,0,2067443500765982080,306.08947324770,0.0250,39.76772940753,0.0313,0.6110,0.0337,-3.364,0.051,-5.439,0.052,0,3.23281e+06,1.37631e+03,9.414415,1.18146e+06,2.39303e+03,10.170341,2.97896e+06,4.56462e+03,8.576758,1.593582,,,0,4346.75,0.4287,0.2300,38.20,469.378,306.08947917,39.76775,BD+39 4168,,,20 24 21.475,+39 46 03.90,10.872,7.343,6.963,6.771,O7,5,Cygnus OB9,K,4.6,36872,-5.4,37.3,2.8,2MASS J20242147+3946039
0.015955,304.8662785605997,40.4616942143238,0.001,0.001,90,2062292112690915712,304.86626508577,0.0221,40.46168097383,0.0258,0.7929,0.0307,-2.381,0.045,-3.075,0.044,0,3.08544e+06,7.67540e+02,9.465074,1.60420e+06,1.78810e+03,9.838242,2.13229e+06,2.02350e+03,8.939804,0.898438,,,0,5465.00,,,15.73,198.901,304.86628333,40.46169167,HD 228919,,,20 19 27.908,+40 27 42.09,10.174,8.339,8.216,8.143,B1IV,2,Cygnus OB9,K,1.9,23653,-3.54,11.8,14.1,2MASS J20192790+4027420
0.018511,304.7407605421457,40.7051466448436,0.001,0.001,0,2068349876303403520,304.74073669917,0.0289,40.70512362728,0.0350,0.6645,0.0354,-4.198,0.062,-5.346,0.062,0,6.83090e+06,6.67733e+03,8.602170,2.44287e+06,4.35911e+03,9.381638,6.30991e+06,1.46544e+04,7.761862,1.619776,114.06,12.58,5,4175.66,0.5930,0.2593,57.84,916.477,304.74076667,40.70514444,HD 228882,,,20 18 57.784,+40 42 18.52,10.202,6.522,6.181,5.966,B05Ia,2,Cygnus OB9,K,4.0,22537,-5.9,23.0,6.9,2MASS J20185777+4042185
0.032381,304.8862992655455,40.6538205491066,0.001,0.001,0,2068301875748892800,304.88627766331,0.0249,40.65380033804,0.0292,0.5718,0.0350,-3.806,0.053,-4.694,0.054,0,3.58139e+06,9.33937e+03,9.303237,1.48597e+06,1.21536e+04,9.921364,2.98900e+06,2.35200e+04,8.573107,1.348257,,,0,4823.97,,,31.97,498.572,304.8862875,40.65381944,HD 228928,,,20 19 32.709,+40 39 13.75,10.406,7.596,7.295,7.148,B2Ib:nn,2,Cygnus OB9,K,2.9,17180,-4.37,10.6,20.0,2MASS J20193270+4039135
0.008390,305.8451680445667,40.1562562496530,0.001,0.001,0,2067468407275542144,305.84514786444,0.0231,40.15623798333,0.0281,0.4938,0.0303,-3.582,0.052,-4.243,0.052,0,4.11802e+06,1.62474e+03,9.151646,1.79789e+06,2.40835e+03,9.714481,3.30557e+06,4.58027e+03,8.463803,1.250678,,,0,4867.40,,,38.76,759.841,305.84516667,40.15625833,HD 229202,,,20 23 22.840,+40 09 22.53,10.309,7.604,7.429,7.312,O8V:,2,Cygnus OB9,K,3.0,34877,-4.66,25.0,3.5,2MASS J20232284+4009225
0.004734,304.8404677534525,40.8879045312221,0.001,0.001,0,2068355713159146112,304.84045412070,0.0259,40.88787878317,0.0339,0.9440,0.0354,-2.394,0.056,-5.980,0.065,0,8.40022e+06,5.14422e+03,8.377639,5.18101e+06,8.39369e+03,8.565352,4.66322e+06,6.71102e+03,8.090206,0.475146,,,0,7198.46,,,12.33,367.673,304.84046667,40.88790556,HD 228911,b,,20 19 21.712,+40 53 16.46,8.726,7.801,7.773,7.771,B2,1,Cygnus OB9,K,0.9,22608,-3.79,11.6,15.5,2MASS J20192172+4053164
0.007387,304.9173702093657,40.8886658876724,0.001,0.001,0,2068358466237594880,304.91735413875,0.0210,40.88863834716,0.0229,0.8915,0.0261,-2.822,0.044,-6.397,0.045,1,5.79108e+06,1.69929e+03,8.781467,3.49833e+06,3.82217e+03,8.991737,3.31899e+06,5.69223e+03,8.459406,0.532331,,,0,6901.00,1.3510,0.6685,11.76,282.379,304.91737083,40.88866389,HD 228941,,,20 19 40.169,+40 53 19.19,9.182,8.146,8.084,8.082,B3,1,Cygnus OB9,K,1.0,19262,-3.39,9.1,25.1,2MASS J20194017+4053191
0.010388,306.3421732375736,40.2169719926394,0.002,0.001,0,2067482739582531712,306.34217323757,1.4649,40.21697199264,1.5885,,,,,,,1,6.53593e+06,1.65902e+04,8.650098,2.81024e+06,4.44300e+03,9.229529,5.77194e+06,1.23951e+04,7.858615,1.370915,,,0,4566.86,,,,,306.342175,40.21696944,BD+39 4177,,,20 25 22.122,+40 13 01.09,9.89,6.857,6.633,6.512,O6.5,5,Cygnus OB9,K,3.3,37870,-5.51,39.3,2.8,2MASS J20252212+4013011
0.019032,306.3703934712578,40.2150334350077,0.001,0.001,90,2067482773947102208,306.37037576701,0.0202,40.21501516937,0.0220,0.6009,0.0269,-3.140,0.045,-4.242,0.041,0,8.01479e+05,3.02983e+02,10.928636,3.09691e+05,4.34425e+02,11.624066,7.13317e+05,7.62892e+02,10.128714,1.495353,,,0,4347.00,0.3980,0.1870,19.34,120.294,306.3703875,40.21503611,BD+39 4179,,,20 25 28.893,+40 12 54.13,12.202,9.074,8.752,8.642,B0III,7,Cygnus OB9,K,3.4,26248,-3.26,12.5,10.0,BD+39 4179
0.008963,305.6864974168914,40.7146209778296,0.001,0.001,90,2067563966005519232,305.68648786180,0.0287,40.71458711514,0.0299,0.9467,0.0357,-1.682,0.060,-7.865,0.057,1,1.09808e+07,4.99903e+03,8.086781,7.82492e+06,1.23276e+04,8.117689,4.83961e+06,1.06785e+04,8.049894,0.067795,,,0,9183.00,0.5920,0.2982,,,305.6865,40.71461944,HD 194194,,,20 22 44.760,+40 42 52.63,8.16,8.081,8.128,8.169,B2III,2,Cygnus OB9,K,-0.2,18428,-3.07,8.1,31.6,2MASS J20224475+4042528
0.010705,305.7815630487785,40.7691335042908,0.001,0.001,90,2067570253841405440,305.78154340766,0.0197,40.76911079073,0.0218,0.5744,0.0252,-3.455,0.040,-5.275,0.040,1,1.80295e+06,1.01806e+03,10.048409,8.06201e+05,1.15279e+03,10.585279,1.43311e+06,2.21565e+03,9.371219,1.214061,,,0,4888.00,,,21.81,244.596,305.7815625,40.76913056,NGC 6910 #14,c,,20 23 07.575,+40 46 08.87,10.88,8.491,8.237,8.149,B0.5V,3,Cygnus OB9,K,2.9,28032,-3.77,15.1,7.9,2MASS J20230757+4046089
0.022986,305.8106176799043,40.7553031423465,0.001,0.001,90,2067567264544133504,305.81059978291,0.0215,40.75527645249,0.0232,0.5873,0.0279,-3.149,0.045,-6.199,0.043,1,2.06104e+06,2.15495e+03,9.903151,8.61671e+05,2.20576e+03,10.513035,1.72120e+06,3.87469e+03,9.172342,1.340693,,,0,4907.67,0.1737,0.0515,22.57,266.157,305.81062083,40.75529722,BD+40 4148,,,20 23 14.549,+40 45 19.07,11.051,8.167,7.929,7.795,O9.5:V,4,Cygnus OB9,K,3.4,31884,-4.22,19.7,4.9,2MASS J20231454+4045193
0.019405,305.7936026338927,40.7645338824053,0.001,0.001,0,2067570185121916544,305.79358387110,0.0197,40.76451176774,0.0241,0.4500,0.0275,-3.301,0.041,-5.136,0.043,1,3.53554e+06,1.22458e+03,9.317225,1.55495e+06,2.26357e+03,9.872095,2.83785e+06,5.95254e+03,8.629445,1.242650,,,0,4946.00,,,37.81,770.777,305.7936,40.76453889,BD+40 4146,,,20 23 10.464,+40 45 52.34,10.288,7.731,7.467,7.361,B3,6,Cygnus OB9,K,2.8,19262,-4.31,11.3,17.8,2MASS J20231046+4045524
0.045033,305.7804164930813,40.7820259605426,0.001,0.001,90,2067570459999953024,305.78039539579,0.0238,40.78200341505,0.0240,0.6634,0.0283,-3.710,0.052,-5.236,0.043,0,1.53648e+06,1.54026e+03,10.222047,6.76238e+05,1.64622e+03,10.776138,1.23466e+06,2.71865e+03,9.533052,1.243087,,,0,5061.38,,,15.95,150.323,305.78042083,40.78201389,NGC 6910 #16,c,,20 23 07.301,+40 46 55.25,11.285,8.512,8.265,8.124,B3,3,Cygnus OB9,K,2.9,19262,-3.56,9.3,25.1,2MASS J20230730+4046552
0.002470,305.5226800761393,40.9856027272117,0.001,0.001,0,2068322006258582144,305.52267020585,0.0262,40.98557784587,0.0357,0.9497,0.0375,-1.731,0.060,-5.779,0.072,0,9.67811e+06,4.07581e+03,8.223889,6.62706e+06,9.91846e+03,8.298086,4.64871e+06,8.12090e+03,8.093590,0.204496,,,0,8591.00,0.8260,0.4227,,,305.52267917,40.98560278,HD 194092,,,20 22 05.443,+40 59 08.17,8.354,7.972,8.013,8.022,B0.5III,2,Cygnus OB9,K,0.5,23801,-3.49,11.7,14.1,2MASS J20220545+4059080
0.022973,306.2771782634496,40.5971640875725,0.001,0.001,0,2067597672911291904,306.27716052499,0.0183,40.59714065495,0.0220,0.5769,0.0227,-3.128,0.038,-5.442,0.043,0,2.16526e+06,9.61091e+02,9.849589,7.98638e+05,7.97112e+02,10.595513,1.96902e+06,2.01085e+03,9.026293,1.569221,85.59,3.00,2,4472.58,0.4303,0.2075,30.42,333.516,306.27717083,40.59716111,BD+40 4159,,o,20 25 06.521,+40 35 49.78,11.343,7.941,7.645,7.49,O9V,7,Cygnus OB9,K,3.9,32882,-4.59,22.8,4.5,2MASS J20250652+4035497
0.013012,305.7949305168301,40.8749554078377,0.001,0.001,90,2067571937468635264,305.79490959161,0.0249,40.87493661329,0.0267,0.5196,0.0314,-3.675,0.054,-4.365,0.051,0,1.10534e+07,1.20255e+04,8.079624,4.53226e+06,1.11120e+04,8.710601,9.30224e+06,2.08266e+04,7.340451,1.370150,,,0,4665.74,,,67.66,1954.350,305.79493333,40.87495833,HD 229196,,,20 23 10.784,+40 52 29.85,9.26,6.353,6.079,5.917,O5,2,Cygnus OB9,K,3.8,40862,-6.19,61.6,2.0,2MASS J20231078+4052298
0.005103,306.0214768696756,40.7676417351290,0.001,0.001,0,2067556613025129344,306.02145844695,0.0225,40.76761871865,0.0315,0.6233,0.0326,-3.241,0.047,-5.346,0.055,0,9.15546e+05,5.21877e+02,10.784165,3.14967e+05,5.90631e+02,11.605725,8.80726e+05,1.11410e+03,9.899817,1.705908,,,0,4186.05,0.7225,0.3420,22.40,138.777,306.021475,40.76764167,J20240515+4046035,,o,20 24 05.154,+40 46 03.51,12.308,8.653,8.325,8.158,B0.5V,7,Cygnus OB9,K,3.8,28032,-3.86,15.4,7.9,2MASS J20240515+4046035
0.013363,305.3576006897956,41.1943215826258,0.001,0.001,90,2068345478256426368,305.35759100751,0.0305,41.19429802818,0.0344,0.9941,0.0377,-1.692,0.064,-5.471,0.063,0,9.30574e+06,1.29282e+04,8.266488,4.68911e+06,1.50771e+04,8.673662,6.57063e+06,2.64680e+04,7.717903,0.955759,,,0,5402.45,,,22.38,384.364,305.35759583,41.19432222,HD 193945,,,20 21 25.823,+41 11 39.56,9.053,6.995,6.856,6.773,B0Vnn,2,Cygnus OB9,K,2.2,30110,-5.11,23.8,5.6,2MASS J20212582+4111394
0.485432,305.5720266501510,39.5725040538591,0.001,0.001,90,2061444565331033216,305.57201443125,0.0341,39.57248776621,0.0343,0.1820,0.0420,-2.188,0.072,-3.783,0.068,0,3.74653e+05,4.69453e+02,11.754293,6.52035e+04,2.62164e+02,13.315711,4.96725e+05,1.90784e+03,10.521630,2.794081,,,0,3866.00,,,,,305.572025,39.57263889,J20221729+3934215,,,20 22 17.286,+39 34 21.50,14.7,8.419,7.75,7.421,B5Ia,,Cygnus OB9,N,5.8,13400,-4.16,8.2,31.6,2MASS J20221729+3934210
0.014360,305.4631249253134,39.6309663318765,0.001,0.001,90,2061448619780253312,305.46310561141,0.0198,39.63093952139,0.0204,0.5815,0.0257,-3.455,0.042,-6.227,0.040,1,1.46793e+06,8.30072e+02,10.271599,5.44546e+05,6.54400e+02,11.011302,1.33976e+06,1.64151e+03,9.444349,1.566953,,,0,4308.50,0.3780,0.1820,27.79,239.700,305.46312083,39.63096389,J20215115+3937515,,,20 21 51.149,+39 37 51.47,11.789,8.269,7.975,7.834,B3V,,Cygnus OB9,N,3.1,19262,-3.88,9.9,21.9,2MASS J20215113+3937514
0.013346,306.0736129923320,39.3423786418840,0.001,0.001,90,2067240847027860608,306.07359938436,0.0396,39.34235595087,0.0409,0.7138,0.0501,-2.444,0.086,-5.270,0.081,0,6.36614e+05,4.05921e+02,11.178676,2.16538e+05,3.97730e+02,12.012550,6.11371e+05,6.73811e+02,10.296157,1.716394,,,0,4098.92,0.7913,0.3623,17.45,77.445,306.07360833,39.34237778,J20241767+3920326,,,20 24 17.666,+39 20 32.56,12.515,9.16,8.838,8.7,B1V,,Cygnus OB9,N,3.5,25953,-3.23,12.3,10.0,2MASS J20241766+3920325
0.048086,305.6643579321979,39.5950101841528,0.001,0.001,0,2061434532287382144,305.66433601744,0.0198,39.59498385009,0.0225,0.5564,0.0254,-3.922,0.043,-6.116,0.044,0,2.13015e+06,1.40974e+04,9.867339,7.06680e+05,1.10015e+04,10.728332,2.05139e+06,4.78124e+04,8.981800,1.746532,,,0,4162.89,0.4585,0.2257,38.96,410.614,305.66434167,39.59500556,J20223944+3935420,,,20 22 39.442,+39 35 42.02,11.719,8.329,8.047,7.914,B1III,,Cygnus OB9,N,3.1,21353,-3.82,11.1,17.8,2MASS J20223944+3935420
0.023685,305.9426658995897,39.6188386223783,0.001,0.001,0,2067436388299971840,305.94264257558,0.0194,39.61881770844,0.0244,0.5895,0.0246,-4.173,0.042,-4.857,0.044,0,1.38414e+06,5.24250e+02,10.335418,5.02453e+05,7.25701e+02,11.098650,1.27551e+06,1.37127e+03,9.497713,1.600937,,,0,4294.67,0.3097,0.1398,26.88,221.473,305.94265833,39.61884167,J20234624+3937078,,,20 23 46.238,+39 37 07.83,11.986,8.406,8.157,7.998,B0.7IV,,Cygnus OB9,N,3.2,25011,-3.86,13.7,11.2,2MASS J20234623+3937080
0.026046,306.1613423591322,39.5083591560106,0.001,0.001,0,2067250085498038656,306.16132789652,0.0298,39.50833667657,0.0369,0.5787,0.0416,-2.592,0.063,-5.221,0.067,1,1.68963e+05,5.28504e+01,12.618885,2.54388e+04,8.78534e+01,14.337647,2.30747e+05,4.59140e+02,11.354078,2.983568,,,0,3598.05,2.5350,1.2860,17.04,43.822,306.16133333,39.50836111,J20243872+3930301,,,20 24 38.720,+39 30 30.10,15.91,9.213,8.559,8.247,B0I:,,Cygnus OB9,N,6.5,25094,-3.97,13.9,11.2,2MASS J20243873+3930300
0.003202,304.6422091852203,40.4179077240737,0.007,0.006,0,2062293834983003904,304.64219225926,0.1917,40.41789071753,0.2255,0.3187,0.2428,-2.993,0.412,-3.950,0.431,0,9.92004e+05,2.06201e+03,10.697083,2.90129e+05,1.87046e+03,11.694910,1.05287e+06,6.38557e+03,9.705978,1.988932,,,0,3793.75,1.2970,0.6805,,,304.64220833,40.41790833,J20183413+4025045,,,20 18 34.130,+40 25 04.47,14.88,8.172,7.747,7.541,B0.2IV,,Cygnus OB9,N,4.6,27274,-4.52,17.9,7.9,2MASS J20183413+4025044
0.017445,305.4650047053154,39.9971106515225,0.001,0.001,0,2067509024781750016,305.46498594553,0.0210,39.99708552640,0.0251,0.6781,0.0294,-3.338,0.044,-5.836,0.046,0,7.14169e+05,7.22589e+02,11.053863,2.85753e+05,8.26508e+02,11.711411,6.17784e+05,1.48293e+03,10.284827,1.426584,,,0,4766.20,0.4693,0.2167,12.43,71.848,305.465,39.99711389,J20215160+3959496,,,20 21 51.600,+39 59 49.61,12.081,9.284,9.014,8.874,B1Ib,,Cygnus OB9,N,2.9,19979,-2.81,8.5,25.1,2MASS J20215160+3959496
0.008094,305.5366396485986,39.9711320909803,0.001,0.001,90,2067505863691098880,305.53661923845,0.0210,39.97110749907,0.0219,0.6407,0.0277,-3.633,0.043,-5.712,0.043,0,8.09499e+05,5.52528e+02,10.917825,2.35727e+05,4.88483e+02,11.920366,8.50704e+05,1.40867e+03,9.937473,1.982893,,,0,4105.70,0.7020,0.3483,21.80,121.699,305.5366375,39.97113056,J20220879+3958161,,,20 22 08.793,+39 58 16.07,12.441,8.509,8.148,7.97,B1II,,Cygnus OB9,N,3.8,20666,-3.82,11.1,17.8,2MASS J20220878+3958160
0.008170,305.4337633975638,40.2146950565166,0.001,0.001,0,2067524692827856384,305.43375095959,0.0284,40.21467418213,0.0391,0.5121,0.0397,-2.206,0.063,-4.848,0.086,0,1.28367e+06,1.46858e+03,10.417232,2.44096e+05,6.41861e+02,11.882486,1.60916e+06,3.92579e+03,9.245420,2.637067,,,0,3886.08,1.2797,0.7012,41.15,347.841,305.4337625,40.21469722,J20214410+4012529,,,20 21 44.103,+40 12 52.91,13.2,7.106,6.476,6.137,B1Ia,,Cygnus OB9,N,6.2,19979,-5.91,20.5,7.9,2MASS J20214411+4012530
0.021937,304.7754194461260,40.6167793999347,0.001,0.001,0,2062343725324664064,304.77540006998,0.0291,40.61675900155,0.0451,0.5469,0.0400,-3.416,0.064,-4.738,0.079,0,6.39027e+05,7.02958e+02,11.174567,1.76694e+05,4.40011e+02,12.233336,6.94835e+05,1.11205e+03,10.157216,2.076119,,,0,4019.04,0.9960,0.4760,24.35,139.349,304.775425,40.616775,J20190610+4037004,,,20 19 06.102,+40 37 00.39,13.33,8.576,8.115,7.88,O9.7Iab,,Cygnus OB9,N,5.1,28315,-4.26,17.0,7.9,2MASS J20190609+4037002
0.030243,305.3198979867175,40.3878279577154,0.001,0.001,90,2067530289164331648,305.31987786176,0.0295,40.38780162345,0.0275,0.5806,0.0298,-3.560,0.060,-6.116,0.052,0,2.65878e+05,3.13110e+02,12.126661,6.82153e+04,3.30031e+02,13.266684,3.04134e+05,9.69558e+02,11.054256,2.212428,,,0,3546.00,1.8503,0.9155,22.36,71.204,305.3198875,40.38783056,J20211677+4023162,,,20 21 16.773,+40 23 16.19,14.08,9.404,8.902,8.654,B2III,,Cygnus OB9,N,4.8,18428,-3.14,8.1,31.6,2MASS J20211677+4023161
0.015827,305.1638974100333,40.5215672070879,0.001,0.001,0,2068285623592562944,305.16388044750,0.0188,40.52155169421,0.0262,0.4542,0.0254,-2.995,0.040,-3.603,0.050,0,3.08992e+05,1.38178e+02,11.963499,9.66396e+04,2.14392e+02,12.888500,3.21641e+05,5.60432e+02,10.993492,1.895008,,,0,4216.93,1.1277,0.5390,17.45,86.735,305.16389167,40.52156667,J20203933+4031176,,,20 20 39.334,+40 31 17.64,13.55,9.551,9.137,8.927,B1.5V,,Cygnus OB9,N,4.4,24280,-3.07,10.8,14.1,2MASS J20203933+4031175
0.014005,305.2055590556062,40.5507571667850,0.001,0.001,0,2068285722372121344,305.20554036510,0.0215,40.55073470216,0.0278,0.5392,0.0279,-3.298,0.044,-5.218,0.056,0,2.16340e+05,1.89647e+03,12.350526,5.44150e+04,1.57810e+03,13.512092,2.49924e+05,6.73753e+03,11.267402,2.244690,,,0,3525.00,1.6187,0.7593,22.15,68.264,305.20555417,40.55075833,J20204933+4033027,,,20 20 49.333,+40 33 02.73,14.57,9.524,9.061,8.808,B1.5V,,Cygnus OB9,N,5.0,24280,-3.25,11.2,14.1,2MASS J20204933+4033026
0.502983,304.9549914474959,40.8691185837355,0.001,0.001,0,2068357641603852928,304.95496921457,0.0252,40.86909697845,0.0273,0.4890,0.0317,-3.905,0.057,-5.018,0.058,0,4.97277e+05,3.64350e+02,11.446869,1.63188e+05,3.51366e+03,12.319666,5.99583e+05,1.52451e+04,10.317297,2.002369,,,0,3917.33,,,26.12,144.717,304.95481667,40.86916389,J20194916+4052090,,,20 19 49.156,+40 52 08.99,12.8,8.598,8.209,7.987,O9.5V,,Cygnus OB9,N,4.8,31884,-4.18,19.4,4.9,2MASS J20194914+4052088
0.007906,305.4528432662173,40.7167898371532,0.001,0.001,0,2068314726290388480,305.45282885912,0.0233,40.71677676550,0.0266,0.7870,0.0294,-2.536,0.049,-3.036,0.052,0,1.05180e+06,4.56675e+02,10.633534,4.23773e+05,3.03136e+02,11.283555,9.10319e+05,6.17795e+02,9.863935,1.419620,,,0,4538.84,0.4000,0.2200,14.89,84.791,305.45284167,40.71679167,J20214868+4043005,,,20 21 48.682,+40 43 00.45,11.694,8.873,8.629,8.484,B1V,,Cygnus OB9,N,3.1,25953,-3.4,12.9,10.0,2MASS J20214868+4043004
0.234992,305.5190046200050,40.7135210359944,0.001,0.001,0,2068314210894274176,305.51898470084,0.0180,40.71349991421,0.0228,0.5951,0.0234,-3.507,0.038,-4.906,0.044,0,9.21784e+05,2.18448e+02,10.776793,3.92348e+05,7.37349e+02,11.367209,8.03687e+05,4.60523e+03,9.999203,1.368007,,,0,4791.00,,,15.87,119.560,305.51892083,40.71353611,J20220454+4042487,,,20 22 04.541,+40 42 48.73,11.811,8.725,8.462,8.28,B1III,,Cygnus OB9,N,3.3,21353,-3.48,10.1,20.0,2MASS J20220450+4042487
0.021458,306.2746375836553,40.3367838884558,0.001,0.001,0,2067496071165897472,306.27463582594,0.0215,40.33676996508,0.0233,0.8064,0.0293,-0.311,0.043,-3.234,0.044,0,6.76366e+05,3.15552e+02,11.112911,2.48779e+05,3.97102e+02,11.861854,6.20061e+05,4.78757e+02,10.280834,1.581019,,,0,4345.00,0.7280,0.3490,13.26,56.419,306.27463333,40.33678889,J20250591+4020124,,,20 25 05.912,+40 20 12.44,12.516,9.265,9.018,8.885,B2III,,Cygnus OB9,N,2.6,18428,-2.66,7.8,31.6,2MASS J20250590+4020123
0.012716,305.8906379401707,40.7555355804704,0.001,0.001,0,2067567436342772736,305.89061819592,0.0224,40.75551310541,0.0292,0.5589,0.0309,-3.474,0.047,-5.220,0.050,0,6.07298e+05,7.41378e+02,11.229861,2.34595e+05,4.11021e+02,11.925592,5.45270e+05,7.79434e+02,10.420392,1.505200,,,0,4401.67,0.3275,0.1722,17.43,102.735,305.89063333,40.75553611,J20233375+4045199,j,,20 23 33.752,+40 45 19.93,12.461,9.366,9.055,8.906,B1III,,Cygnus OB9,N,3.4,21353,-2.86,8.9,21.9,2MASS J20233375+4045199
0.015573,305.4830463393306,41.1702580816529,0.001,0.001,90,2068341733044892032,305.48303407069,0.0262,41.17024609168,0.0273,0.7442,0.0329,-2.145,0.056,-2.785,0.053,0,5.78107e+05,3.45372e+02,11.283346,2.27907e+05,4.88587e+02,11.956996,5.14955e+05,3.03620e+02,10.482496,1.474500,,,0,4526.77,0.6345,0.3030,11.77,52.366,305.48304167,41.17025556,J20215593+4110129,,,20 21 55.930,+41 10 12.92,12.47,9.371,9.084,8.916,B1III,,Cygnus OB9,N,3.3,21353,-2.85,8.9,21.9,2MASS J20215593+4110128
0.020193,305.6573576841432,41.6747916984608,0.001,0.001,0,2068498409154126720,305.65732052481,0.0233,41.67477573585,0.0303,0.5827,0.0320,-6.446,0.048,-3.707,0.053,0,1.79169e+06,1.31896e+03,10.055206,5.07108e+05,7.71048e+02,11.088637,1.90255e+06,2.85370e+03,9.063581,2.025056,,,0,4094.00,,,36.00,328.070,305.65735833,41.67478611,J20223777+4140292,,,20 22 37.766,+41 40 29.23,11.783,7.509,7.08,6.829,O5If,,Cygnus OB9,N,5.2,38612,-5.42,40.1,2.5,2MASS J20223777+4140292
0.022925,306.8875422775340,38.7721103195267,0.001,0.001,0,2064154002493519616,306.88754056812,0.0207,38.77209864345,0.0245,0.5404,0.0257,-0.310,0.044,-2.712,0.046,0,6.99791e+06,3.37911e+03,8.575945,3.01848e+06,3.30673e+03,9.151918,5.68746e+06,8.86913e+03,7.874623,1.277295,,,0,5097.25,,,41.05,1024.729,306.88754167,38.77211667,BD+38 4098,,,20 27 33.010,+38 46 19.62,9.681,6.875,6.663,6.5,B9Ib,2,Field,K,1.9,10500,-4.38,8.2,31.6,2MASS J20273300+3846196
0.033230,308.4572905358486,38.2833445215132,0.001,0.001,90,2063937914095811072,308.45727094534,0.0211,38.28331836078,0.0225,0.6955,0.0267,-3.572,0.044,-6.076,0.042,0,1.94110e+06,4.99672e+02,9.968248,9.53142e+05,8.94189e+02,10.403495,1.41309e+06,1.46822e+03,9.386496,1.016999,,,0,5227.92,2.2100,1.1105,15.79,167.794,308.4573,38.28335,BD+37 3976,,,20 33 49.752,+38 17 00.06,10.852,8.686,8.553,8.447,B1.5Vn,2,Field,K,2.2,24280,-3.3,11.3,14.1,2MASS J20334974+3817001
0.021098,306.5871821851924,39.6694630481728,0.001,0.001,0,2067261561651899264,306.58716053459,0.0250,39.66943975581,0.0288,0.5615,0.0321,-3.871,0.052,-5.410,0.055,0,4.62193e+06,3.87880e+04,9.026306,1.76911e+06,4.16511e+04,9.732001,4.34224e+06,1.01991e+05,8.167636,1.564365,,,0,4373.50,,,48.79,784.595,306.587175,39.66946111,BD+39 4189,,,20 26 20.922,+39 40 10.06,10.36,7.115,6.803,6.584,B2p?e?,5,Field,K,3.8,22608,-5.3,18.6,8.7,2MASS J20262091+3940102
0.008312,306.8232136933945,39.7423891950042,0.001,0.001,0,2067267299727875584,306.82319504776,0.0320,39.74236631989,0.0354,0.5985,0.0418,-3.330,0.060,-5.313,0.060,1,2.07498e+06,8.66946e+02,9.895829,8.18795e+05,9.11817e+02,10.568451,1.81546e+06,2.07274e+03,9.114453,1.453998,,,0,4499.00,0.3630,0.2350,28.21,293.821,306.82321667,39.74238889,LS II +39 53,,,20 27 17.572,+39 44 32.60,10.822,8.096,7.833,7.702,O7V:,8,Field,K,3.6,36872,-4.36,25.6,2.0,2MASS J20271757+3944326
0.008773,309.1010814388721,39.1946405773757,0.001,0.001,0,2064410119980089088,309.10107502824,0.0252,39.19463117400,0.0296,1.1860,0.0325,-1.154,0.055,-2.184,0.056,1,7.99264e+06,3.47107e+03,8.431640,5.37997e+06,7.07664e+03,8.524439,3.89461e+06,6.87578e+03,8.285761,0.238678,,,0,8137.50,0.6630,0.3485,,,309.10107917,39.19463889,HD 196489,,,20 36 24.259,+39 11 40.70,8.614,8.164,8.176,8.179,B3V,16,Field,K,0.5,19262,-3.24,8.6,27.5,2MASS J20362425+3911406
0.008266,306.4794879775399,41.3365894021344,0.001,0.001,90,2067699824413986560,306.47948532352,0.0319,41.33657427233,0.0296,0.6808,0.0375,-0.463,0.063,-3.514,0.055,1,1.59780e+07,1.76374e+04,7.679560,1.02256e+07,3.40450e+04,7.827166,8.48894e+06,7.25508e+04,7.439786,0.387379,,,0,7497.44,,,21.86,1360.083,306.4794875,41.33659167,HD 194779,,,20 25 55.077,+41 20 11.73,7.974,7.182,7.155,7.128,B3II,2,Field,K,0.4,15541,-4.02,8.7,27.5,2MASS J20255508+4120118
0.034807,306.5897826013882,41.3793432870694,0.001,0.001,0,2067688485700304000,306.58974884806,0.0243,41.37932876139,0.0254,0.6963,0.0305,-5.882,0.049,-3.374,0.049,0,2.79238e+07,3.06021e+04,7.073429,1.11682e+07,3.97841e+04,7.731434,2.40611e+07,1.17491e+05,6.308630,1.422804,123.22,2.63,15,4799.59,0.3470,0.1890,74.30,2638.981,306.58977083,41.37934722,HD 194839,,,20 26 21.545,+41 22 45.65,8.342,5.24,4.961,4.724,B0.5Iae,2,Field,K,3.7,22537,-7.11,43.3,3.9,2MASS J20262154+4122454
0.018951,307.0633904567431,42.4275386961494,0.001,0.001,0,2068134337663554560,307.06339298984,0.0221,42.42752553303,0.0277,0.7323,0.0274,0.434,0.047,-3.057,0.050,0,1.89631e+06,5.22829e+03,9.993591,7.64589e+05,6.36775e+03,10.642818,1.62909e+06,1.59390e+04,9.232059,1.410759,,,0,4775.71,0.2897,0.1153,18.66,163.127,307.06338333,42.42753889,BD+41 3762,,,20 28 15.212,+42 25 39.14,11.123,8.288,8.002,7.852,B2V,2,Field,K,3.3,22608,-3.97,12.0,15.5,2MASS J20281521+4225390
0.038577,307.7849031039914,42.0450589749496,0.002,0.001,0,2068155125305302144,307.78488906991,0.0423,42.04504911540,0.0565,0.7437,0.0542,-2.421,0.084,-2.290,0.103,0,9.68215e+05,5.10965e+02,10.723436,2.24112e+05,3.71022e+02,11.975224,1.13266e+06,1.50939e+03,9.626668,2.348556,,,0,4076.89,1.6513,0.8513,21.02,109.974,307.7849,42.04506944,J20310838+4202422,,,20 31 08.376,+42 02 42.25,13.102,7.828,7.292,7.023,O9.7II,9,Field,K,5.7,28644,-5.19,22.5,6.3,2MASS J20310838+4202422
0.028953,307.9038396610017,42.0227115592824,0.001,0.001,0,2068142755799441536,307.90382594631,0.0276,42.02270056108,0.0298,0.5852,0.0350,-2.366,0.055,-2.554,0.056,0,1.73560e+06,1.28923e+03,10.089743,4.36631e+05,5.64516e+02,11.251102,1.93467e+06,2.82222e+03,9.045401,2.205701,,,0,3785.00,,,45.67,385.713,307.9038375,42.02271944,J20313693+4201218,,,20 31 36.921,+42 01 21.79,12.118,7.355,6.956,6.657,B0.7Ib,9,Field,K,4.8,21514,-5.27,16.9,10.0,2MASS J20313693+4201218
0.038216,308.0091794835973,42.2072536640086,0.001,0.001,0,2068151478876679168,308.00916471238,0.0200,42.20723750069,0.0286,0.6905,0.0274,-2.541,0.041,-3.754,0.053,0,2.37374e+06,2.78805e+03,9.749783,8.14452e+05,2.12607e+03,10.574224,2.26658e+06,9.12461e+03,8.873492,1.700732,,,0,4121.40,0.5500,0.2800,34.22,304.358,308.00918333,42.20726389,BD+41 3794,,,20 32 02.204,+42 12 26.15,11.399,7.544,7.251,7.04,B0.2III,7,Field,K,3.8,25269,-4.87,16.9,10.0,2MASS J20320220+4212261
0.060292,308.6205901555181,41.9380639291177,0.001,0.001,90,2067963015711183744,308.62057792941,0.0248,41.93804738121,0.0255,0.5871,0.0292,-2.112,0.051,-3.843,0.046,0,2.82182e+05,7.49974e+01,12.062040,6.24578e+04,1.93208e+02,13.362422,3.44310e+05,4.27396e+02,10.919546,2.442876,,,0,3395.00,2.0370,1.0068,26.41,83.452,308.6205875,41.93808056,J20342894+4156171,i,o,20 34 28.941,+41 56 17.09,14.09,9.019,8.453,8.207,O9V,15,Field,K,6.0,32882,-4.11,20.1,3.9,2MASS J20342893+4156170
0.028769,307.9256253678165,42.4314536275825,0.002,0.001,90,2068167494811203840,307.92560796367,0.0454,42.43143539003,0.0514,0.7615,0.0532,-2.984,0.099,-4.236,0.094,0,2.13964e+06,3.69378e+03,9.862512,3.12995e+05,1.23147e+03,11.612546,2.88659e+06,1.18735e+04,8.610955,3.001591,,,0,3572.00,,,47.20,326.722,307.92562917,42.43146111,J20314215+4225532,,,20 31 42.151,+42 25 53.26,13.575,6.245,5.476,5.057,B1Ib,7,Field,K,7.5,19979,-7.13,34.2,4.9,2MASS J20314215+4225532
0.037670,308.7942521680830,42.3396678468269,0.001,0.001,0,2067978546312956288,308.79425159995,0.0187,42.33965439775,0.0221,0.7462,0.0242,-0.098,0.041,-3.124,0.042,0,1.78095e+06,4.93161e+02,10.061734,5.56544e+05,6.51789e+02,10.987640,1.78617e+06,1.58698e+03,9.132115,1.855525,,,0,4121.25,0.7150,0.3760,27.43,195.587,308.7942625,42.339675,LS III +42 17,,,20 35 10.623,+42 20 22.83,11.692,7.845,7.504,7.318,B1III,7,Field,K,3.7,21353,-4.49,13.1,14.1,2MASS J20351062+4220226
0.333519,309.5849851455665,41.9489534397045,0.007,0.006,90,2066403427185678208,309.58495294920,0.2111,41.94894654220,0.1998,-0.1388,0.2464,-5.562,0.424,-1.602,0.361,0,2.72272e+05,2.20734e+02,12.100858,4.54906e+04,8.28043e+02,13.706583,5.77353e+05,5.18719e+03,10.358315,3.348268,,,0,4001.46,,,,,309.58505417,41.94903056,J20382040+4156563,,,20 38 20.413,+41 56 56.51,15.34,7.84,7.082,6.686,B0II,7,Field,K,7.6,25671,-5.67,24.3,6.3,2MASS J20382040+4156563
0.586117,309.5851770508679,41.9491652999025,0.010,0.007,90,2066403431480233088,309.58518218188,0.4552,41.94914168918,0.3087,3.4485,0.4588,0.886,0.638,-5.484,0.461,0,1.61348e+05,5.21028e+02,12.668956,4.59341e+04,2.48492e+03,13.696052,4.95746e+05,2.73310e+04,10.523771,3.172280,,,0,3749.50,,,2.44,1.058,309.58505417,41.94903056,J20382040+4156563,,,20 38 20.413,+41 56 56.51,15.34,7.84,7.082,6.686,B0II,7,Field,K,7.6,25671,-5.67,24.3,6.3,2MASS J20382040+4156563
0.037844,309.7465740055504,42.0442884955242,0.001,0.001,90,2066408379284191872,309.74656455156,0.0252,42.04427273671,0.0265,0.7018,0.0333,-1.631,0.058,-3.660,0.053,0,5.08093e+05,4.50409e+02,11.423508,1.35327e+05,2.81340e+02,12.522925,5.60260e+05,1.03693e+03,10.390946,2.131979,,,0,4048.50,1.5168,0.7195,16.51,65.998,309.7465875,42.04429167,J20385918+4202395,,,20 38 59.181,+42 02 39.45,13.27,8.684,8.186,7.906,B0Ib,7,Field,K,5.4,25094,-4.19,15.2,10.0,2MASS J20385918+4202395
0.018385,308.4003314084185,43.9853784838062,0.001,0.001,0,2069819545390584192,308.40031573664,0.0250,43.98538207612,0.0280,0.6057,0.0304,-2.619,0.050,0.834,0.052,0,4.21346e+06,1.86794e+03,9.126769,1.19267e+06,1.80914e+03,10.160084,4.45966e+06,6.57899e+03,8.138666,2.021418,78.41,17.36,7,4059.56,,,54.60,729.580,308.40032917,43.98538333,BD+43 3654,f,,20 33 36.079,+43 59 07.38,11.245,6.636,6.198,5.973,O4If,13,Field,K,5.1,40422,-6.27,64.6,2.0,2MASS J20333607+4359075
0.012187,310.5285912304140,43.1843671311233,0.001,0.001,0,2066586087851786880,310.52857268594,0.0228,43.18434461252,0.0272,0.6241,0.0308,-3.141,0.049,-5.230,0.054,0,5.34177e+06,2.00011e+03,8.869152,2.32309e+06,2.67670e+03,9.436222,4.30800e+06,7.23728e+03,8.176231,1.259991,,,0,4939.51,,,33.62,606.275,310.52859583,43.18436667,BD+42 3835,,,20 42 06.863,+43 11 03.72,9.975,7.294,7.049,6.928,O9p...,2,Field,K,3.4,32882,-5.09,27.0,4.5,2MASS J20420687+4311038
0.011696,313.2216916658987,42.6077427479427,0.001,0.001,90,2065970601862601728,313.22168514975,0.0299,42.60772775515,0.0292,1.2423,0.0323,-1.114,0.062,-3.482,0.053,0,9.58959e+06,2.73632e+03,8.233866,5.04209e+06,5.76684e+03,8.594861,6.48475e+06,8.68346e+03,7.732186,0.862675,,,0,5583.33,,,16.86,248.941,313.22169583,42.60774167,HD 199021,,,20 52 53.207,+42 36 27.87,8.919,7.18,7.067,6.999,B0V,17,Field,K,2.0,30110,-4.86,22.7,5.6,2MASS J20525320+4236276
0.020498,307.4247967989108,38.9928170983574,0.001,0.001,0,2064172075715712896,307.42478078097,0.0207,38.99279860509,0.0232,0.5718,0.0275,-2.892,0.043,-4.295,0.044,0,4.44396e+05,1.47855e+02,11.568939,1.24051e+05,2.18459e+02,12.617384,4.82666e+05,5.05900e+02,10.552804,2.064580,,,0,3800.34,1.4703,0.7040,23.34,102.346,307.4248,38.99282222,J20294195+3859342,,,20 29 41.952,+38 59 34.16,13.44,9.054,8.587,8.407,B0.2V,,Field,N,4.7,29279,-3.73,15.8,6.3,2MASS J20294194+3859341
0.009712,307.5530465421755,39.0726641589460,0.001,0.001,90,2064173480165144576,307.55303151060,0.0286,39.07264686142,0.0317,0.6053,0.0384,-2.710,0.074,-4.017,0.063,0,2.06534e+05,5.30371e+01,12.400886,4.91171e+04,1.21393e+02,13.623307,2.42856e+05,2.43436e+02,11.298550,2.324758,,,0,3722.92,2.0550,1.0130,16.09,44.781,307.55305,39.07266389,J20301273+3904216,,,20 30 12.732,+39 04 21.59,14.58,9.593,9.119,8.885,B1V,,Field,N,4.9,25953,-3.21,12.3,10.0,2MASS J20301273+3904215
0.022234,306.8563772770887,39.4901574506877,0.001,0.001,0,2067208991252200704,306.85636367719,0.0209,39.49013723797,0.0254,0.6283,0.0295,-2.438,0.045,-4.695,0.049,0,8.57968e+05,3.75778e+02,10.854688,2.57467e+05,4.94601e+02,11.824585,8.89726e+05,7.84948e+02,9.888779,1.935806,,,0,3902.95,0.9385,0.4310,27.03,152.702,306.85637083,39.49016111,J20272553+3929246,,,20 27 25.529,+39 29 24.58,12.76,8.488,8.126,7.917,O9.5V,,Field,N,4.6,31884,-4.23,19.7,4.9,2MASS J20272552+3929245
0.014004,307.9105550585898,41.8829045858012,0.001,0.001,0,2068138563911308544,307.91053705519,0.0192,41.88288634485,0.0242,0.5488,0.0255,-3.113,0.040,-4.237,0.043,0,2.36358e+05,4.75309e+01,12.254441,6.63136e+04,1.29044e+02,13.297380,2.58902e+05,2.11775e+02,11.229080,2.068300,,,0,4258.43,1.5080,0.7285,12.25,44.448,307.91055,41.88290556,J20313853+4152585,,,20 31 38.532,+41 52 58.46,14.01,9.627,9.216,8.968,B1.5V,,Field,N,4.6,24280,-3.05,10.8,14.1,2MASS J20313853+4152584
0.022816,306.6677158474268,42.5561302714931,0.001,0.001,0,2068896398002121984,306.66769124798,0.0203,42.55610799108,0.0279,0.3410,0.0294,-4.209,0.042,-5.175,0.051,0,4.55125e+05,1.19424e+02,11.543038,1.73542e+05,2.78179e+02,12.252876,4.18619e+05,2.83560e+02,10.707374,1.545503,,,0,4480.00,0.4260,0.1820,23.48,200.007,306.6677125,42.55613611,J20264025+4233221,,,20 26 40.251,+42 33 22.09,12.796,9.504,9.172,8.991,B2II,,Field,N,3.3,17804,-2.61,7.8,31.6,2MASS J20264024+4233220
0.024388,307.1700413523910,43.1495697527662,0.001,0.001,0,2069010545355048960,307.17002237186,0.0218,43.14956213396,0.0256,0.6311,0.0264,-3.216,0.045,-1.770,0.049,0,2.40192e+06,8.74822e+02,9.736971,1.03014e+06,8.11893e+02,10.319142,1.97517e+06,1.56166e+03,9.022909,1.296233,,,0,4983.00,,,21.80,263.964,307.17005,43.14957222,BD+42 3760,,,20 28 40.812,+43 08 58.46,10.862,8.065,7.838,7.725,O8.5V,,Field,N,3.2,33879,-4.28,21.9,3.5,2MASS J20284079+4308584
0.013246,308.2321360612781,43.1328464734950,0.001,0.001,0,2069758144538359680,308.23212230581,0.0222,43.13283156044,0.0239,0.6725,0.0278,-2.331,0.044,-3.464,0.045,0,8.58597e+05,4.93703e+02,10.853892,2.36351e+05,4.43473e+02,11.917493,9.27230e+05,9.22494e+02,9.843951,2.073542,,,0,4107.80,1.2627,0.6080,21.36,117.014,308.2321375,43.13285,J20325571+4307583,,,20 32 55.713,+43 07 58.26,15.13,8.348,7.938,7.722,O9.5V,,Field,N,4.9,31884,-4.46,21.2,4.9,2MASS J20325571+4307582
0.007300,309.4301338324873,42.5426131038247,0.001,0.001,0,2069458424539634432,309.43011975000,0.0221,42.54259868402,0.0271,0.6529,0.0269,-2.410,0.045,-3.349,0.047,0,1.78633e+05,4.84213e+01,12.558460,4.37551e+04,1.20068e+02,13.748816,2.09335e+05,2.21971e+02,11.459816,2.289000,,,0,3459.00,1.9580,0.9565,17.72,40.506,309.43013333,42.54261111,J20374323+4232334,,,20 37 43.232,+42 32 33.40,14.62,9.703,9.173,8.896,B1III,,Field,N,5.4,21353,-3.1,9.7,20.0,2MASS J20374323+4232334
0.005460,311.5953830315175,42.2086320605503,0.001,0.001,90,2066286574014198784,311.59537992239,0.0246,42.20861012991,0.0260,0.6147,0.0280,-0.535,0.056,-5.094,0.050,1,7.25865e+05,3.80024e+02,11.036225,2.44097e+05,5.10170e+02,11.882481,7.10769e+05,6.82732e+02,10.132599,1.749882,,,0,4103.21,0.6455,0.3325,21.56,118.763,311.59538333,42.20863056,J20462289+4212311,,,20 46 22.892,+42 12 31.07,13.052,8.808,8.468,8.221,B3V,,Field,N,4.0,19262,-3.59,9.3,25.1,2MASS J20462289+4212308
0.008454,311.3379265794230,42.3976014183328,0.001,0.001,0,2066304642937259648,311.33791517220,0.0288,42.39758259196,0.0334,0.3444,0.0375,-1.957,0.063,-4.373,0.069,0,1.42971e+05,4.92408e+01,12.800249,3.09590e+04,9.07007e+01,14.124419,1.75152e+05,2.65313e+02,11.653379,2.471040,,,0,3431.75,1.7110,0.8883,30.88,119.143,311.33792917,42.39760278,J20452110+4223514,,,20 45 21.103,+42 23 51.37,15.28,9.769,9.217,8.939,B2V,,Field,N,5.6,22608,-3.15,10.2,17.8,2MASS J20452110+4223513
0.034704,308.8427879324277,43.9251252957523,0.001,0.001,0,2069898882026862848,308.84277505934,0.0342,43.92511538056,0.0347,0.6220,0.0403,-2.153,0.071,-2.303,0.072,0,5.03922e+05,4.37889e+02,11.432458,1.02259e+05,2.18486e+02,12.827135,6.18141e+05,7.13429e+02,10.284201,2.542934,,,0,3843.65,2.0000,0.9953,22.01,95.262,308.842775,43.92512778,J20352227+4355305,,,20 35 22.266,+43 55 30.46,13.98,8.416,7.887,7.588,B0.2IV,,Field,N,5.8,27274,-4.61,18.1,7.9,2MASS J20352227+4355304
0.028260,311.6177396688950,42.3949265526189,0.001,0.001,0,2066290181786770944,311.61773762972,0.0284,42.39491402929,0.0344,0.5790,0.0376,-0.350,0.062,-2.909,0.063,0,4.86380e+05,3.88677e+02,11.470926,1.25229e+05,3.58521e+02,12.607121,5.46209e+05,7.24636e+02,10.418523,2.188599,,,0,3978.39,1.5528,0.7915,20.72,96.879,311.61772917,42.39492778,J20462826+4223417,,,20 46 28.255,+42 23 41.74,13.5,8.793,8.327,8.085,O9V,,Field,N,5.4,32882,-4.16,20.4,3.9,2MASS J20462825+4223416
