angDist,ra_epoch2000,dec_epoch2000,errHalfMaj,errHalfMin,errPosAng,source_id,ra,ra_error,dec,dec_error,parallax,parallax_error,pmra,pmra_error,pmdec,pmdec_error,duplicated_source,phot_g_mean_flux,phot_g_mean_flux_error,phot_g_mean_mag,phot_bp_mean_flux,phot_bp_mean_flux_error,phot_bp_mean_mag,phot_rp_mean_flux,phot_rp_mean_flux_error,phot_rp_mean_mag,bp_rp,radial_velocity,radial_velocity_error,rv_nb_transits,teff_val,a_g_val,e_bp_min_rp_val,radius_val,lum_val,_RAJ2000,_DEJ2000,RAJ2000,DEJ2000,Bmag,Vmag,SpType,ASCC,Seq,Pkin,Pph,Psp
0.017139,307.3811161741883,41.7623697875413,0.001,0.001,0,2068054004595004800,307.38112985168,0.0283,41.76237694308,0.0336,1.3072,0.0405,2.37,0.061,1.662,0.067,0,1651820.0,621.941,10.143462,1149600.0,1240.14,10.20002,759673.0,738.106,10.060353,0.139667,,,0,8812.0,,,,,307.381111,41.762367,307.38110844,41.76236302,10.235,10.151,,434391,490,0.0,0.0,0
0.151899,307.3974779609383,41.5466340806653,0.001,0.001,90,2068013666261892096,307.39744376468,0.0208,41.54660556709,0.0227,0.7707,0.0271,-5.944,0.044,-6.623,0.043,0,391234.0,90.0138,11.707274,213566.0,276.737,12.027559,258008.0,193.085,11.232837,0.794723,,,0,5910.0,,,4.85,25.826,307.397429,41.546655,307.39743205,41.5466735,12.098,11.743,,434397,490,0.0,0.0,0
0.107592,307.4004401057978,41.0889853419046,0.001,0.001,90,2067810875087069824,307.40042329061,0.027,41.08900986507,0.029,0.9457,0.0341,-2.944,0.054,5.696,0.052,0,1427450.0,985.851,10.301961,416929.0,382.416,11.301233,1459820.0,1170.46,9.351168,1.950066,10.37,0.34,5,4020.78,1.024,0.5347,21.01,103.963,307.400445,41.089015,307.40045393,41.08900234,12.553,11.121,,434399,490,0.0,0.0,0
0.031546,307.407725084853,41.5075157423735,0.001,0.001,90,2068013357021223040,307.4077189975,0.0226,41.50749497599,0.022,0.811,0.028,-1.059,0.048,-4.823,0.043,0,1543260.0,419.625,10.217269,907911.0,679.505,10.45628,919331.0,782.64,9.85324,0.60304,,,0,6503.0,1.5805,0.794,7.51,90.769,307.407729,41.507524,307.40773223,41.5075403,10.746,10.283,,434405,490,0.0,0.0,0
0.226327,307.4120503578213,41.6390536742696,0.001,0.001,90,2068026237629282560,307.41205823779,0.0212,41.63903048026,0.0215,1.5046,0.0262,1.368,0.046,-5.387,0.042,0,156654.0,29.8468,12.701014,91509.5,112.93,12.947722,95891.6,93.5517,12.307468,0.640254,,,0,6569.0,0.203,0.1033,1.26,2.676,307.411994,41.639007,307.41198338,41.63902319,13.03,12.727,,434408,490,0.0,0.0,0
0.091159,307.4186517383907,41.4241285165575,0.001,0.001,0,2068010638306707456,307.41864252844,0.0191,41.42404482046,0.0237,4.6835,0.0263,-1.604,0.042,-19.439,0.045,1,1489440.0,316.069,10.25581,848089.0,624.87,10.530285,917347.0,764.911,9.855586,0.674699,-8.67,0.27,14,6147.43,0.203,0.1,1.43,2.64,307.418684,41.424136,307.41868455,41.42418396,10.87,10.269,,434410,490,0.0,0.0,0
0.263499,307.4274515843254,41.2967890827777,0.001,0.001,0,2068006691234933248,307.42743281693,0.0182,41.29676043776,0.0222,1.6984,0.0232,-3.275,0.039,-6.653,0.043,0,514467.0,155.387,11.409972,185699.0,267.115,12.179366,473378.0,358.566,10.573899,1.605467,-32.52,1.32,8,4243.25,,,5.9,10.181,307.427549,41.29679,307.42754679,41.29680394,13.14,11.892,,434412,490,0.0,0.0,0
0.118706,307.430164224993,41.0645168054925,0.001,0.001,0,2067810046154115200,307.43021457272,0.0213,41.06452914434,0.0244,1.5734,0.0272,8.817,0.042,2.866,0.046,0,304376.0,52.6372,11.979841,179241.0,225.608,12.217797,183598.0,130.957,11.602251,0.615546,-13.52,10.44,10,6744.72,0.726,0.359,1.6,4.758,307.430137,41.064491,307.43011701,41.06448785,12.458,11.772,,434414,490,0.0,0.0,0
0.038094,307.4475168996675,41.0420036469196,0.001,0.001,90,2067809775575413248,307.44754243135,0.0281,41.04203626841,0.0295,2.5159,0.034,4.473,0.058,7.577,0.056,0,3228340.0,1607.61,9.415916,2233670.0,4001.63,9.478838,1472730.0,3348.18,9.341609,0.137229,,,0,8238.27,0.295,0.165,,,307.447514,41.042014,307.44749977,41.04199063,9.537,9.404,A0,434419,490,0.0,0.0,0
0.033425,307.4504443847178,41.7226721158921,0.001,0.001,0,2068051084017233024,307.45061008694,0.0232,41.72276094426,0.0274,7.574,0.0319,28.725,0.047,20.631,0.049,1,5173770.0,1372.94,8.903848,3024740.0,3018.78,9.14967,3064020.0,5219.39,8.546191,0.603478,-21.61,1.04,4,6492.03,0.3185,0.171,1.48,3.489,307.450448,41.722681,307.4503521,41.72262652,9.452,8.982,F5,434421,490,0.0,0.0,0
0.024825,307.4521105681955,41.6413120547487,0.001,0.001,90,2068049469109521024,307.45211975238,0.0246,41.64131031197,0.0253,1.7704,0.0309,1.594,0.051,-0.405,0.047,0,837679.0,310.887,10.880672,492704.0,406.037,11.119924,498793.0,375.979,10.517119,0.602804,-50.58,0.84,8,6475.33,1.0242,0.5335,2.55,10.34,307.452103,41.641316,307.45210032,41.64131931,11.397,10.906,,434422,490,0.0,0.0,0
0.046381,307.4546828673142,41.727408867436,0.001,0.001,90,2068051118376971520,307.45484975133,0.0241,41.72749991513,0.0272,7.5127,0.033,28.927,0.049,21.147,0.048,0,784120.0,378.575,10.952409,393469.0,356.785,11.364111,549161.0,484.017,10.41267,0.951441,-21.02,0.37,10,5390.5,0.0987,0.0447,0.86,0.568,307.454682,41.727396,307.45458892,41.72735016,11.496,10.807,,434425,490,0.0,0.0,0
0.016699,307.4613788409461,41.3113553369277,0.001,0.001,0,2068006347637543808,307.46127194719,0.0189,41.31126273724,0.0229,2.6612,0.0246,-18.648,0.041,-21.507,0.043,0,343340.0,62.2438,11.849056,192403.0,181.241,12.14086,218590.0,144.782,11.412842,0.728018,14.62,0.79,11,6131.48,0.188,0.0933,1.22,1.886,307.461385,41.311355,307.46144936,41.31140145,11.956,11.625,,434429,490,0.0,0.0,0
0.104077,307.4646527721116,41.8462908386438,0.001,0.001,90,2068056169258812416,307.46471166008,0.0204,41.84630885245,0.0251,1.4705,0.0285,10.189,0.046,4.184,0.046,0,567969.0,227.413,11.302553,314640.0,245.578,11.606853,364808.0,235.012,10.85676,0.750093,-23.91,0.39,8,5938.5,1.4478,0.7177,3.03,10.286,307.464618,41.846278,307.46458323,41.84627158,12.474,11.803,,434432,490,0.0,0.0,0
0.102867,307.4725302603569,41.7355595244366,0.001,0.001,0,2068050465541941120,307.47255928379,0.0202,41.73554834664,0.023,1.1795,0.0273,5.03,0.042,-2.596,0.043,0,206589.0,31.391,12.400599,106425.0,92.5318,12.783783,143987.0,80.178,11.86611,0.917673,,,0,5453.33,,,2.75,6.026,307.472528,41.735531,307.47251023,41.73554178,13.172,12.864,,434436,490,0.0,0.0,0
0.007886,307.4757078139389,41.3873685845932,0.001,0.001,0,2068008821538719744,307.47557254267,0.0175,41.3872327007,0.0223,2.2792,0.0229,-23.571,0.037,-31.56,0.044,0,483244.0,206.878,11.47795,274502.0,291.392,11.755025,302854.0,205.141,11.058838,0.696187,7.53,1.55,8,6239.67,0.8233,0.3663,1.63,3.61,307.475705,41.387368,307.47577815,41.38744613,12.045,11.961,,434439,490,0.0,0.0,0
0.02127,307.4839180190787,41.6325291408685,0.001,0.001,90,2068037752438731264,307.48392560052,0.0287,41.63253655173,0.0311,3.8543,0.037,1.316,0.063,1.721,0.06,0,12142800.0,4448.44,7.977572,5504740.0,10035.0,8.499546,9206310.0,16953.8,7.351706,1.14784,-6.44,0.15,11,4941.5,,,8.2,36.115,307.483917,41.632535,307.48391148,41.63252536,9.229,8.234,K 0 II,434442,490,0.0,0.0,0
0.099282,307.4844277093261,41.0820879953986,0.001,0.001,0,2067810286672283392,307.48442770933,0.9552,41.0820879954,1.1273,,,,,,,1,2008170.0,4793.53,9.931364,1303950.0,1120.82,10.063232,1078270.0,1723.92,9.680101,0.383131,-13.66,1.75,4,8023.75,,,,,307.484392,41.082094,307.4843733,41.08208845,10.312,10.025,,434444,490,0.0,0.0,0
0.070219,307.4858558683981,41.1553124831631,0.001,0.001,0,2067810802068357888,307.48584285655,0.0178,41.15529513811,0.0223,2.027,0.0231,-2.275,0.036,-4.029,0.042,0,295075.0,41.5451,12.013533,172347.0,216.672,12.260376,182596.0,337.332,11.608193,0.652183,-20.79,2.59,7,6603.5,0.2055,0.089,1.27,2.777,307.485836,41.155325,307.48585692,41.15532945,12.907,12.378,,434445,490,0.0,0.0,0
0.010391,307.4872907789905,41.4223095595779,0.001,0.001,0,2068009165136109184,307.48732362215,0.0331,41.42231995263,0.0426,2.9412,0.0431,5.72,0.071,2.414,0.083,1,2657340.0,611.165,9.627247,1835440.0,1947.95,9.692037,1225870.0,1154.49,9.540811,0.151226,,,0,8541.33,0.1472,0.0807,,,307.487289,41.422307,307.48727181,41.42230256,9.745,9.644,A2,434448,490,0.0,0.0,0
0.023757,307.4920542126188,41.7203321834426,0.001,0.001,0,2068050396822459904,307.49200275834,0.0218,41.72030678953,0.0252,1.4,0.0296,-8.92,0.045,-5.898,0.049,0,2274930.0,535.246,9.795947,981251.0,763.472,10.371938,1815310.0,1978.9,9.114545,1.257393,-21.23,0.38,8,4784.61,0.0522,0.0273,10.64,53.407,307.492047,41.720336,307.49208097,41.72035097,11.126,10.067,K0,434450,490,0.0,0.0,0
0.057342,307.4933671500949,41.4958735981288,0.001,0.001,0,2068012704189179520,307.49334318883,0.0219,41.49583129436,0.026,0.8694,0.0283,-4.168,0.047,-9.825,0.05,0,1052290.0,430.644,10.633023,298289.0,316.967,11.664796,1103380.0,741.363,9.655103,2.009693,-30.32,0.2,9,3732.39,1.132,0.544,25.07,109.866,307.493382,41.495885,307.49339186,41.49590956,13.164,11.512,,434451,490,0.0,0.0,0
0.009971,307.5026000141925,41.8122886199958,0.002,0.001,0,2068052939443400064,307.50264839082,0.0319,41.81229460791,0.0535,1.3982,0.0501,8.374,0.074,1.391,0.148,0,915187.0,584.858,10.784591,634933.0,6276.31,10.844568,485895.0,9115.43,10.545565,0.299004,,,0,8700.5,,,,,307.502597,41.812287,307.50256109,41.81228457,10.515,10.327,,434456,490,0.0,0.0,0
0.086018,307.5028896761072,41.5146731062277,0.001,0.001,0,2068012807268395904,307.50287548471,0.0225,41.51466403693,0.0277,1.0023,0.0295,-2.468,0.046,-2.106,0.056,0,590082.0,280.884,11.261085,350038.0,466.087,11.491101,349080.0,391.26,10.904609,0.586493,,,0,6796.17,,,3.44,22.738,307.502862,41.514685,307.50286118,41.51468898,11.623,11.487,,434457,490,0.0,0.0,0
0.042447,307.5035399102175,41.8123512954893,0.001,0.001,0,2068052939443400192,307.50358585773,0.0279,41.81235893725,0.0387,1.65,0.0418,7.954,0.062,1.775,0.081,0,1580790.0,627.505,10.191183,1092820.0,4033.18,10.25502,788344.0,6921.82,10.020131,0.234889,,,0,9003.0,0.6687,0.334,,,307.503538,41.812363,307.50350138,41.81236068,10.174,9.911,,434458,490,0.0,0.0,0
0.116167,307.5079873606505,41.4725728475944,0.036,0.034,0,2068009680532192256,307.50793732809,1.0869,41.47247831091,1.1806,9.5134,1.2852,-8.707,2.215,-21.957,2.335,1,370635.0,145.815,11.765999,213485.0,381.343,12.027971,231863.0,251.672,11.34884,0.679132,-8.41,3.41,11,6479.67,0.111,0.051,,,307.508,41.472542,307.50804024,41.47258852,12.303,11.807,,434462,490,0.0,0.0,0
0.211595,307.5088890451602,41.6895821023426,0.001,0.001,0,2068050121944547968,307.50837612406,0.0228,41.68905595058,0.0257,9.6226,0.029,-88.961,0.049,-122.203,0.051,0,793494.0,360.465,10.939507,383637.0,368.413,11.391588,579761.0,509.601,10.353798,1.03779,4.12,0.5,7,5248.75,0.008,0.005,0.72,0.357,307.508828,41.689545,307.50911696,41.68984943,11.713,11.003,,434466,490,0.0,0.0,0
0.091213,307.5263359473097,41.975219176218,0.001,0.001,0,2068062869407813376,307.5263355967,0.0223,41.97520458418,0.0253,0.7959,0.0294,-0.061,0.045,-3.389,0.049,0,571679.0,836.518,11.295486,350555.0,1314.36,11.489499,332147.0,1078.18,10.958595,0.530904,,,0,7502.0,,,3.53,35.613,307.526304,41.975228,307.52630115,41.97523566,11.621,11.47,,434475,490,0.0,0.0,0
0.265972,307.533522102194,41.9082511032279,0.001,0.001,90,2068059669653845888,307.53354705169,0.0235,41.90825218174,0.0255,2.5033,0.0303,4.313,0.048,0.25,0.047,0,266219.0,83.3306,12.125269,150121.0,194.039,12.410288,169149.0,148.178,11.691244,0.719044,-5.0,1.3,7,7033.04,0.0667,0.0343,0.87,1.65,307.533618,41.908232,307.53359168,41.9082325,12.616,11.762,,434479,490,0.0,0.0,0
0.065421,307.5388974264001,41.1960522557525,0.001,0.001,0,2067816784962054912,307.53898663354,0.0186,41.19612228342,0.0258,3.5461,0.026,15.59,0.038,16.264,0.049,0,237723.0,33.0477,12.248187,128379.0,163.928,12.58015,158340.0,160.337,11.762944,0.817205,-1.8,1.01,10,5839.67,0.0397,0.017,0.84,0.744,307.538905,41.196035,307.538859,41.196002,,12.368,,434486,490,0.0,0.0,1
0.054578,307.5527711196814,41.7025088536952,0.001,0.001,0,2068039814023032704,307.55276555478,0.0221,41.70245455119,0.0269,1.9606,0.0297,-0.965,0.046,-12.612,0.052,0,585405.0,233.866,11.269725,352684.0,342.325,11.482923,341002.0,274.789,10.930028,0.552895,-28.09,2.95,7,6847.64,1.095,0.5278,1.73,5.899,307.552772,41.702524,307.55277137,41.70255428,11.813,11.52,,434492,490,0.0,0.0,0
0.039948,307.5538897382487,41.630662256339,0.001,0.001,90,2068037168323170944,307.55387884908,0.0256,41.63064367099,0.0271,0.901,0.0308,-1.89,0.056,-4.317,0.055,0,500484.0,321.144,11.439891,312499.0,427.039,11.614266,282020.0,274.199,11.136219,0.478047,,,0,7677.0,,,2.8,24.584,307.553902,41.630656,307.55390734,41.6306728,11.848,11.433,,434493,490,0.0,0.0,0
0.030645,307.5663442232707,41.355859953188,0.001,0.001,0,2068007825106276736,307.56665528028,0.0202,41.35563606414,0.0246,5.2599,0.0264,54.229,0.043,-52.0,0.047,0,681780.0,262.135,11.104255,365353.0,401.54,11.444607,452452.0,354.57,10.62299,0.821617,-22.88,0.62,13,5695.92,0.0278,0.0157,1.02,0.978,307.566335,41.355855,307.56616261,41.35598644,11.727,11.158,,434503,490,0.0,0.001,1
0.074312,307.5673479366196,41.4283414448241,0.001,0.001,0,2068008611082149632,307.56734876501,0.0202,41.42831834157,0.0248,0.9718,0.0264,0.144,0.041,-5.366,0.045,1,235286.0,34.6728,12.259378,135278.0,186.115,12.523323,147933.0,183.813,11.836756,0.686567,,,0,6618.0,,,2.36,9.636,307.56736,41.42836,307.56735561,41.4283709,12.896,12.225,,434504,490,0.683,0.4753,1
0.027863,307.5700106871298,41.2951478401117,0.001,0.001,0,2067819735600376960,307.57004883435,0.0216,41.29517157097,0.0255,1.5724,0.0263,6.657,0.046,5.512,0.048,1,2543940.0,691.823,9.6746,1572040.0,2309.34,9.860229,1394160.0,2557.75,9.401135,0.459094,,,0,7109.62,,,4.17,40.034,307.570002,41.295152,307.56998523,41.29513676,10.103,9.749,,434509,490,0.0,0.0,1
0.021253,307.596925234053,40.6647396306451,0.001,0.001,0,2067785826838212736,307.59696458913,0.0397,40.6647491768,0.0436,3.0462,0.0491,6.933,0.085,2.217,0.086,1,12112500.0,5628.15,7.980286,9023310.0,21634.7,7.962973,4847700.0,10781.9,8.048081,-0.085108,,,0,8598.67,0.1965,0.1165,,,307.59692,40.664744,307.59690761,40.66473469,7.934,7.984,B 9.5IV,434525,490,0.0,0.0,0
0.318261,307.6010379962505,41.8562280237347,0.001,0.001,0,2068058540080764288,307.60111073139,0.0222,41.85622810122,0.0265,2.0787,0.0291,12.583,0.047,0.018,0.051,0,308177.0,48.5346,11.966366,165313.0,226.242,12.305618,204800.0,116.812,11.483596,0.822022,2.51,1.25,8,5786.33,,,1.67,2.815,307.600971,41.856301,307.60094838,41.85629784,12.403,11.827,,434528,490,0.0,0.0,0
0.031639,307.6030829576171,40.6698410871897,0.001,0.001,0,2067785861197360128,307.60311806894,0.0209,40.66984993822,0.0251,2.8681,0.0274,6.185,0.044,2.056,0.047,0,970318.0,472.854,10.72108,593169.0,661.032,10.918443,547774.0,328.636,10.415417,0.503026,-9.8,2.16,4,6935.59,0.2697,0.125,1.48,4.574,307.603088,40.669849,307.60306602,40.66984429,10.933,10.561,,434529,490,0.0,0.0,0
0.133349,307.6199727754475,41.3905958583786,0.001,0.001,0,2067820701972258304,307.619925211,0.0194,41.39058511243,0.0244,1.4715,0.0263,-8.288,0.042,-2.496,0.045,0,156180.0,24.0647,12.704299,85284.9,80.6064,13.024208,102843.0,77.354,12.231481,0.792728,-8.18,1.88,10,5948.0,,,1.58,2.823,307.619926,41.390584,307.61997836,41.39059215,13.137,12.501,,434540,490,0.0042,0.477,1
0.085348,307.6650672510067,40.8913812842319,0.001,0.001,0,2067792733145081088,307.66509871547,0.0267,40.89137258426,0.0304,1.2697,0.0324,5.524,0.056,-2.021,0.061,0,769444.0,300.5,10.972922,515701.0,683.606,11.070394,381471.0,396.618,10.808268,0.262126,,,0,8264.0,0.5667,0.2815,,,307.665048,40.8914,307.66503019,40.89140189,11.141,10.985,,434567,490,0.0,0.0,0
0.044479,307.665416358748,41.1468857313167,0.001,0.001,0,2067813005390784896,307.66539966617,0.0293,41.14686966082,0.0368,0.7494,0.0397,-2.919,0.063,-3.733,0.08,0,1734540.0,2695.39,10.090404,336886.0,1341.98,11.532681,2128450.0,8134.49,8.941764,2.590917,,,0,3572.05,1.58,0.7867,43.18,273.471,307.665432,41.146882,307.6654425,41.14689145,12.435,11.161,,434568,490,0.9105,0.6642,1
0.031412,307.6722451766466,41.0787633846401,0.001,0.001,0,2067812520055286272,307.67231244003,0.0204,41.07871889289,0.0232,1.7563,0.0256,11.776,0.043,-10.334,0.046,0,433879.0,85.8768,11.594944,246267.0,235.894,11.872875,274814.0,180.618,11.164325,0.70855,-10.77,0.61,5,6447.0,,,1.87,5.443,307.672255,41.078768,307.67222399,41.07879235,12.268,11.604,,434570,490,0.0007,0.2075,1
0.016414,307.6825999244662,41.7213405263515,0.001,0.001,0,2068039225609032320,307.68230204439,0.0224,41.72096071411,0.0286,9.0351,0.0308,-51.639,0.047,-88.215,0.055,0,2997360.0,911.772,9.49652,1605240.0,1762.09,9.837537,1969580.0,2280.24,9.025984,0.811553,-9.82,0.88,5,5792.0,0.226,0.116,1.2,1.449,307.682606,41.721341,307.68277443,41.72155746,10.259,9.639,G5,434577,490,0.0,0.0,0
0.077251,307.6857165562769,40.7761913710749,0.001,0.001,0,2067788128940097536,307.68576176745,0.0224,40.77607600434,0.0254,2.661,0.0275,7.952,0.048,-26.795,0.05,0,613261.0,339.727,11.219252,321518.0,232.623,11.583374,415511.0,259.485,10.715464,0.86791,-27.94,0.74,4,5573.0,,,2.0,3.473,307.685714,40.77617,307.68569266,40.77623602,11.969,11.33,,434579,490,0.0,0.0,0
0.04233,307.68879681863,40.8323025129746,0.001,0.001,0,2067789086713729152,307.68886124173,0.0211,40.83247170682,0.0265,7.6351,0.0286,11.321,0.045,39.297,0.054,0,1547450.0,624.909,10.214323,838755.0,790.708,10.542301,1005960.0,1003.93,9.755471,0.78683,-23.68,0.29,5,6056.0,0.0685,0.039,0.92,1.035,307.688812,40.8323,307.68877625,40.83220553,11.005,10.356,,434580,490,0.0,0.0,0
0.134598,307.6921483148049,41.2924537881641,0.005,0.004,0,2067816269565958272,307.69219194237,0.1266,41.29244852378,0.1531,1.5413,0.1619,7.613,0.278,-1.223,0.303,0,410251.0,110.379,11.655743,249621.0,229.888,11.858184,236718.0,202.27,11.326344,0.53184,,,0,7009.0,,,1.76,6.705,307.692119,41.292484,307.69209985,41.29247799,12.414,11.858,,434582,490,0.0045,0.1377,1
0.041735,307.7082174932604,40.7384724622931,0.001,0.001,90,2067787746683936640,307.70822183999,0.0255,40.73846109558,0.0284,0.6532,0.033,0.765,0.055,-2.64,0.053,0,2048440.0,919.008,9.909806,1094800.0,1762.95,10.253053,1366000.0,1996.28,9.423296,0.829757,,,0,5684.88,,,14.24,190.775,307.708216,40.738484,307.70821291,40.73849131,10.662,10.061,,434586,490,0.0,0.0,0
0.014274,307.7170822140088,41.3289344004277,0.002,0.001,0,2067842760924242048,307.71709976366,0.0393,41.32893461977,0.0543,1.8035,0.0483,3.061,0.084,0.051,0.102,1,5914450.0,1942.46,8.75858,4369380.0,5785.08,8.750338,2434770.0,4524.1,8.795774,-0.045436,,,0,9367.75,0.2377,0.1413,,,307.71708,41.328938,307.71707192,41.3289325,8.72,8.742,A0,434590,490,0.0004,0.0,1
0.071764,307.7213656822042,41.6094110942533,0.001,0.001,0,2068034934940154496,307.72138439099,0.0285,41.60940236031,0.0329,2.0901,0.0352,3.249,0.06,-2.029,0.062,0,966296.0,315.373,10.72559,643469.0,622.929,10.83007,481395.0,189.757,10.555666,0.274404,,,0,8185.0,,,,,307.721388,41.609422,307.72137493,41.60942516,10.981,10.702,,434595,490,0.014,0.0,1
0.058306,307.7220843096082,41.1210858784047,0.001,0.001,0,2067802418292204672,307.72217534258,0.0191,41.12105954926,0.0228,4.5703,0.0247,15.928,0.04,-6.115,0.046,0,386417.0,79.6896,11.720724,202765.0,180.397,12.083906,262798.0,194.31,11.212864,0.871042,-25.08,0.96,9,5486.02,0.051,0.0247,0.96,0.748,307.722065,41.121093,307.72201779,41.12110374,12.241,11.599,,434596,490,0.0,0.1521,1
0.166941,307.7232808502711,41.39711357586,0.014,0.012,0,2067843551198241920,307.72327750692,0.3796,41.39713445102,0.4788,4.374,0.4777,-0.583,0.799,4.848,0.9,0,327359.0,76.182,11.900804,188412.0,234.012,12.163616,204356.0,168.176,11.485951,0.677665,,,0,6363.5,0.0323,0.016,0.67,0.663,307.723238,41.397147,307.72324703,41.39714199,12.364,12.052,,434597,490,0.1101,0.0105,1
0.029431,307.7243089204658,41.3464211385594,0.001,0.001,0,2067842864003459584,307.72431120528,0.0201,41.34639494689,0.0255,1.5004,0.0255,0.398,0.043,-6.083,0.048,0,726744.0,326.754,11.034912,469633.0,592.63,11.171991,381018.0,310.206,10.809557,0.362434,,,0,7762.5,0.764,0.3697,1.99,12.952,307.724303,41.346428,307.72430704,41.34644029,11.231,10.964,,434598,490,0.9647,0.0,1
0.200061,307.7508513714477,40.8304694981642,0.001,0.001,0,2067788713055642880,307.75082407214,0.0197,40.83044147772,0.0247,0.6116,0.0254,-4.798,0.04,-6.508,0.045,0,963193.0,264.797,10.729082,302288.0,280.201,11.650334,975347.0,774.401,9.789022,1.861312,,,0,4052.13,0.7455,0.3577,26.01,164.359,307.750837,40.830415,307.75086051,40.83043642,12.089,11.214,,434609,490,0.0,0.0,0
0.186625,307.7656256915607,41.4798613368932,0.001,0.001,0,2067846055159959296,307.7655098039,0.0212,41.47978203901,0.0265,2.6251,0.0283,-20.165,0.044,-18.418,0.048,0,239624.0,32.7652,12.239539,125057.0,152.861,12.608621,163344.0,113.8,11.729162,0.879458,,,0,5481.4,0.421,0.2,1.32,1.407,307.765665,41.479904,307.76571987,41.47994513,13.438,13.632,,434619,490,0.0001,0.0295,1
0.07342,307.767630416761,41.8147804443102,0.001,0.001,0,2068045826977564928,307.76764464292,0.0342,41.81477072318,0.0377,1.6941,0.0418,2.463,0.075,-2.258,0.079,0,786912.0,343.944,10.948551,523698.0,668.173,11.053686,392977.0,230.108,10.776004,0.277682,,,0,8120.0,0.5803,0.2877,,,307.767605,41.814788,307.76759888,41.81479023,11.21,10.937,,434621,490,0.0,0.0,0
0.012401,307.7787470457346,40.8580176472139,0.001,0.001,0,2067794657290378880,307.77878734994,0.022,40.85818868053,0.0252,4.4636,0.0274,7.08,0.045,39.724,0.046,0,25807300.0,3986.37,7.159008,11530300.0,16586.3,7.696789,19728200.0,51383.6,6.524203,1.172586,-23.04,0.15,12,4906.0,0.1605,0.088,10.52,57.719,307.778746,40.858021,307.77872273,40.85792229,8.447,7.431,K0III,434626,490,0.0,0.0,0
0.07218,307.7842328844153,41.5923762201197,0.001,0.001,90,2067847055891837952,307.78422665186,0.0243,41.59233458663,0.0266,1.1283,0.0301,-1.083,0.056,-9.67,0.051,0,918476.0,260.728,10.780696,344119.0,436.646,11.509616,819980.0,493.897,9.977412,1.532204,-13.22,1.06,4,4337.0,0.5973,0.289,11.1,39.288,307.784251,41.592391,307.78424133,41.5924169,12.79,11.23,,434627,490,0.0548,0.2675,1
0.036617,307.7939420737629,41.5315162294027,0.002,0.002,90,2067846574853004672,307.79392422714,0.0523,41.53149752974,0.0576,0.5487,0.0656,-3.103,0.116,-4.343,0.106,0,1253580.0,1116.71,10.442987,391077.0,1659.01,11.370731,1354220.0,6410.75,9.432699,1.938032,,,0,3844.25,,,39.33,304.39,307.793929,41.531519,307.79393463,41.53153065,12.481,11.364,,434633,490,0.9997,0.9902,1
0.316169,307.7954601296308,41.7878779040953,0.001,0.001,0,2068042734601107584,307.79547505841,0.0222,41.78794904866,0.026,3.9922,0.027,2.585,0.046,16.524,0.05,0,358442.0,62.0161,11.80232,188822.0,164.12,12.161259,242352.0,203.422,11.300804,0.860455,-25.71,0.8,2,5752.0,0.122,0.0558,0.95,0.89,307.795354,41.787916,307.79534868,41.78787053,12.471,12.232,,434634,490,0.0,0.0,0
0.022571,307.831427748538,41.8605308010629,0.006,0.005,0,2068044826249287680,307.83141954561,0.1575,41.8605213997,0.1965,0.9577,0.201,-1.419,0.325,-2.184,0.374,0,2501560.0,597.674,9.692841,1188510.0,1292.99,10.163881,1856590.0,2230.53,9.090132,1.07375,-5.84,0.71,8,5060.0,,,,,307.831434,41.860535,307.83143382,41.86054339,10.783,9.909,,434649,490,0.0,0.0,0
0.053061,307.8417786348522,41.5245452962009,0.001,0.001,0,2067845887660714880,307.84176402383,0.0216,41.5245252445,0.0298,0.5532,0.0301,-2.541,0.047,-4.657,0.054,0,1720250.0,781.542,10.099385,631225.0,660.24,10.850927,1574160.0,1451.92,9.2693,1.581627,,,0,4365.0,0.839,0.388,30.39,302.135,307.84178,41.52456,307.84178501,41.52457289,11.621,10.614,,434656,490,0.9802,1.0,1
0.147079,307.842531087242,41.8271520106166,0.002,0.002,0,2068044379572689408,307.84234583293,0.0655,41.82697092602,0.0693,4.7977,0.0774,-32.062,0.131,-42.058,0.134,0,691361.0,273.445,11.089104,360518.0,454.215,11.45907,469660.0,353.038,10.582461,0.876609,14.99,2.36,8,5456.24,0.286,0.137,1.24,1.218,307.842571,41.827124,307.84266969,41.82722858,11.872,11.132,,434657,490,0.0,0.0,0
0.388921,307.8870841356388,41.0568925103954,0.001,0.001,90,2067798299422673536,307.8870698702,0.0199,41.05686172733,0.021,1.1119,0.0261,-2.498,0.043,-7.15,0.041,0,252244.0,59.4319,12.183814,129147.0,151.619,12.573682,177650.0,148.238,11.638008,0.935674,,,0,5430.33,,,3.26,8.301,307.88706,41.056999,307.88708394,41.05700274,12.365,11.69,,434678,490,0.1299,0.3664,1
0.438796,307.8925869501954,41.4696182898429,0.001,0.001,90,2067842378667954560,307.89259338438,0.0205,41.46958647821,0.0238,1.9865,0.0276,1.12,0.045,-7.389,0.042,0,369395.0,76.8169,11.769638,212221.0,207.411,12.034418,228370.0,211.072,11.365323,0.669095,,,0,6358.5,0.7983,0.371,1.57,3.625,307.89274,41.469577,307.89271593,41.46960025,12.133,12.352,,434684,490,0.0098,0.0,1
0.198102,307.9003067537291,41.8111671398774,0.001,0.001,90,2068043731033335424,307.90030624939,0.0217,41.81115290101,0.0236,0.7698,0.0257,-0.087,0.044,-3.307,0.041,0,373124.0,154.794,11.758732,186496.0,281.778,12.174714,277576.0,425.411,11.153465,1.021249,,,0,5183.3,,,6.39,26.518,307.900239,41.811189,307.90024091,41.81119271,12.368,12.182,,434688,490,0.6733,0.0057,1
0.041121,307.9035114477375,41.7288443255704,0.001,0.001,0,2067855199149986944,307.90350371882,0.0204,41.72882508612,0.0266,0.8748,0.0267,-1.34,0.042,-4.469,0.045,0,1887100.0,899.691,9.998878,696686.0,583.299,10.743796,1697200.0,1541.94,9.187587,1.55621,-6.8,0.27,4,4304.69,0.2833,0.132,21.0,136.42,307.903506,41.728855,307.90350858,41.72886704,11.456,10.437,,434691,490,0.9493,1.0,1
0.040915,307.9062729233805,41.2224997565404,0.001,0.001,90,2067826062091598976,307.90625934801,0.0278,41.22248322073,0.0308,0.6834,0.036,-2.372,0.059,-3.841,0.058,0,3283260.0,10993.3,9.397602,827101.0,8145.89,10.557491,3655270.0,34554.8,8.35462,2.202871,,,0,3727.0,,,56.6,556.789,307.906288,41.222499,307.90629744,41.2225031,11.67,10.482,O9?,434694,490,0.3048,0.6185,1
0.097681,307.9088500290091,41.7309198792513,0.026,0.025,0,2067855302229202304,307.90881758878,0.7837,41.73090138931,0.8639,-1.8835,0.891,-5.623,1.615,-4.294,1.68,0,2259170.0,555.615,9.803492,1476320.0,2007.82,9.92844,1174790.0,1061.19,9.587015,0.341425,,,0,7982.0,,,,,307.908831,41.730943,307.9088437,41.73095908,10.062,9.818,,434697,490,0.5121,0.0,1
0.142639,307.9130916157704,40.8273606348763,0.001,0.001,0,2067746828534513792,307.91310602511,0.0199,40.8273536962,0.021,1.4377,0.0243,2.532,0.042,-1.612,0.042,0,410540.0,104.695,11.654978,263772.0,336.791,11.798317,218906.0,171.738,11.411274,0.387043,,,0,7506.5,0.684,0.3255,1.66,7.841,307.91308,40.827322,307.9130727,40.82733175,12.058,11.43,,434699,490,0.5756,0.0612,1
0.243294,307.9204844876834,41.3611920580108,0.001,0.001,90,2067840699340171904,307.92029888067,0.0229,41.36112032428,0.0231,7.1412,0.0283,-32.356,0.048,-16.661,0.041,0,566700.0,280.291,11.304982,285910.0,458.32,11.710816,396739.0,362.952,10.765657,0.945159,-6.49,0.58,10,5405.5,0.0247,0.0123,0.77,0.453,307.920559,41.36123,307.92065395,41.36126869,12.434,11.515,,434701,490,0.0,0.9498,1
0.092449,307.9293736723918,41.115891179576,0.001,0.001,0,2067822042001889024,307.9294088483,0.0185,41.11585005631,0.0205,2.3115,0.0254,6.155,0.038,-9.551,0.039,0,1048510.0,205.293,10.636938,593536.0,460.17,10.917769,654856.0,521.231,10.221556,0.696214,,,0,6120.0,,,2.46,7.636,307.929359,41.115868,307.92934128,41.11589207,11.184,10.616,,434703,490,0.0043,0.0,1
0.2033,307.9386663287011,42.0088789530135,0.001,0.001,0,2068142515281718912,307.9386874855,0.0199,42.00887097987,0.0243,1.4354,0.026,3.651,0.042,-1.852,0.047,0,404426.0,102.663,11.671268,245132.0,248.062,11.877891,235957.0,224.245,11.329836,0.548055,-48.73,1.74,9,7097.5,0.696,0.4003,1.83,7.636,307.938704,42.008928,307.93868271,42.00892685,12.023,12.063,,434709,490,0.0,0.0,0
0.006716,307.9388551693553,41.8206870690312,0.001,0.001,90,2068043623658445440,307.93884707152,0.0343,41.82068926487,0.0372,1.7605,0.0414,-1.402,0.071,0.51,0.068,0,5152550.0,1866.76,8.908311,3795170.0,5994.3,8.903311,2137370.0,4283.91,8.93722,-0.033909,,,0,9438.0,0.263,0.15,,,307.938853,41.820688,307.93885698,41.82068738,8.88,8.939,B8,434710,490,0.0465,0.0,1
0.014073,307.941684827407,41.2908535803611,0.001,0.001,90,2067828467273010176,307.94149912905,0.0217,41.29078280343,0.0235,7.1921,0.0292,-32.407,0.05,-16.439,0.043,0,4657000.0,1077.53,9.0181,2729390.0,3790.93,9.261224,2754080.0,4763.14,8.661978,0.599246,-6.33,0.19,10,6594.22,0.2653,0.1395,1.43,3.482,307.94169,41.290854,307.94178776,41.29089262,9.557,9.116,F5,434715,490,0.0,0.0,1
0.02084,307.9482248322061,41.110575231555,0.001,0.001,0,2067821973282404352,307.94836089879,0.0224,41.11061365552,0.0263,4.4198,0.0306,23.811,0.046,8.924,0.051,0,7780140.0,2201.9,8.460897,4461690.0,5407.42,8.72764,4685450.0,9098.54,8.085042,0.642598,-18.91,1.08,8,6407.33,,,3.19,15.417,307.948219,41.110579,307.94813959,41.1105527,9.055,8.562,F5,434717,490,0.0,0.0,1
0.081213,307.956906894173,41.4740303079572,0.001,0.001,90,2067847502568383744,307.95688909863,0.023,41.47401231958,0.0249,0.5949,0.0318,-3.097,0.051,-4.178,0.041,0,713054.0,338.655,11.055559,273380.0,430.23,11.759472,643066.0,627.394,10.241282,1.51819,,,0,4442.62,0.342,0.159,17.26,104.599,307.956937,41.47403,307.95693519,41.47404492,12.578,11.697,,434720,490,0.7651,0.9133,1
0.043384,307.9573494438305,41.559627753799,0.003,0.003,90,2067849083116503936,307.95728834189,0.0866,41.55954618645,0.0943,4.4254,0.1054,-10.619,0.176,-18.945,0.163,0,755997.0,268.402,10.992066,406938.0,383.825,11.327567,495689.0,382.418,10.523897,0.80367,1.19,1.82,8,5749.37,0.226,0.1175,1.25,1.527,307.957353,41.559616,307.95737904,41.55966019,11.71,11.098,,434721,490,0.0,0.0029,1
0.151314,307.9626484449052,41.4391621720163,0.001,0.001,90,2067847193330730752,307.96261048871,0.0171,41.43910203378,0.0206,1.2524,0.0237,-6.609,0.038,-13.968,0.036,0,1215570.0,452.987,10.476415,458354.0,497.59,11.198385,1076110.0,852.345,9.68228,1.516106,-20.58,0.26,13,4478.93,0.6353,0.3065,10.45,39.627,307.962677,41.439126,307.96268793,41.43916586,12.355,10.806,,434725,490,0.0002,0.126,1
0.122042,307.965311024945,41.8057297652117,0.001,0.001,90,2067855882048012288,307.96530863135,0.0253,41.80572826973,0.0285,1.1147,0.032,-0.414,0.052,-0.347,0.048,0,822552.0,320.067,10.900457,479080.0,560.363,11.150369,498958.0,331.953,10.51676,0.633609,,,0,6500.5,,,3.99,25.61,307.965288,41.805759,307.96528764,41.80575814,11.353,11.016,,434727,490,0.1463,0.0,1
0.060644,307.9715870139586,41.9028742719916,0.001,0.001,0,2068138216017661440,307.9716209635,0.0209,41.90284083688,0.0262,1.5712,0.0269,5.869,0.042,-7.766,0.048,0,992411.0,245.264,10.696636,559885.0,429.552,10.981141,621963.0,393.395,10.277508,0.703633,11.17,0.68,8,6207.79,,,3.42,15.607,307.971598,41.902889,307.97157724,41.90290908,11.21,10.841,,434730,490,0.0,0.0,0
0.219435,307.9762765896876,41.2808220013016,0.001,0.001,90,2067827780078227840,307.97623212557,0.0181,41.28074215942,0.0204,1.8692,0.0238,-7.761,0.04,-18.544,0.038,0,495257.0,189.433,11.451288,282443.0,279.079,11.724062,308766.0,156.129,11.037845,0.686217,19.67,1.1,13,6326.25,,,1.95,5.492,307.976357,41.28083,307.97637382,41.28087029,12.17,11.824,,434733,490,0.0019,0.0076,1
0.045136,307.9861869497829,40.9180246503988,0.001,0.001,90,2067749057618527232,307.98612601105,0.0237,40.91796262186,0.0236,1.4879,0.0299,-10.695,0.047,-14.407,0.044,0,2290050.0,756.859,9.788754,984545.0,749.077,10.3683,1837910.0,2064.09,9.101108,1.267192,2.85,0.24,6,4787.87,0.032,0.02,10.02,47.555,307.986194,40.918036,307.9862295,40.91807096,11.114,10.079,,434734,490,0.0,1.0,1
0.21383,307.9874700510734,41.2095132096151,0.001,0.001,90,2067824378464107520,307.98745910397,0.0339,41.20942529105,0.0372,3.0618,0.0415,-1.913,0.074,-20.42,0.071,0,211357.0,46.5706,12.375824,106474.0,127.741,12.783283,150602.0,127.368,11.817346,0.965938,-11.03,6.6,15,5370.0,0.348,0.1593,1.11,0.924,307.987427,41.209563,307.98743941,41.20959619,12.997,12.326,,434736,490,0.1638,0.6152,1
0.022212,307.9993345403425,41.343163442942,0.001,0.001,90,2067828364194073856,307.99930204694,0.0207,41.34313258941,0.024,0.9958,0.0277,-5.666,0.045,-7.166,0.045,0,1688420.0,492.606,10.119663,946426.0,1163.09,10.411172,1070410.0,745.918,9.688049,0.723123,,,0,6141.98,,,7.19,66.212,307.999329,41.343168,307.9993434,41.34318469,10.696,10.207,,434742,490,0.2023,0.0,1
0.116412,308.0016996896192,40.9012578332402,0.001,0.001,0,2067748782741019904,308.00166166523,0.0193,40.90121159367,0.0221,2.3189,0.0239,-6.675,0.039,-10.74,0.042,0,367411.0,69.0164,11.775486,208125.0,202.909,12.055576,231388.0,149.632,11.351069,0.704508,-4.99,1.17,7,6063.5,0.3517,0.1673,1.48,2.663,308.00174,40.901247,308.00175646,40.90127561,12.146,11.824,,434743,490,0.0858,0.0008,1
0.163308,308.0077334624489,40.6391536898082,0.001,0.001,0,2067729957902856704,308.00765293381,0.0177,40.63911901119,0.0243,2.5713,0.0251,-14.193,0.038,-8.054,0.052,0,272677.0,85.7981,12.099244,151680.0,191.627,12.399065,175510.0,218.834,11.651168,0.747897,-17.06,0.85,13,6043.0,0.0695,0.039,1.16,1.609,308.007791,40.639166,308.00783022,40.63918695,12.405,11.946,,434746,490,0.0,0.0,0
0.0446,308.0088062607277,41.735863500892,0.001,0.001,90,2067854748176646272,308.00877727823,0.0251,41.73581068122,0.0273,1.8202,0.0303,-5.023,0.051,-12.268,0.048,0,1595530.0,481.183,10.181103,1052490.0,1166.43,10.29584,803266.0,628.888,9.999772,0.296068,,,0,7859.0,0.6803,0.3667,2.38,19.48,308.00879,41.735866,308.00880353,41.73589533,10.376,10.101,,434748,490,0.0013,0.0,1
0.037118,308.0140247745839,40.6251298358631,0.001,0.001,0,2067729889183371776,308.01404784543,0.0188,40.62513415326,0.0262,2.4961,0.0282,4.067,0.04,1.003,0.055,0,954294.0,556.869,10.73916,586481.0,1321.49,10.930754,537832.0,688.192,10.435303,0.495451,-17.26,10.35,12,7057.5,0.4507,0.2303,1.63,5.953,308.014031,40.625139,308.01401589,40.62513345,11.144,10.764,,434751,490,0.0,0.0,0
0.028378,308.015869166465,41.9752063126632,0.001,0.001,0,2068139972660574208,308.01580475154,0.0203,41.97513969771,0.0238,1.3876,0.0271,-11.122,0.041,-15.472,0.043,0,1604870.0,352.463,10.174765,726983.0,614.141,10.697577,1235740.0,1223.48,9.532099,1.165479,-15.99,0.41,8,4930.71,,,8.33,36.921,308.015877,41.975201,308.01590619,41.9752429,11.444,10.417,,434752,490,0.0,0.0,0
0.107306,308.0164617052697,41.525002206423,0.001,0.001,90,2067848086684138496,308.01643082111,0.0258,41.52497028449,0.0314,1.4501,0.0384,-5.37,0.057,-7.414,0.051,0,527102.0,211.75,11.38363,309902.0,429.539,11.623328,318048.0,222.398,11.00569,0.617639,7.32,7.13,4,6511.0,,,2.45,9.696,308.016472,41.525031,308.01648118,41.52504868,11.924,11.659,,434753,490,0.7159,0.0,1
0.054115,308.0315416950637,40.9573145726356,0.001,0.001,90,2067772628399045888,308.03154457813,0.0288,40.95730440465,0.0293,1.4309,0.0351,0.506,0.059,-2.362,0.054,0,2590170.0,750.647,9.655044,1871070.0,2113.73,9.671161,1114320.0,1247.84,9.644393,0.026768,,,0,9280.0,0.4253,0.219,,,308.031559,40.957322,308.03154921,40.95732139,9.649,9.68,A0,434760,490,0.0092,0.0,1
0.052235,308.0522363055827,40.6631899279989,0.001,0.001,0,2067730129701538688,308.05228397597,0.0206,40.66320371469,0.0242,1.1244,0.0282,8.399,0.045,3.202,0.049,1,1042190.0,308.257,10.643502,322458.0,335.152,11.580204,1042450.0,819.138,9.716785,1.86342,-50.37,0.34,9,4062.15,1.246,0.606,14.6,52.274,308.052255,40.663193,308.05222659,40.66318115,12.478,11.216,,434767,490,0.0,0.0,0
0.096245,308.0531221898607,40.6349067321143,0.001,0.001,0,2067730026622315008,308.05306553843,0.0182,40.63496394429,0.0228,1.593,0.0244,-9.985,0.039,13.288,0.043,0,344848.0,53.5685,11.844296,192956.0,231.649,12.137743,221543.0,165.599,11.398276,0.739467,-35.53,2.17,8,6150.25,,,2.02,5.283,308.053087,40.634908,308.05313083,40.63487582,12.711,11.596,,434769,490,0.0,0.0,0
0.049499,308.0575920060796,41.4533348907635,0.001,0.001,90,2067835682818357376,308.05757788467,0.0237,41.45331711798,0.03,0.67,0.0361,-2.458,0.052,-4.128,0.051,0,2542480.0,1436.36,9.675221,908834.0,1059.71,10.455177,2361710.0,2790.5,8.828856,1.626322,,,0,4253.37,0.5403,0.2545,33.03,321.6,308.057606,41.453326,308.05761036,41.4533404,11.199,10.124,O8,434771,490,0.8607,0.9965,1
0.018678,308.0604707271711,41.7968741921952,0.001,0.001,90,2067948795076201472,308.06044887151,0.0239,41.79688454255,0.0249,1.2708,0.0287,-3.784,0.048,2.404,0.046,0,612511.0,315.254,11.22058,354602.0,517.238,11.477036,373402.0,397.935,10.831479,0.645556,,,0,6432.5,,,3.08,14.677,308.060466,41.796878,308.06047492,41.79687358,11.491,11.105,,434774,490,0.0801,0.0,1
0.073356,308.0674154309141,41.7168999481004,0.007,0.006,90,2067945324740122880,308.06743066385,0.1993,41.71688051967,0.2195,0.624,0.2559,2.641,0.424,-4.512,0.393,0,705284.0,579.66,11.067456,392556.0,614.47,11.366634,457389.0,414.481,10.611204,0.75543,,,0,6058.0,1.888,0.954,,,308.067421,41.71688,308.06741592,41.71688879,11.764,11.528,,434776,490,0.5461,0.0,1
0.095575,308.0690091515893,41.4265749682416,0.001,0.001,0,2067835614098871040,308.06899582471,0.0208,41.4265546794,0.0265,0.5786,0.0291,-2.321,0.044,-4.712,0.055,0,815283.0,316.873,10.910094,283706.0,488.551,11.719218,784876.0,708.378,10.024917,1.694302,,,0,4150.73,0.7005,0.3483,23.39,146.314,308.06904,41.426588,308.06903826,41.42658779,12.266,11.465,,434779,490,0.4575,0.667,1
0.054277,308.08657389685,41.8669119231252,0.002,0.002,0,2067950096449560320,308.08659344442,0.0513,41.86691120633,0.0598,1.5469,0.0664,3.381,0.104,-0.166,0.111,1,4120420.0,2969.59,9.151011,3533260.0,96816.7,8.980949,2110300.0,51104.4,8.951058,0.029891,,,0,9084.0,,,,,308.086574,41.866927,308.08656626,41.86692528,8.98,9.008,A0,434785,490,0.049,0.0,1
0.054452,308.0870705630192,41.8668320806519,0.004,0.003,0,2067950100746274816,308.08708153072,0.1046,41.86682334708,0.1525,0.49,0.1424,1.897,0.21,-2.028,0.284,0,2126320.0,4989.36,9.869296,2830900.0,258380.0,9.221576,1591910.0,148843.0,9.257124,-0.035548,,,0,5939.73,,,,,308.087069,41.866817,308.08705876,41.86681667,9.988,9.844,,434786,490,0.0186,0.0,1
0.022419,308.0934338990198,41.3052617729417,0.002,0.001,90,2067830941174418048,308.09341623081,0.0505,41.3052441863,0.0485,0.6376,0.0564,-3.083,0.101,-4.085,0.08,1,9537380.0,49896.7,8.239793,2306430.0,42097.2,9.444037,11521100.0,184606.0,7.108184,2.335853,,,0,3728.78,,,103.22,1855.733,308.093434,41.305268,308.09343797,41.30527289,10.672,9.221,OF,434789,490,0.3559,0.0,1
0.950035,308.0934338990198,41.3052617729417,0.002,0.001,90,2067830941174418048,308.09341623081,0.0505,41.3052441863,0.0485,0.6376,0.0564,-3.083,0.101,-4.085,0.08,1,9537380.0,49896.7,8.239793,2306430.0,42097.2,9.444037,11521100.0,184606.0,7.108184,2.335853,,,0,3728.78,,,103.22,1855.733,308.093718,41.305417,308.09372037,41.3054289,10.658,9.213,OF,434790,490,0.9061,0.0,1
0.181882,308.1055641914201,41.5671698161139,0.001,0.001,90,2067849869093800320,308.10551892962,0.0231,41.56708509382,0.0274,2.4351,0.0338,-7.865,0.052,-19.677,0.05,0,262479.0,108.443,12.140628,147275.0,260.765,12.431069,168706.0,297.827,11.694095,0.736975,0.66,1.16,9,6183.48,0.083,0.0623,1.14,1.72,308.105572,41.56722,308.1056035,41.56726213,12.556,12.061,,434793,490,0.0001,0.1792,1
0.12177,308.1152270075716,41.4394644493474,0.001,0.001,0,2067834926904094848,308.11521383053,0.0201,41.43944651718,0.0275,0.6295,0.0303,-2.294,0.044,-4.165,0.05,0,1117810.0,334.901,10.567449,406335.0,395.458,11.329176,1037680.0,737.166,9.721762,1.607414,,,0,4307.0,0.8715,0.4815,22.42,155.874,308.115272,41.439467,308.11527588,41.43947656,11.659,10.901,,434795,490,0.944,0.1627,1
0.082317,308.1155737529205,41.4811796669602,0.001,0.001,0,2067837263366481536,308.11556032395,0.0233,41.4811623582,0.0276,0.6164,0.0314,-2.337,0.051,-4.02,0.052,0,766167.0,320.816,10.977557,314849.0,608.869,11.606133,658407.0,458.575,10.215684,1.390449,,,0,4462.8,0.492,0.2223,17.04,103.808,308.115564,41.481158,308.11556935,41.48117153,12.013,11.296,,434796,490,0.9684,0.2424,1
0.039242,308.118711523682,41.4082660325911,0.001,0.001,0,2067834686385916928,308.11871244237,0.0232,41.40825674944,0.0278,1.3414,0.0328,0.16,0.051,-2.156,0.053,0,1295850.0,531.334,10.406978,799655.0,1032.49,10.594132,725216.0,774.618,10.110751,0.483381,,,0,6989.48,,,3.61,27.952,308.118726,41.408267,308.11871884,41.40827313,10.804,10.436,,434799,490,0.2467,0.0,1
0.080165,308.1268222751592,40.9950403581623,0.001,0.001,0,2067773045014858752,308.12682227516,0.7734,40.99504035816,1.0851,,,,,,,1,1271430.0,508.574,10.427632,745130.0,822.185,10.670807,765392.0,474.378,10.05221,0.618597,,,0,6484.75,,,,,308.126794,40.995034,308.1267672,40.99502822,10.992,10.542,,434800,490,0.0,0.0,1
0.159694,308.1371357499064,41.6705446684569,0.001,0.001,0,2067944289653783936,308.13712608168,0.0207,41.67053635695,0.0234,2.887,0.028,-1.677,0.044,-1.93,0.044,0,472044.0,161.788,11.503408,269974.0,281.469,11.773085,293665.0,213.625,11.092291,0.680794,10.72,2.29,5,6281.25,0.104,0.0537,1.25,2.196,308.137118,41.670587,308.13712815,41.67059016,12.066,11.918,,434803,490,0.4861,0.0002,1
0.219723,308.1573631454779,41.6199679128635,0.001,0.001,90,2067932126306404480,308.15762744185,0.0245,41.6200152881,0.0268,5.3734,0.0323,45.889,0.056,11.003,0.05,0,333675.0,56.5146,11.880056,166620.0,193.101,12.297068,238130.0,150.462,11.319883,0.977184,-31.11,0.6,9,5366.33,0.008,0.004,0.8,0.474,308.157358,41.619907,308.15721598,41.61988525,13.698,11.466,,434810,490,0.0,0.1258,1
0.067032,308.1607062331648,41.4204933348961,0.001,0.001,0,2067833204620693632,308.16069402794,0.0234,41.42047599744,0.0282,0.6315,0.0346,-2.126,0.052,-4.027,0.052,0,1437840.0,736.248,10.294091,518450.0,558.421,11.064622,1334570.0,1835.94,9.448565,1.616057,,,0,4361.3,0.5485,0.2942,24.4,194.094,308.160731,41.420492,308.16073635,41.42050678,11.735,10.918,,434811,490,0.9316,0.4707,1
0.039487,308.1627354679922,41.0021571863964,0.001,0.001,0,2067771533186357888,308.16271913488,0.0219,41.0021376439,0.0276,0.5548,0.0282,-2.863,0.048,-4.539,0.052,0,4372410.0,6984.49,9.086564,903932.0,3624.16,10.461048,5266610.0,22142.5,7.958093,2.502955,,,0,3768.23,1.7408,0.868,77.59,1093.728,308.16275,41.002157,308.16275888,41.00216994,12.096,10.399,,434813,490,0.8303,0.0185,1
0.045962,308.1702283393281,41.495812041105,0.001,0.001,90,2067836954128846592,308.17038407651,0.0335,41.49572029461,0.0316,6.9903,0.0365,27.092,0.073,-21.309,0.057,1,1524360.0,483.542,10.230647,832538.0,1019.35,10.550378,983475.0,1490.98,9.780011,0.770367,12.06,0.28,10,5765.73,0.043,0.021,1.11,1.233,308.170244,41.495807,308.17015368,41.49586286,10.912,10.278,,434815,490,0.0,0.0,1
0.018144,308.1706560718538,41.2414656483311,0.004,0.003,0,2067782734461462912,308.17064536132,0.0999,41.24145182701,0.1246,1.1751,0.1285,-1.871,0.221,-3.21,0.244,0,5250620.0,16491.3,8.887839,311260.0,1781.08,11.618579,8480970.0,42082.3,7.440807,4.177772,,,0,3284.75,1.251,0.8307,,,308.170662,41.241468,308.17065606,41.24147429,14.399,10.963,B5,434816,490,0.409,0.0,1
0.084661,308.1748610880363,41.5907748306232,0.002,0.002,90,2067931855725453952,308.17486108804,2.2456,41.59077483062,2.145,,,,,,,1,1095750.0,654.893,10.589088,608900.0,989.286,10.890023,708012.0,1056.87,10.136819,0.753204,,,0,5979.0,,,,,308.174831,41.590768,308.17481027,41.59076122,11.288,10.718,,434818,490,0.0,0.0001,1
0.050086,308.189373061062,41.4270945728597,0.001,0.001,0,2067833243277076864,308.18935729487,0.0261,41.42707809848,0.0351,0.6437,0.035,-2.746,0.056,-3.826,0.063,1,1682240.0,628.715,10.123648,585193.0,612.52,10.933141,1600510.0,1475.82,9.251275,1.681866,,,0,4230.71,0.377,0.199,28.43,233.317,308.189361,41.427084,308.18936745,41.4270968,11.611,10.649,,434827,490,0.9673,0.984,1
0.057652,308.1924713901991,41.6044649881386,0.001,0.001,90,2067931890085195136,308.19253999159,0.0232,41.60445423553,0.03,5.4235,0.0356,11.914,0.053,-2.497,0.052,0,1139600.0,477.335,10.546485,630804.0,1014.78,10.851651,728254.0,821.463,10.106214,0.745438,-27.29,0.86,5,5954.33,0.0655,0.04,1.16,1.516,308.192471,41.604481,308.19243196,41.60448648,11.217,10.597,,434828,490,0.0,0.0001,1
0.107983,308.2074356187363,41.4538692424902,0.001,0.001,0,2067833655593948160,308.2074597588,0.0235,41.45392923713,0.0325,2.9204,0.0344,4.202,0.053,13.934,0.058,0,508020.0,231.744,11.423664,283095.0,267.71,11.721559,325721.0,242.368,10.979805,0.741754,-30.23,0.54,13,6026.15,0.3567,0.1725,1.4,2.325,308.207414,41.453844,308.20740033,41.45380996,11.805,11.459,,434837,490,0.0,0.0,1
0.06116,308.2084006194425,41.3957455142382,0.001,0.001,0,2067832968398974208,308.20838216538,0.026,41.39572363492,0.0341,0.6902,0.0373,-3.215,0.057,-5.082,0.061,0,797354.0,403.337,10.934238,257337.0,520.151,11.825133,802735.0,766.799,10.000489,1.824644,,,0,3904.75,0.828,0.4125,23.68,117.441,308.208381,41.395754,308.20838721,41.39576007,12.422,11.33,,434838,490,0.8766,0.9993,1
0.072476,308.2150582821849,41.0415437505695,0.001,0.001,0,2067771876783734656,308.21503009258,0.0192,41.04145764906,0.024,2.1683,0.0259,-4.938,0.041,-19.998,0.047,0,495626.0,187.052,11.45048,281032.0,314.667,11.729501,311155.0,252.586,11.029478,0.700023,12.62,2.11,10,6317.33,0.8697,0.428,1.69,4.085,308.215068,41.041525,308.21508214,41.04157661,11.944,11.84,,434840,490,0.0,0.0,1
0.071228,308.2151671385066,41.898498706587,0.005,0.005,0,2067948245320365184,308.21426671093,0.1745,41.90043166266,0.1832,44.8158,0.2121,-155.663,0.344,448.944,0.354,0,35402500.0,6978.98,6.815781,17031900.0,19615.3,7.27323,25600100.0,49031.5,6.241316,1.031914,,,0,5127.83,0.336,0.1755,1.1,0.749,308.215179,41.898481,308.21568725,41.89737776,7.868,7.073,G9V,434841,490,0.0,0.0,1
0.128384,308.2465152258429,41.3271396456539,0.001,0.001,0,2067784830405503616,308.24654051382,0.0232,41.32714762762,0.0367,2.808,0.034,4.411,0.05,1.854,0.061,0,555498.0,241.555,11.326659,325024.0,227.463,11.571598,335199.0,194.309,10.948663,0.622935,-19.55,1.13,14,6458.0,0.1643,0.083,1.32,2.726,308.246509,41.327175,308.24649616,41.32716273,11.881,11.379,,434852,490,0.0001,0.0014,1
0.069024,308.2501070559013,41.1408898378872,0.001,0.001,0,2067781183973892736,308.25006906968,0.0194,41.14085112222,0.0296,1.3832,0.0274,-6.644,0.041,-8.992,0.053,0,467525.0,179.372,11.513853,317548.0,389.554,11.596866,229993.0,165.869,11.357634,0.239232,,,0,8763.0,0.332,0.1677,,,308.250132,41.140886,308.25015096,41.14090492,11.777,11.6,,434853,490,0.2165,0.0,1
0.157506,308.2503776667584,41.7637497011308,0.001,0.001,90,2067946286815218688,308.25039343615,0.028,41.76375750033,0.0306,1.2277,0.0371,2.732,0.054,1.811,0.053,0,344995.0,81.6544,11.843835,194305.0,301.654,12.130179,221049.0,149.926,11.400701,0.729479,,,0,6256.0,1.19,0.5813,2.54,8.878,308.250321,41.763761,308.25031536,41.76375649,12.562,11.389,,434854,490,0.054,0.9529,1
0.091777,308.2528943593487,41.7680015872971,0.001,0.001,90,2067946316878343936,308.25290061452,0.0263,41.76796656632,0.028,1.115,0.0323,1.084,0.053,-8.134,0.052,0,2643780.0,1016.77,9.632801,772013.0,882.527,10.632326,2704590.0,3157.19,8.681667,1.950659,-19.52,0.29,5,4005.01,0.9095,0.4245,24.57,139.982,308.252918,41.76802,308.25290626,41.76802752,11.845,10.298,,434855,490,0.1252,0.0451,1
0.023667,308.2561726347043,41.4736354315363,0.001,0.001,0,2067833621234219520,308.25625422814,0.0269,41.47377336223,0.0332,21.2895,0.035,14.199,0.057,32.036,0.06,0,27367500.0,5452.9,7.095276,14832700.0,13540.8,7.423338,17599900.0,24731.8,6.648143,0.775196,-18.79,0.16,15,5913.0,0.468,0.2413,1.47,2.367,308.256173,41.473642,308.25612537,41.4735592,7.847,7.257,G 0 V/VI(WL?),434857,490,0.0,0.0,1
0.029175,308.2647769027595,41.4541818857569,0.007,0.007,0,2067833552514736000,308.26475021505,0.1789,41.45414882849,0.2272,1.0207,0.2383,-4.646,0.422,-7.678,0.459,1,1403900.0,557.93,10.320027,528231.0,804.162,11.04433,1251130.0,1869.09,9.518661,1.525669,-18.68,0.56,8,4299.17,0.518,0.2497,,,308.264784,41.454188,308.26479148,41.45420089,11.554,10.506,,434862,490,0.9298,1.0,1
0.004779,308.2801517599547,41.1404319274909,0.001,0.001,0,2067778302054820480,308.28018753789,0.0254,41.14044279718,0.0336,2.9981,0.0338,6.258,0.054,2.525,0.06,1,1786900.0,713.634,10.058113,1179350.0,1328.38,10.172284,891112.0,686.633,9.887089,0.285195,,,0,7889.1,0.2515,0.1305,1.52,8.064,308.28015,41.140432,308.28012719,41.14042154,10.297,10.123,,434870,490,0.0,0.0,1
0.03041,308.2947361473102,41.252283940962,0.001,0.001,0,2067783623515353728,308.29471873298,0.022,41.25226387985,0.0335,0.6012,0.0326,-3.041,0.045,-4.659,0.057,0,2709740.0,2594.75,9.606046,540536.0,759.565,11.019327,3322630.0,3818.43,8.458216,2.561112,,,0,3893.23,,,50.61,530.223,308.294725,41.252285,308.29474284,41.25229442,12.598,10.799,O5e,434880,490,0.4356,0.0,1
0.167495,308.2994363880288,41.8998506615707,0.001,0.001,0,2067953188826011904,308.29943109016,0.0218,41.89984636887,0.024,1.4411,0.0279,-0.916,0.043,-0.997,0.045,0,299774.0,40.26,11.996382,159062.0,167.732,12.347472,201573.0,155.792,11.500838,0.846634,-56.59,0.63,11,5768.25,,,2.39,5.703,308.299442,41.899897,308.2994359,41.89989549,12.83,12.197,,434884,490,0.1693,0.5352,1
0.079362,308.3087899127462,41.3394176060113,0.001,0.001,0,2067785070923663104,308.30877429051,0.0235,41.33939849678,0.0285,0.6248,0.0298,-2.724,0.051,-4.438,0.052,0,2394010.0,1145.74,9.740549,692543.0,829.413,10.750272,2515000.0,3878.01,8.760574,1.989698,,,0,4159.06,,,36.89,366.786,308.308814,41.339405,308.30881707,41.33941517,11.735,10.57,,434886,490,0.9313,0.8217,1
0.062392,308.3099501990989,41.0528617980747,0.002,0.001,0,2067777065104186624,308.3099617748,0.0443,41.05287113673,0.058,2.7094,0.0598,2.027,0.093,2.169,0.105,0,691150.0,362.525,11.089435,409608.0,440.596,11.320468,409236.0,348.228,10.731986,0.588482,-18.05,3.48,13,6702.0,0.233,0.115,1.42,3.642,308.30997,41.052853,308.30995711,41.05284926,11.643,11.181,,434887,490,0.0058,0.0002,1
0.022921,308.3114842384277,41.3115967013391,0.001,0.001,0,2067784619950644480,308.31146955437,0.0289,41.31157807169,0.0361,0.6241,0.0406,-2.562,0.059,-4.327,0.061,0,2570710.0,1748.26,9.663235,764019.0,1277.04,10.643628,2673050.0,6405.82,8.694402,1.949226,,,0,4085.93,0.9845,0.5007,40.52,412.309,308.311483,41.311603,308.31149178,41.3116107,11.619,10.666,,434888,490,0.7857,0.9779,1
0.015594,308.3120917756774,40.6131306291214,0.001,0.001,0,2067726899886015360,308.31212737073,0.0309,40.61314114933,0.0371,2.8782,0.0416,6.276,0.066,2.443,0.07,1,9705750.0,4275.13,8.220793,7130680.0,6371.35,8.21856,4019160.0,7334.47,8.25158,-0.03302,,,0,9531.0,0.27,0.1285,,,308.312087,40.613133,308.3120688,40.61312661,8.199,8.211,A0,434889,490,0.0,0.0,0
0.062866,308.3126822946046,40.6292929533468,0.001,0.001,0,2067750367587325568,308.31262689446,0.019,40.62925610162,0.0238,1.3658,0.0261,-9.765,0.04,-8.559,0.041,0,2250230.0,435.707,9.807797,960129.0,1116.98,10.395564,1809790.0,2546.61,9.117847,1.277717,-9.5,0.25,7,4723.0,0.1665,0.079,11.23,56.531,308.312667,40.629306,308.31270256,40.62932169,10.952,9.96,,434890,490,0.0,0.0,0
0.018369,308.3128253753184,41.3140219054077,0.001,0.001,0,2067784624247057920,308.31281021237,0.0271,41.31400439599,0.036,0.6179,0.0383,-2.645,0.057,-4.067,0.063,0,8077380.0,4393.4,8.420189,2647610.0,3946.98,9.294252,7954760.0,15794.7,7.510353,1.7839,125.56,17.85,12,3991.0,,,78.27,1400.204,308.312825,41.314027,308.31283272,41.31403597,10.108,9.056,O6F,434891,490,0.8089,1.0,1
0.054402,308.3187756793435,41.5285835117506,0.001,0.001,0,2067927938715269376,308.3187886637,0.0241,41.52857152939,0.0338,0.8964,0.0345,2.258,0.052,-2.783,0.067,0,1903370.0,1043.88,9.989556,549897.0,429.857,11.000685,1969480.0,1484.16,9.026041,1.974644,-13.96,0.21,9,3892.02,0.825,0.3733,28.48,167.64,308.318759,41.528575,308.31874969,41.52858275,12.367,10.566,,434894,490,0.1815,0.0206,1
0.093525,308.3201994038053,41.0304540948302,0.001,0.001,0,2067776751567646976,308.32018685816,0.0247,41.03043789461,0.03,2.1175,0.0326,-2.198,0.05,-3.763,0.053,0,5012720.0,1557.1,8.938183,2214370.0,2750.78,9.488263,3922900.0,5406.46,8.277902,1.210362,-16.51,0.53,5,4841.3,0.0485,0.022,10.12,50.647,308.320202,41.03048,308.32020315,41.03049266,10.258,9.22,K,434895,490,0.8315,1.0,1
0.045788,308.3249349625294,40.9818744793521,0.001,0.001,0,2067759026241512192,308.32496769704,0.0228,40.98183689922,0.0307,6.1183,0.0323,5.74,0.05,-8.728,0.057,0,8450620.0,1771.13,8.371145,3913790.0,3306.54,8.869895,6371150.0,4686.87,7.751376,1.118519,45.32,0.2,12,5012.14,,,4.16,9.819,308.324932,40.981887,308.32490967,40.98191296,9.531,8.634,K,434897,490,0.0,0.0065,1
0.061838,308.3249256495896,41.3086645309535,0.001,0.001,0,2067784246289931776,308.32491024729,0.0221,41.30864632262,0.0291,0.5544,0.0306,-2.687,0.046,-4.229,0.053,0,3044860.0,1742.91,9.479446,980606.0,1326.68,10.372652,3021350.0,3519.45,8.561418,1.811235,,,0,4097.05,1.088,0.552,49.21,614.649,308.324904,41.308659,308.3249109,41.30866727,11.022,9.964,,434898,490,0.8327,1.0,1
0.056489,308.3260950609597,40.9362860978102,0.001,0.001,0,2067758648284374784,308.32611229138,0.0219,40.93620672125,0.0269,3.5422,0.0288,3.023,0.047,-18.436,0.048,0,3411730.0,691.316,9.355928,2007690.0,2892.76,9.594646,2008410.0,3073.16,9.004789,0.589857,4.21,3.52,4,6571.75,1.0985,0.556,2.5,10.517,308.32611,40.936297,308.32610772,40.93633982,9.909,9.437,G,434900,490,0.0,0.0,1
0.211276,308.3331341754569,41.2280260918397,0.001,0.001,0,2067783387296681472,308.33317486685,0.0231,41.22801806982,0.031,2.1498,0.0312,7.108,0.047,-1.863,0.055,0,467569.0,159.882,11.513751,210980.0,329.923,12.040784,363516.0,313.075,10.86061,1.180174,-53.08,1.04,5,4904.0,,,2.94,4.51,308.333173,41.228077,308.33315379,41.22807462,12.563,11.882,,434906,490,0.0909,0.5343,1
0.081912,308.3537243010321,41.9396887479809,0.001,0.001,0,2067953669862387968,308.35375575511,0.0222,41.93968292709,0.0291,1.4341,0.0298,5.434,0.045,-1.352,0.05,0,531231.0,261.696,11.375156,297498.0,370.172,11.66768,338044.0,215.347,10.939488,0.728191,-11.73,11.82,7,6102.5,,,2.84,10.056,308.353747,41.939704,308.35371636,41.93970068,11.99,11.371,,434910,490,0.0,0.0,0
0.037264,308.3581068336683,40.8335818120104,0.001,0.001,90,2067754074140332544,308.35812283046,0.0224,40.83356283222,0.0249,1.4108,0.0292,2.811,0.046,-4.408,0.045,0,3790030.0,885.437,9.241758,1713990.0,2861.83,9.766368,2912070.0,3283.17,8.601414,1.164954,,,0,4916.58,,,12.68,84.638,308.35812,40.833579,308.35809851,40.83359245,10.457,9.485,,434913,490,0.0038,1.0,1
0.153178,308.3748104602289,41.1484411977253,0.002,0.002,0,2067777752296449792,308.37481046023,1.6989,41.14844119773,1.7512,,,,,,,1,482812.0,235.635,11.47892,265916.0,269.453,11.789526,316836.0,406.495,11.009833,0.779693,10.78,2.94,2,5951.0,,,,,308.374848,41.148473,308.37485473,41.14847132,12.042,11.629,,434918,490,0.1563,0.0023,1
0.168342,308.3782927051146,41.2563030046628,0.001,0.001,0,2067780947755025920,308.37827816589,0.028,41.2562857029,0.0377,0.7027,0.0382,-2.539,0.058,-4.018,0.069,0,2557860.0,3982.41,9.668673,513356.0,2014.16,11.075341,3147830.0,15197.6,8.516892,2.558449,,,0,3848.33,0.993,0.5457,43.72,377.622,308.378241,41.256329,308.37826252,41.25633671,12.6,10.667,,434921,490,0.3702,0.0221,1
0.249764,308.3860969617693,41.0926288991905,0.001,0.001,0,2067777443061294720,308.38610372401,0.0171,41.09263636633,0.0217,1.0383,0.0233,1.184,0.037,1.734,0.042,0,285185.0,39.2112,12.05055,148091.0,161.809,12.425069,198501.0,137.295,11.517513,0.907556,,,0,5436.0,,,3.7,10.757,308.386162,41.092678,308.38614711,41.09266314,12.128,12.025,,434924,490,0.0003,0.0004,1
0.010885,308.4008360090525,41.5226823694218,0.001,0.001,0,2067928488471084800,308.40086824604,0.0227,41.52260282405,0.0288,1.7545,0.0291,5.606,0.05,-18.475,0.055,0,2730620.0,1539.41,9.597712,1638020.0,2912.35,9.81559,1576000.0,1813.51,9.268026,0.547564,-1.14,1.67,7,6719.2,,,4.32,34.32,308.400838,41.522685,308.40081633,41.52272824,10.085,9.679,A5,434928,490,0.0,0.0,1
0.051074,308.4019512971129,41.3968731069321,0.001,0.001,0,2067878426332250752,308.40195080544,0.025,41.39685673142,0.0349,1.2315,0.0348,-0.086,0.052,-3.803,0.061,0,754045.0,351.105,10.994872,445887.0,540.841,11.228325,449259.0,384.357,10.630677,0.597648,,,0,6592.04,,,3.36,19.23,308.40197,41.396871,308.4019614,41.3968829,11.487,10.979,,434929,490,0.1965,0.0002,1
0.248592,308.407333901387,41.4162921627777,0.001,0.001,0,2067879560203621760,308.40733048701,0.0229,41.41628667034,0.0325,0.9569,0.0338,-0.595,0.05,-1.276,0.065,1,170009.0,31.6536,12.612186,93126.3,91.5463,12.928708,112749.0,128.616,12.131637,0.797071,,,0,5826.0,,,2.65,7.312,308.407399,41.416341,308.40740891,41.41634197,13.511,11.516,,434932,490,0.5169,0.2163,1
0.100187,308.4129345985863,41.3238866339419,0.001,0.001,0,2067877910936163968,308.41291654876,0.0265,41.32386816549,0.0393,0.7923,0.037,-3.148,0.06,-4.289,0.076,0,1753770.0,1619.7,10.078437,447230.0,1400.08,11.22506,1985190.0,4527.28,9.017415,2.207645,,,0,4129.32,,,25.48,170.026,308.412898,41.323891,308.41291221,41.32389747,12.242,10.995,,434935,490,0.44,0.8122,1
0.007606,308.4171144125973,41.6158809334106,0.001,0.001,0,2067929381823846144,308.41713020481,0.0363,41.61587251501,0.0463,1.6315,0.0492,2.742,0.082,-1.955,0.093,0,1538970.0,704.292,10.220292,1087050.0,1848.06,10.260763,693884.0,492.957,10.158703,0.10206,,,0,9114.0,0.1995,0.103,,,308.417115,41.615883,308.41710258,41.61588814,10.305,10.249,,434936,490,0.0262,0.0,1
0.089827,308.4218611768073,41.551494350542,0.001,0.001,0,2067928694629052672,308.42185962379,0.0201,41.55148079108,0.0262,0.7449,0.0272,-0.27,0.044,-3.149,0.051,0,543360.0,337.673,11.350647,295286.0,450.934,11.675782,361717.0,299.116,10.865998,0.809784,,,0,5810.5,,,6.13,38.597,308.421856,41.551519,308.42186098,41.55152437,12.01,11.777,,434939,490,0.7014,0.0006,1
0.04929,308.4237049499905,40.7947718562753,0.001,0.001,90,2067753013287194880,308.42372391764,0.0235,40.79477208054,0.0244,0.9055,0.0283,3.335,0.048,0.052,0.045,0,638523.0,369.105,11.175424,323121.0,343.612,11.577974,457364.0,344.398,10.611265,0.966709,,,0,5355.33,,,6.57,31.971,308.423723,40.794771,308.42370977,40.79477143,11.759,11.145,,434941,490,0.0291,0.0027,1
0.127222,308.4252560289627,41.1316508511834,0.001,0.001,90,2067767238219394176,308.42532335864,0.0236,41.13167916769,0.0254,5.3144,0.029,11.778,0.051,6.577,0.048,0,537788.0,539.01,11.361837,278251.0,653.788,11.740298,369084.0,648.621,10.844108,0.896191,-8.71,1.04,6,5524.33,0.05,0.025,0.96,0.767,308.42521,41.131644,308.42517477,41.1316259,12.11,11.325,,434942,490,0.0,0.494,1
0.074734,308.4348314398026,40.6815896663262,0.001,0.001,0,2064748391604845184,308.43492717652,0.019,40.6816597504,0.0254,2.7674,0.0262,16.862,0.04,16.278,0.05,0,576932.0,262.245,11.285555,325649.0,425.845,11.569512,362183.0,268.907,10.864599,0.704913,-26.76,1.07,10,6199.6,,,1.48,2.925,308.434806,40.681582,308.43475291,40.68154521,11.717,11.242,,434946,490,0.0,0.0,0
0.092178,308.442123936073,41.5502663098804,0.013,0.012,90,2067928660269306496,308.44213092236,0.3925,41.55026001627,0.405,0.5903,0.4498,1.214,0.858,-1.462,0.771,0,4467950.0,4235.34,9.063095,1222820.0,3676.16,10.132986,4867120.0,14841.2,8.043739,2.089247,94.47,19.6,2,4128.46,,,,,308.442133,41.550291,308.44213806,41.55029772,11.117,9.864,"O9,5IA",434949,490,0.7563,0.0588,1
0.08869,308.4509408634896,41.1758183267178,0.001,0.001,0,2067779504645993600,308.45084685529,0.0201,41.17570658888,0.0257,1.9498,0.0279,-16.434,0.043,-25.952,0.048,0,782224.0,297.201,10.955037,448190.0,398.069,11.222734,482858.0,397.995,10.552371,0.670363,-41.8,1.09,7,6339.0,,,2.34,7.971,308.450973,41.175823,308.45101986,41.17588222,11.615,11.246,,434952,490,0.0,0.0,1
0.008012,308.4523085008156,41.7726577837718,0.001,0.001,0,2067940033342775168,308.45229638459,0.0249,41.77237061969,0.0329,10.3524,0.028,-2.099,0.053,-66.696,0.07,0,61620300.0,18441.4,6.214057,27476200.0,69514.8,6.753995,47212600.0,94193.8,5.576775,1.17722,1.17,0.16,9,4913.0,,,6.98,25.577,308.452311,41.772659,308.45231332,41.77282122,7.496,6.502,K0III-IV,434955,490,0.0,1.0,1
0.071164,308.4712584512331,41.5406045313269,0.001,0.001,0,2067882034104326784,308.47126530509,0.0176,41.5405893218,0.0226,1.3697,0.0234,1.191,0.038,-3.533,0.044,0,1143680.0,376.448,10.542604,479644.0,329.528,11.149091,948406.0,522.16,9.819434,1.329657,-26.82,0.32,10,4809.69,0.352,0.15,7.6,27.856,308.471237,41.540593,308.47124127,41.54060403,11.859,10.803,,434971,490,0.9942,1.0,1
0.151388,308.4737156329105,41.2941192060122,0.001,0.001,0,2067874749840164480,308.47378669204,0.0243,41.29413784238,0.0325,3.5507,0.0363,12.4,0.052,4.328,0.054,0,498548.0,247.084,11.444099,271029.0,240.441,11.768849,327000.0,159.461,10.97555,0.7933,-15.76,0.65,10,5851.5,0.104,0.043,1.21,1.555,308.473679,41.294151,308.47364268,41.29413865,12.157,11.344,,434973,490,0.0,0.654,1
0.053061,308.475701310828,41.3373018330303,0.001,0.001,0,2067875226579677824,308.47572449817,0.0259,41.33730271217,0.0354,1.7913,0.0376,4.044,0.059,0.204,0.06,0,628052.0,397.309,11.193377,388839.0,424.291,11.376965,351256.0,242.308,10.89786,0.479105,,,0,7147.0,,,1.8,7.623,308.475688,41.337291,308.47567826,41.3372862,11.591,11.16,,434976,490,0.0044,0.0,1
0.086422,308.4774842732675,41.6788869852043,0.001,0.001,0,2067935463497536128,308.47746256024,0.0258,41.67886468789,0.029,1.072,0.0334,-3.767,0.054,-5.179,0.056,0,674267.0,209.519,11.116286,391912.0,352.163,11.368416,411498.0,289.852,10.726002,0.642414,,,0,6423.68,,,3.85,22.708,308.477475,41.678864,308.47748402,41.67887858,11.512,11.004,,434978,490,0.7362,0.0043,1
0.404637,308.4895578132972,41.319465579732,0.001,0.001,0,2067875157860201728,308.48954471042,0.022,41.31943458063,0.0272,1.3059,0.0313,-2.286,0.048,-7.2,0.05,0,178876.0,34.3263,12.556989,102849.0,110.891,12.820885,111168.0,75.5234,12.146969,0.673916,,,0,6628.84,0.9103,0.4013,1.53,4.057,308.489488,41.319565,308.48950824,41.31953395,12.587,12.532,,434983,490,0.0001,0.0053,1
0.047552,308.4942207539748,41.4136450933625,0.001,0.001,0,2067880109959382784,308.49427729261,0.0227,41.41356654677,0.0283,3.2002,0.0335,9.848,0.052,-18.243,0.053,0,997567.0,389.791,10.69101,558671.0,531.557,10.983499,626714.0,381.425,10.269246,0.714253,-20.37,0.53,9,6022.45,0.9705,0.485,1.79,3.802,308.494205,41.413651,308.49417604,41.41369774,11.337,10.789,,434989,490,0.0,0.0001,1
0.135482,308.5050225513344,40.9027910447652,0.001,0.001,90,2067759679076443008,308.50502502987,0.0318,40.90275055633,0.0349,1.5235,0.0397,0.435,0.066,-9.404,0.066,0,193747.0,32.2048,12.470281,111414.0,117.922,12.734041,121174.0,57.7114,12.053398,0.680643,-18.72,2.2,10,6382.0,0.616,0.306,1.47,3.232,308.505041,40.902826,308.50504085,40.90284039,13.327,12.634,,434993,490,0.908,0.6986,1
0.108743,308.5165473652331,40.8124009848784,0.001,0.001,90,2064756668004041472,308.51653991727,0.0222,40.81238168608,0.023,1.5512,0.0286,-1.309,0.046,-4.482,0.045,0,285817.0,57.1694,12.048145,169222.0,205.273,12.280244,171359.0,193.396,11.677153,0.603091,-23.82,3.5,9,6680.5,0.8597,0.424,1.6,4.595,308.516584,40.812389,308.51657985,40.81239735,12.579,12.077,,434998,490,0.6831,0.1452,1
0.073747,308.5288675582849,41.2871326516545,0.001,0.001,90,2067874131364873984,308.52878534127,0.0249,41.28705510957,0.029,3.6352,0.0348,-14.349,0.059,-18.01,0.059,0,507382.0,228.563,11.425028,274537.0,304.345,11.754887,332322.0,176.098,10.958024,0.796863,-14.37,0.92,7,5838.0,0.2,0.1062,1.2,1.511,308.528889,41.28712,308.52894021,41.28716035,11.998,11.502,,435004,490,0.0,0.0093,1
0.111067,308.5328912160107,41.4515330827193,0.001,0.001,0,2067877326820578944,308.53291676891,0.0219,41.45154849308,0.0278,2.0232,0.0314,4.448,0.048,3.579,0.055,0,451328.0,189.835,11.552135,262569.0,312.538,11.803279,275927.0,243.909,11.159936,0.643343,-22.03,1.29,9,6395.5,1.0603,0.503,1.68,4.269,308.532931,41.451541,308.53291172,41.4515304,12.232,11.705,,435008,490,0.0008,0.1236,1
0.019833,308.5354782666359,41.6165020852467,0.001,0.001,0,2067888218857234304,308.53546489572,0.0198,41.61648541789,0.0238,0.581,0.0268,-2.322,0.041,-3.871,0.045,0,3791370.0,1811.82,9.241376,1076630.0,1467.36,10.271225,4010000.0,7055.11,8.25406,2.017165,,,0,3990.72,,,57.05,743.709,308.535471,41.616503,308.53548004,41.61651362,11.253,10.09,O6F,435009,490,0.9118,0.5461,1
0.075446,308.5488600249268,41.5105035930163,0.001,0.001,0,2067880861576765440,308.54880626378,0.0182,41.51047971186,0.0238,1.4473,0.0247,-9.35,0.039,-5.547,0.045,0,2175690.0,528.883,9.844373,900141.0,885.984,10.465611,1796990.0,1112.62,9.125556,1.340056,-11.84,0.21,9,4660.32,0.162,0.073,10.81,49.665,308.548888,41.510503,308.54890625,41.51051621,11.459,10.16,M0,435011,490,0.4713,0.1147,1
0.054192,308.5492110343173,41.4332855934383,0.001,0.001,0,2067877258101100672,308.54931231542,0.022,41.43347702704,0.0264,6.1898,0.0303,17.636,0.048,44.462,0.049,0,1143860.0,351.031,10.542435,627184.0,510.246,10.857902,737775.0,446.567,10.092111,0.765791,4.2,0.78,9,5669.16,0.0385,0.0183,1.13,1.188,308.549231,41.433284,308.54916703,41.43317374,11.361,10.663,,435012,490,0.0,0.0126,1
0.195599,308.5505565664498,41.6016187210046,0.001,0.001,90,2067888012698794240,308.55037295453,0.0193,41.60145833728,0.0216,3.9979,0.0246,-31.889,0.042,-37.25,0.041,0,389632.0,76.4333,11.711729,216409.0,228.339,12.013199,252521.0,161.137,11.256178,0.757021,-6.88,1.04,9,5999.25,0.0173,0.008,0.9,0.952,308.550629,41.601623,308.55072112,41.60170812,12.347,11.802,,435013,490,0.0,0.1849,1
0.176157,308.55216198812,40.8728727044137,0.001,0.001,90,2064757290777101440,308.55212948111,0.0201,40.87287897856,0.0207,1.5484,0.0258,-5.709,0.046,1.457,0.041,0,348970.0,72.8817,11.831397,201795.0,226.436,12.089112,214050.0,161.413,11.43563,0.653482,-14.77,5.04,7,6410.33,,,1.92,5.634,308.552098,40.87288,308.55211394,40.87287242,11.934,11.767,,435015,490,0.0274,0.0,1
0.040693,308.5579856625632,41.8915982801104,0.001,0.001,0,2067939414867486080,308.55800839341,0.0219,41.89160509019,0.0265,2.7492,0.0274,3.93,0.045,1.582,0.052,0,937864.0,273.141,10.758017,569968.0,370.753,10.961762,534903.0,295.812,10.441233,0.52053,-21.98,1.68,8,7050.17,0.49,0.19,1.47,4.822,308.557976,41.891607,308.55796352,41.89159817,11.256,10.877,,435017,490,0.0,0.0,0
0.038745,308.5766419314729,40.662027337783,0.001,0.001,0,2064746261301013376,308.57667319384,0.0164,40.66192675099,0.0184,2.8386,0.0226,5.508,0.035,-23.362,0.037,0,1079800.0,223.771,10.605002,606412.0,466.269,10.894468,680306.0,460.771,10.180159,0.71431,6.11,0.2,14,6043.5,,,2.09,5.227,308.57664,40.662038,308.57662698,40.66209797,11.257,10.651,,435025,490,0.0,0.0,0
0.052375,308.5773147728323,41.0073952312046,0.001,0.001,90,2067762634014426880,308.57726781957,0.0204,41.00734913476,0.0204,1.3067,0.0256,-8.229,0.045,-10.706,0.041,0,938635.0,216.707,10.757124,574579.0,456.617,10.953013,528649.0,342.351,10.454002,0.499011,,,0,7052.07,,,3.1,21.363,308.577321,41.007409,308.57733759,41.007438,11.089,10.897,,435027,490,0.0077,0.0,1
0.030325,308.5815325989091,41.8237239852265,0.001,0.001,90,2067938933831121024,308.58150208951,0.0267,41.82367401956,0.0251,1.3489,0.0297,-5.281,0.054,-11.605,0.049,0,949614.0,699.024,10.744498,570878.0,1256.65,10.960031,550299.0,787.955,10.410424,0.549606,,,0,6739.07,,,3.3,20.196,308.581529,41.823716,308.58154309,41.82374637,11.188,10.793,,435029,490,0.0009,0.0,1
0.017365,308.5863390184318,40.7049117626521,0.001,0.001,0,2064746467459454464,308.58640175208,0.0198,40.7050062562,0.0214,2.0925,0.0258,11.046,0.041,21.947,0.044,0,5705460.0,1606.86,8.797638,2032440.0,2317.55,9.581346,5203150.0,6052.64,7.971254,1.610091,-38.54,0.24,7,4314.0,0.5272,0.256,15.16,71.75,308.586343,40.704908,308.58629767,40.70485651,10.715,9.285,K2,435032,490,0.0,0.0,0
0.061732,308.5904678593782,40.8221890898966,0.001,0.001,90,2064756191265445888,308.59043379906,0.0215,40.82217910284,0.0209,1.6109,0.0252,-5.986,0.045,-2.32,0.04,0,400903.0,99.6695,11.680767,233846.0,190.115,11.929062,244271.0,203.103,11.292238,0.636824,-5.22,2.42,11,6379.5,,,2.0,5.982,308.590466,40.822172,308.59048494,40.82218265,11.945,11.529,,435037,490,0.3903,0.0004,1
0.026001,308.602494777511,40.622883092052,0.001,0.001,0,2064745191851429632,308.60250490923,0.0278,40.6228773722,0.0305,1.7643,0.0371,1.786,0.06,-1.328,0.068,0,6247090.0,4605.24,8.699171,4656350.0,10815.8,8.681274,2530540.0,5104.59,8.753885,-0.072611,,,0,8598.67,0.3245,0.163,,,308.602492,40.62289,308.6024868,40.62289413,8.651,8.715,B8,435039,490,0.0,0.0,0
0.034501,308.6067339385211,41.2972323760584,0.002,0.002,90,2067863892162848640,308.60672019239,0.0533,41.29714656355,0.058,4.2573,0.0681,-2.399,0.125,-19.931,0.112,1,1857610.0,732.484,10.015981,1047750.0,1113.84,10.300745,1152850.0,1217.09,9.607492,0.693253,-18.45,0.7,6,6121.0,1.046,0.528,1.78,3.988,308.606722,41.297229,308.60672371,41.29728018,10.685,10.104,,435042,490,0.0,0.0,1
0.122764,308.6138139556764,41.1183093687321,0.001,0.001,0,2067857325155962240,308.61381856444,0.0212,41.11831290118,0.0226,1.8025,0.0284,0.806,0.044,0.82,0.044,0,321489.0,58.3447,11.920451,188190.0,215.777,12.164895,195330.0,158.846,11.535,0.629895,11.31,1.84,7,6529.33,0.765,0.379,1.53,3.827,308.613859,41.118306,308.6138432,41.1183067,12.37,11.744,,435045,490,0.0716,0.3069,1
0.032599,308.6212576647686,40.9567404725032,0.001,0.001,90,2064759107546667264,308.62130396602,0.0273,40.95673978411,0.0268,1.3921,0.034,8.121,0.06,-0.16,0.052,1,1664190.0,1190.75,10.13536,991270.0,2553.38,10.360908,990793.0,3012.3,9.771963,0.588944,,,0,6799.0,,,4.16,33.246,308.621251,40.956748,308.62122184,40.95674416,10.609,10.233,,435048,490,0.0,0.0,1
0.034984,308.6268592193621,40.6788893765669,0.009,0.009,0,2064751999377308288,308.62688945957,0.2794,40.67890126383,0.2991,2.3769,0.3366,5.326,0.592,2.761,0.603,0,4934850.0,1401.82,8.95518,3441300.0,4261.92,9.009581,2262670.0,3337.54,8.875368,0.134213,,,0,8904.0,,,,,308.626861,40.678899,308.626837,40.67889046,9.061,8.986,A2,435050,490,0.0,0.0,0
0.189736,308.6292389301113,40.9308734762862,0.001,0.001,90,2064759004467452416,308.62926340796,0.0206,40.93087232946,0.0215,2.6615,0.0263,4.295,0.044,-0.266,0.042,0,291787.0,230.29,12.025701,161760.0,467.389,12.329212,188861.0,377.741,11.571565,0.757648,-9.88,3.56,12,5989.0,0.0735,0.041,1.18,1.61,308.629259,40.930823,308.6292381,40.93083148,12.688,12.309,,435051,490,0.1764,0.1052,1
0.010092,308.6378062926057,41.9966250480491,0.001,0.001,0,2067963604123303296,308.63776445081,0.0268,41.9965984645,0.0307,2.7411,0.0356,-7.222,0.053,-6.174,0.054,1,12659300.0,4699.23,7.932337,8407150.0,12533.8,8.039766,6159030.0,11683.8,7.788138,0.251628,,,0,8063.0,0.7788,0.3625,,,308.637809,41.996627,308.63782972,41.99664263,8.172,7.958,A M:,435055,490,0.0,0.0,0
0.049858,308.6453208230018,41.6436367963402,0.001,0.001,90,2067889180930204032,308.64528856353,0.0219,41.64351865929,0.0238,2.9294,0.027,-5.599,0.046,-27.438,0.043,0,707082.0,273.917,11.064691,381797.0,538.746,11.396808,463156.0,485.663,10.597602,0.799206,-27.49,0.99,5,5778.54,,,1.8,3.254,308.645303,41.643633,308.64531549,41.64370401,11.701,11.225,,435059,490,0.0,0.0004,1
0.009197,308.6500148559697,41.0984005950102,0.001,0.001,90,2067857153357270656,308.6500113487,0.023,41.09847770835,0.0232,3.374,0.0275,-0.614,0.05,17.91,0.044,0,66511900.0,32032.5,6.131117,23089100.0,34761.0,6.942872,61446700.0,152124.0,5.290674,1.652197,-7.43,0.14,13,4104.87,0.5443,0.273,37.56,360.801,308.650016,41.098403,308.65001544,41.09835831,8.21,6.657,K5,435065,490,0.0,1.0,1
0.036935,308.6716289312357,40.7923907161972,0.001,0.001,0,2064753030169481344,308.67154964496,0.0193,40.79236093675,0.0203,1.6321,0.0238,-13.942,0.041,-6.917,0.042,0,604157.0,310.964,11.235491,373786.0,479.037,11.419829,336427.0,272.829,10.944693,0.475137,4.43,4.75,6,7190.36,,,1.92,8.843,308.67162,40.792383,308.67166359,40.79240397,11.633,11.151,,435075,490,0.0001,0.0001,1
0.054829,308.6827150018511,41.2880336519796,0.001,0.001,90,2067862964449914112,308.68278914729,0.022,41.28804874215,0.0238,1.7974,0.0293,12.94,0.049,3.505,0.046,0,531040.0,296.549,11.375546,312475.0,268.263,11.614348,318014.0,207.415,11.005803,0.608545,-14.15,1.17,6,6575.57,,,1.94,6.358,308.682699,41.288043,308.68265673,41.28803346,11.879,11.529,,435080,490,0.0,0.0002,1
0.138926,308.6927628394811,40.6796094958144,0.001,0.001,0,2064751140383828224,308.69280557907,0.0241,40.67964378428,0.031,2.598,0.0327,7.528,0.049,7.964,0.061,0,392718.0,83.2152,11.703163,205922.0,266.636,12.067131,268340.0,274.492,11.190206,0.876925,-10.35,6.72,10,5583.93,1.0825,0.5833,1.63,2.331,308.692813,40.679603,308.6927844,40.67959036,11.822,11.6,,435085,490,0.0,0.0,0
0.132511,308.699537388145,40.9873484549711,0.002,0.001,90,2064853218870772224,308.69948948071,0.0444,40.98733291251,0.0461,2.0533,0.056,-8.399,0.099,-3.61,0.094,0,396464.0,113.02,11.692858,225915.0,201.681,11.966524,247088.0,203.979,11.27979,0.686734,-32.33,3.49,10,6333.0,0.688,0.3417,1.59,3.643,308.699492,40.987335,308.6995173,40.98734345,12.112,11.726,,435087,490,0.1278,0.0055,1
0.156157,308.7002905309801,41.3254166068972,0.001,0.001,90,2067863445486262272,308.70039260312,0.0251,41.32540493268,0.0319,4.6986,0.0372,17.803,0.057,-2.711,0.054,0,451433.0,202.101,11.551882,217975.0,314.153,12.005374,330977.0,242.294,10.962426,1.042948,-26.39,0.53,12,5185.64,0.423,0.2187,1.15,0.861,308.70034,41.325439,308.70029204,41.32544408,12.581,11.422,,435088,490,0.0,0.9624,1
0.077525,308.7264925469319,40.8409486257539,0.001,0.001,90,2064754645077179520,308.72645778134,0.0221,40.84090724929,0.0205,1.1377,0.0239,-6.109,0.046,-9.61,0.042,1,953417.0,274.729,10.740158,323349.0,385.61,11.577209,908502.0,846.044,9.866105,1.711103,6.44,1.01,4,4115.15,0.9707,0.464,13.23,45.204,308.726521,40.840948,308.72653152,40.84097507,12.192,11.406,,435096,490,0.1068,0.5452,1
0.045973,308.7326812690573,41.7105463835281,0.001,0.001,90,2067889657669777280,308.73271970237,0.0309,41.71055168767,0.0253,2.987,0.032,6.664,0.062,1.232,0.045,0,1598460.0,793.349,10.179112,1044970.0,1154.5,10.30363,811293.0,980.295,9.988977,0.314653,,,0,7847.0,0.1435,0.063,1.46,7.239,308.732695,41.710554,308.73266891,41.71054837,10.242,10.125,,435098,490,0.0011,0.0,1
0.013812,308.7354853184936,41.7177976254392,0.001,0.001,0,2067889696326278272,308.73552216541,0.0366,41.7178063746,0.0431,2.9765,0.0453,6.388,0.076,2.032,0.077,1,17880100.0,8829.11,7.557442,13419100.0,23300.9,7.532082,7017100.0,12165.2,7.646526,-0.114445,,,0,8765.33,0.1865,0.0935,,,308.735487,41.717794,308.7354676,41.71779742,7.481,7.583,B9,435099,490,0.0,0.0,1
0.016336,308.7380749028366,41.3430459801316,0.001,0.001,90,2067869389721005568,308.73808049981,0.0232,41.34300507964,0.0235,1.4635,0.0297,0.976,0.051,-9.499,0.043,0,944112.0,341.218,10.750807,379143.0,355.981,11.404382,798470.0,417.236,10.006274,1.398108,-13.7,0.32,8,4576.56,,,7.41,21.702,308.738072,41.343042,308.73806406,41.3430689,11.921,10.838,,435102,490,0.0313,0.998,1
0.096368,308.7409293702616,41.6156231366687,0.001,0.001,90,2067885843738823552,308.74089360653,0.0199,41.61558169895,0.0208,1.5927,0.0251,-6.21,0.041,-9.624,0.037,0,435017.0,138.886,11.592099,257379.0,297.871,11.824956,261939.0,154.347,11.216417,0.608539,4.52,3.94,8,6889.28,1.17,0.596,1.81,6.646,308.74096,41.615637,308.74097102,41.61566037,11.911,11.595,,435107,490,0.3497,0.0001,1
0.146988,308.7431397589745,41.0505714591226,0.001,0.001,90,2064853979080417408,308.74316319737,0.0224,41.05058702558,0.0245,2.1556,0.0303,4.105,0.05,3.615,0.045,1,245612.0,54.7378,12.212743,138374.0,213.474,12.498752,156850.0,130.396,11.77321,0.725542,-22.98,1.16,11,6296.25,0.2467,0.1268,1.2,2.049,308.743182,41.050597,308.7431571,41.05058881,13.099,12.08,,435108,490,0.0044,1.0,1
0.03312,308.7635029436632,41.5173302260285,0.001,0.001,90,2067884508005396736,308.76346971345,0.0193,41.51731025633,0.0215,1.2142,0.0253,-5.779,0.042,-4.638,0.039,0,477446.0,223.227,11.491056,287442.0,443.824,11.705013,280686.0,348.818,11.141369,0.563644,,,0,6904.82,,,2.48,12.553,308.763515,41.517332,308.7635289,41.51734314,12.009,11.56,,435113,490,0.6933,0.0039,1
0.033404,308.7788182637529,41.3336642857195,0.001,0.001,0,2067869149202836352,308.77883385312,0.0232,41.33368104346,0.0278,1.6287,0.0313,2.719,0.051,3.892,0.051,0,4095200.0,1178.71,9.157678,1361410.0,1939.4,10.016414,3908810.0,6130.72,8.281808,1.734606,-31.63,0.4,7,4189.0,0.774,0.3743,18.09,90.767,308.778828,41.33367,308.77881066,41.33366154,11.307,9.718,,435116,490,0.0,0.0,1
0.073976,308.7866680706197,41.8279514271166,0.001,0.001,90,2067914121803489920,308.78667205568,0.0241,41.82798255734,0.0219,1.3801,0.028,0.69,0.051,7.23,0.04,1,1975180.0,655.669,9.949348,881676.0,803.405,10.488115,1530090.0,1882.1,9.300125,1.18799,-26.92,0.29,9,4849.64,0.418,0.3022,9.7,46.877,308.786695,41.827947,308.78668435,41.82793116,11.076,10.132,,435119,490,0.0,0.0,0
0.01586,308.7964857320086,41.1881780614778,0.002,0.001,0,2067858733905234816,308.79649777043,0.043,41.18817430895,0.0592,1.3486,0.0628,2.104,0.09,-0.872,0.105,1,692125.0,419.69,11.087904,479537.0,811.764,11.149332,324055.0,217.326,10.985373,0.16396,,,0,8711.0,0.3177,0.1747,,,308.796488,41.188174,308.79648261,41.18817816,11.236,11.077,,435123,490,0.1591,0.0,1
0.048231,308.8034543834805,41.9940589953462,0.001,0.001,90,2067964360037490304,308.8033407981,0.0322,41.99397937458,0.0344,1.8835,0.0391,-19.607,0.068,-18.493,0.068,0,732656.0,272.774,11.026115,455519.0,639.056,11.205122,408354.0,337.002,10.734327,0.470795,-0.49,5.15,9,7200.0,,,1.82,8.055,308.80345,41.994046,308.80351658,41.99409531,11.346,10.954,,435128,490,0.0,0.0,0
0.042451,308.8098235416145,42.0037333812366,0.001,0.001,0,2067964394397229440,308.80982174139,0.0235,42.00369625575,0.0285,1.8075,0.0307,-0.311,0.049,-8.623,0.057,0,832922.0,394.954,10.886855,555314.0,682.405,10.990043,413701.0,272.339,10.720202,0.26984,,,0,8290.67,0.504,0.25,,,308.809808,42.003731,308.80981148,42.00375045,11.114,10.772,,435129,490,0.0,0.0,0
0.079918,308.8166179183624,41.188486279965,0.001,0.001,90,2067858703842337280,308.81659909321,0.0216,41.18845902415,0.0242,1.2717,0.0276,-3.29,0.047,-6.33,0.044,0,500105.0,231.508,11.440712,204770.0,241.491,12.07322,419315.0,308.841,10.705569,1.367651,-7.74,0.33,11,4641.53,,,5.97,14.88,308.81664,41.188501,308.81664985,41.18851466,12.794,11.738,,435133,490,0.9343,1.0,1
0.097771,308.8175362832806,40.6142922172701,0.001,0.001,0,2064738461640313344,308.81754190999,0.0183,40.61425616087,0.0225,1.9089,0.0248,0.992,0.039,-8.374,0.045,0,459572.0,148.735,11.532481,262120.0,263.334,11.805137,285752.0,228.294,11.121945,0.683191,-12.22,0.9,14,6337.0,0.654,0.306,1.83,4.886,308.817523,40.614267,308.8175279,40.6142914,11.964,11.76,,435134,490,0.0,0.0,0
0.139104,308.8184380877643,40.9841678454988,0.001,0.001,90,2064852639050608640,308.81845824547,0.0204,40.98416432975,0.0242,1.9493,0.0252,3.534,0.044,-0.817,0.042,0,372601.0,84.5682,11.760257,224080.0,227.618,11.975381,218266.0,141.432,11.414454,0.560927,-16.17,2.2,9,6815.0,0.397,0.1797,1.4,3.797,308.81843,40.984206,308.81841805,40.9842064,12.418,11.827,,435135,490,0.116,0.2285,1
0.171391,308.8203113798791,41.3043719909268,0.001,0.001,90,2067865953747162240,308.8203089445,0.025,41.30434175506,0.0279,1.2151,0.0341,-0.425,0.057,-7.023,0.052,0,705315.0,546.416,11.067408,261004.0,359.374,11.809772,634037.0,475.533,10.256633,1.553139,4.02,0.35,10,4384.35,0.832,0.3975,8.74,25.443,308.820295,41.304326,308.82029237,41.30434589,12.772,11.472,,435137,490,0.4548,0.8005,1
0.016722,308.8250980011821,41.8901729265641,0.001,0.001,90,2067915775367392256,308.82511756876,0.0224,41.89024705891,0.0228,5.9334,0.0275,3.383,0.047,17.218,0.042,0,53074200.0,13097.0,6.376157,24439300.0,51663.5,6.881165,39476200.0,137698.0,5.771081,1.110084,-28.6,0.16,16,5017.0,,,10.71,65.503,308.825101,41.890177,308.82508658,41.89013179,7.586,6.624,K0III,435138,490,0.0,0.0,0
0.031486,308.8315137165358,41.928684297444,0.001,0.001,90,2067916939302019968,308.83160543994,0.0211,41.92879831958,0.0212,3.7812,0.0252,15.849,0.042,26.483,0.04,0,1095030.0,305.748,10.589804,640661.0,511.144,10.834817,657412.0,707.113,10.217325,0.617492,,,0,6800.48,0.2292,0.1197,1.24,2.965,308.83151,41.928676,308.83145691,41.92860563,11.169,10.694,,435139,490,0.0,0.0,0
0.059076,308.8552468353862,41.570578230927,0.001,0.001,0,2067873375450152704,308.85527884273,0.0192,41.57057654488,0.0204,1.2766,0.0245,5.562,0.04,-0.392,0.041,0,417366.0,120.156,11.637074,260101.0,246.942,11.813531,232795.0,149.037,11.344485,0.469046,,,0,7244.0,0.7928,0.3893,2.01,10.002,308.855255,41.570563,308.85523592,41.57056912,11.79,11.47,,435150,490,0.04,0.0,1
0.052745,308.8713059840824,40.6208976692703,0.001,0.001,0,2064736911154483072,308.87131171379,0.0184,40.62083082323,0.0223,2.5402,0.0247,1.01,0.037,-15.526,0.041,0,273222.0,33.5506,12.097075,150652.0,122.492,12.406454,177248.0,82.0514,11.640469,0.765986,1.64,0.63,17,5908.67,0.162,0.0805,1.23,1.66,308.87131,40.620912,308.87130459,40.62095187,12.741,12.256,,435156,490,0.0,0.0,0
0.096524,308.876861658974,41.9989213659717,0.001,0.001,90,2067923093991684864,308.87685506528,0.0193,41.99890535517,0.0213,1.0975,0.0246,-1.138,0.04,-3.719,0.04,0,469622.0,143.076,11.508994,250907.0,275.094,11.852606,315003.0,284.635,11.016132,0.836473,16.93,2.01,15,5813.33,,,3.86,15.364,308.876881,41.998944,308.87687678,41.99894941,12.301,11.565,,435158,490,0.0,0.0,0
0.112939,308.8966434384228,41.7709365340936,0.002,0.002,0,2067911995796118144,308.89666348997,0.056,41.77093049904,0.0589,2.0564,0.0733,3.473,0.114,-1.402,0.115,0,468656.0,170.557,11.51123,268368.0,251.392,11.77956,291779.0,222.911,11.099285,0.680275,,,0,6311.0,1.1353,0.575,1.73,4.295,308.896629,41.770966,308.89661756,41.77096959,12.292,11.368,,435168,490,0.0,0.0,0
0.045451,308.8987714561619,40.9441906205471,0.001,0.001,90,2064848653320943232,308.89869899921,0.02,40.94410136691,0.0244,2.2355,0.024,-12.712,0.045,-20.73,0.045,0,908093.0,271.808,10.79304,518752.0,531.404,11.063989,558612.0,553.905,10.394145,0.669844,16.57,2.92,13,6059.75,,,2.41,7.083,308.898771,40.944178,308.89880563,40.94423283,11.365,10.812,,435171,490,0.0,0.0,1
0.047599,308.9311470033147,41.0410301273291,0.001,0.001,90,2064851573899041152,308.9311305975,0.0254,41.04097931794,0.0301,1.415,0.0318,-2.874,0.056,-11.801,0.055,0,487377.0,240.928,11.468702,217895.0,238.609,12.005772,379527.0,332.277,10.813812,1.191959,-5.61,0.3,9,4862.83,,,4.67,10.965,308.931143,41.041043,308.9311471,41.04106912,12.33,12.074,,435178,490,0.1916,0.0033,1
0.135146,308.9442566793215,41.6011388230207,0.001,0.001,0,2067896392178504064,308.94423575703,0.0204,41.60111652846,0.023,1.6938,0.0268,-3.634,0.042,-5.178,0.048,0,378459.0,157.079,11.74332,233383.0,463.326,11.931213,215963.0,222.253,11.425971,0.505242,-1.95,4.85,7,7401.0,0.751,0.372,1.38,5.182,308.944208,41.601148,308.94421928,41.60115815,11.889,11.98,,435183,490,0.8266,0.0,1
0.035909,308.9456491299459,41.2053565865812,0.001,0.001,0,2064861740085877504,308.94563253955,0.0279,41.20534694083,0.0374,1.7279,0.0406,-2.899,0.06,-2.24,0.073,1,1710970.0,800.121,10.105257,1157930.0,1082.29,10.192179,818924.0,1124.61,9.978811,0.213367,,,0,8039.0,0.454,0.208,,,308.945658,41.205364,308.9456616,41.205365,10.353,10.158,,435184,490,0.2291,0.0,1
0.053105,308.9502622213328,41.3784386346554,0.001,0.001,0,2067867362495864832,308.95026527739,0.0178,41.37837341201,0.0247,2.1639,0.0246,0.533,0.038,-15.148,0.048,0,924106.0,471.917,10.774061,443127.0,775.692,11.235068,679674.0,813.198,10.181169,1.0539,6.74,0.83,7,5117.76,,,3.69,8.407,308.950281,41.378443,308.95026603,41.37848269,11.856,11.008,WC6,435186,490,0.0,0.6598,1
0.075554,308.9549193561683,41.2049721058491,0.001,0.001,0,2064861675662146432,308.95497946065,0.0212,41.20499434437,0.0302,3.3858,0.0301,10.503,0.046,5.165,0.06,0,843728.0,304.367,10.872859,405838.0,388.508,11.330505,616342.0,474.397,10.287365,1.04314,-46.97,0.5,8,5198.27,,,2.17,3.092,308.954892,41.204968,308.95483698,41.20495474,11.943,11.257,,435189,490,0.0,0.1529,1
0.027019,308.9653972353262,40.8666295169692,0.001,0.001,0,2064836279519763072,308.96543264307,0.0191,40.86663991115,0.0245,2.8962,0.0256,6.219,0.042,2.414,0.051,0,427817.0,256.525,11.610222,243979.0,304.967,11.883009,265816.0,229.29,11.200465,0.682544,-9.49,2.13,15,6337.0,0.158,0.079,1.17,1.976,308.965398,40.866637,308.96537449,40.8666297,12.252,11.521,,435192,490,0.0,0.0,0
0.093285,308.974666875138,41.9681622699949,0.001,0.001,0,2067919486219112576,308.97465350816,0.0193,41.96812968109,0.0201,1.2625,0.0238,-2.308,0.039,-7.569,0.04,0,1028940.0,286.342,10.657391,379556.0,291.16,11.4032,928434.0,519.43,9.842543,1.560658,-25.64,0.28,11,4215.97,0.675,0.3257,11.46,37.392,308.974694,41.968146,308.97469187,41.96817221,12.542,11.159,,435197,490,0.0,0.0,0
0.174269,309.0112529110471,41.4764447817627,0.001,0.001,0,2067891581815137536,309.01120577828,0.0195,41.47638251922,0.0235,1.9878,0.0266,-8.202,0.04,-14.461,0.044,0,218707.0,31.289,12.338709,124785.0,169.703,12.610982,137069.0,103.681,11.919572,0.69141,-4.57,2.84,12,6322.0,0.139,0.07,1.22,2.145,309.0112,41.476417,309.01123279,41.47644805,13.077,12.437,,435208,490,0.0052,0.5673,1
0.080816,309.0243422119083,41.8030769221509,0.001,0.001,0,2067899866808448512,309.02434556226,0.024,41.80300356546,0.0256,3.2164,0.0298,0.58,0.05,-17.038,0.052,0,834803.0,255.515,10.884405,492401.0,406.458,11.120591,494993.0,386.636,10.525422,0.595169,0.66,2.38,13,6545.53,0.204,0.1,1.37,3.121,309.024362,41.80306,309.02435388,41.80310414,11.4,10.872,,435212,490,0.0,0.0,0
0.145683,309.0504216494306,41.1292457732314,0.001,0.001,0,2064857380694842496,309.0504093666,0.0242,41.12923305676,0.0289,1.2998,0.0327,-2.149,0.051,-2.954,0.054,0,371044.0,89.081,11.764802,233859.0,360.415,11.929006,203851.0,233.367,11.488636,0.44037,18.95,12.13,8,7435.0,0.789,0.4065,1.77,8.64,309.050475,41.129241,309.05047413,41.12924837,12.026,11.833,,435224,490,0.7501,0.0001,1
0.095929,309.0638145720165,40.80317863044,0.001,0.001,0,2064833466316542080,309.06379692344,0.0172,40.80311351502,0.0211,1.9215,0.0228,-3.103,0.039,-15.124,0.044,0,405538.0,93.4588,11.668287,228278.0,385.577,11.955228,256885.0,221.754,11.237574,0.717654,-18.38,0.8,12,6402.07,,,1.68,4.252,309.063847,40.803189,309.06384549,40.80323148,12.322,11.537,,435229,490,0.0,0.0,0
0.205784,309.0825520399126,41.2637410952167,0.001,0.001,0,2064860640574286720,309.08256825281,0.0221,41.26373487632,0.0275,1.7199,0.0326,2.831,0.05,-1.444,0.051,0,360795.0,339.097,11.795214,221676.0,756.929,11.987092,205573.0,432.126,11.479505,0.507587,,,0,7154.63,0.3943,0.19,1.42,4.751,309.082619,41.263714,309.08259398,41.26372144,12.442,12.365,,435233,490,0.0327,0.002,1
0.022247,309.085998611202,40.684434208413,0.001,0.001,0,2064783713415279616,309.08596374823,0.0182,40.68436741443,0.0224,1.3616,0.0241,-6.14,0.038,-15.513,0.041,0,1092150.0,238.883,10.592657,472771.0,315.557,11.164761,876672.0,829.584,9.904827,1.259934,-2.1,0.2,14,4803.0,,,7.5,26.965,309.085991,40.684432,309.08599808,40.6844716,11.722,10.913,,435236,490,0.0,0.0,0
0.072924,309.1003053224448,41.5875690477654,0.002,0.001,90,2067893780838388736,309.10032084085,0.0514,41.58757806748,0.053,1.0208,0.0621,2.696,0.118,2.095,0.095,1,563315.0,759.22,11.311487,325999.0,654.007,11.568348,341190.0,331.519,10.929431,0.638917,,,0,6430.75,,,3.69,20.923,309.10031,41.587589,309.10030304,41.58758978,11.734,11.4,,435240,490,0.0,0.0,0
0.036817,309.1080884266252,41.7949019111594,0.001,0.001,90,2067904814610744832,309.10806726179,0.0359,41.79485348169,0.0368,1.5453,0.0449,-3.665,0.08,-11.248,0.078,1,1952430.0,932.33,9.961928,1388900.0,1778.55,9.994711,863423.0,1430.91,9.921362,0.073349,,,0,9176.75,0.3063,0.1277,,,309.108101,41.794906,309.10810548,41.79493386,10.05,9.991,,435241,490,0.0,0.0,0
0.110659,309.1089820671834,41.7734942077822,0.001,0.001,0,2067904707235179904,309.10920986306,0.0218,41.77329620424,0.0246,5.4067,0.0278,39.457,0.045,-45.988,0.052,0,364762.0,71.5025,11.783342,191086.0,188.648,12.148317,249710.0,208.372,11.268331,0.879987,12.7,0.73,18,5625.25,0.0663,0.0287,0.74,0.498,309.108942,41.773487,309.10881175,41.77359947,12.848,12.193,,435242,490,0.0,0.0,0
0.06066,309.1088402580587,40.7919830884239,0.001,0.001,0,2064832744762026624,309.10883518974,0.0199,40.79195674003,0.0233,2.9035,0.0268,-0.891,0.045,-6.12,0.046,0,591764.0,361.883,11.257994,348442.0,430.709,11.496062,352981.0,281.875,10.892542,0.60352,-15.23,3.67,7,6623.57,0.133,0.077,1.25,2.715,309.108856,40.791995,309.10884728,40.79200867,11.849,11.301,,435243,490,0.0,0.0,0
0.113765,309.1126297185849,41.4002732700682,0.001,0.001,0,2064887754703460352,309.11260934274,0.0178,41.40023725552,0.0228,1.1235,0.0243,-3.55,0.037,-8.365,0.044,0,1191080.0,449.926,10.498508,445409.0,533.008,11.229489,1064640.0,730.982,9.693911,1.535579,2.53,5.33,6,4406.56,0.6407,0.3447,12.1,49.765,309.112665,41.400256,309.11267023,41.40028031,12.277,10.964,,435245,490,0.0,0.0,0
0.013363,309.1161198973505,41.0442673503159,0.001,0.001,90,2064844942469540992,309.11607094421,0.0327,41.0441520721,0.0365,6.4802,0.0419,-8.575,0.076,-26.774,0.076,1,13350700.0,4439.37,7.874605,9116650.0,15735.3,7.9518,6224590.0,11578.8,7.776642,0.175158,,,0,8397.0,0.4165,0.2113,,,309.116119,41.044271,309.11614621,41.04433377,8.05,7.894,A0,435247,490,0.0,0.0,0
0.016328,309.1189250664517,41.6275728978744,0.001,0.001,0,2067894987725527936,309.11904824968,0.0209,41.62757856502,0.0272,2.8239,0.0285,21.386,0.043,1.316,0.051,0,1326540.0,395.542,10.381568,754224.0,596.116,10.657638,819677.0,1114.54,9.977813,0.679825,10.51,0.36,14,6124.9,,,2.26,6.472,309.118919,41.627573,309.11884806,41.62757333,11.048,10.408,,435249,490,0.0,0.0,0
0.103197,309.1276394385556,41.7159223309069,0.001,0.001,0,2067901344277144576,309.1276188638,0.0183,41.71589362842,0.0221,1.484,0.0244,-3.567,0.037,-6.666,0.045,0,271441.0,37.8293,12.104177,155381.0,178.722,12.372891,169522.0,103.273,11.688855,0.684036,37.52,15.3,17,6353.0,,,1.8,4.774,309.127671,41.715906,309.12767172,41.71592417,12.534,12.13,,435256,490,0.0,0.0,0
0.023052,309.1360487425785,40.6428797391625,0.001,0.001,0,2064782716982862208,309.13605593584,0.0205,40.6429052658,0.0222,2.1751,0.0282,1.268,0.042,5.929,0.043,0,849916.0,307.687,10.864926,456994.0,442.073,11.201612,560565.0,309.383,10.390356,0.811256,-40.41,0.44,13,5896.53,,,2.54,7.049,309.136045,40.642874,309.13603843,40.64286221,11.596,10.94,,435259,490,0.0,0.0,0
0.020379,309.144683421757,41.8024821720897,0.001,0.001,0,2067905158208121216,309.14481776106,0.0223,41.8025508311,0.0255,3.7283,0.0282,23.259,0.048,15.947,0.052,0,2894850.0,616.316,9.534303,1776420.0,2220.36,9.727523,1605930.0,3041.96,9.247604,0.479918,-37.29,9.55,13,7093.0,,,1.88,8.1,309.14469,41.802485,309.144616,41.80244091,9.957,9.612,,435264,490,0.0,0.0,0
0.079481,309.1513220528747,40.7815598964359,0.001,0.001,90,2064832809186190976,309.15136066039,0.0219,40.78158110559,0.0235,1.6299,0.0288,6.79,0.048,4.926,0.047,0,290338.0,45.439,12.031108,173338.0,192.943,12.254154,172187.0,105.475,11.671922,0.582233,-27.7,3.75,9,6578.95,0.655,0.3447,1.58,4.227,309.15131,40.78158,309.15128642,40.78156584,13.229,12.079,,435270,490,0.0,0.0,0
0.151061,309.1547303643244,41.0737602842594,0.001,0.001,0,2064846557377226496,309.15470323736,0.0222,41.07373533641,0.0264,1.0606,0.0303,-4.75,0.051,-5.794,0.053,0,268747.0,48.8947,12.115008,147310.0,144.423,12.430807,176604.0,129.717,11.644416,0.786391,-0.32,1.87,8,5897.33,,,2.93,9.374,309.154786,41.073759,309.15479165,41.073778,13.023,11.726,,435271,490,0.0,0.0,0
0.061115,309.1586536143997,41.0037067954562,0.001,0.001,90,2064843911677364608,309.15868120941,0.0248,41.00370733597,0.0256,2.5527,0.0311,4.837,0.057,0.126,0.05,0,668550.0,304.241,11.12553,401088.0,500.44,11.343288,389867.0,256.784,10.78463,0.558659,-17.81,2.68,8,6742.51,0.409,0.1927,1.46,3.97,309.158633,41.0037,309.15861524,41.00370486,11.495,11.114,,435273,490,0.0,0.0,0
0.174451,309.1595081429458,41.1367455427249,0.001,0.001,0,2064847004053662848,309.15961677293,0.0214,41.13677875808,0.0255,2.1905,0.0291,19.002,0.047,7.715,0.05,0,435539.0,105.041,11.590797,247772.0,229.657,11.866259,271236.0,251.041,11.178551,0.687708,-36.92,0.71,10,6250.25,0.92,0.418,1.6,3.521,309.159552,41.136781,309.15947607,41.13675762,11.803,11.393,,435275,490,0.0,0.0,0
0.089994,309.1700848004091,41.4690306927665,0.001,0.001,0,2064889781927995904,309.1701881586,0.0191,41.46892443252,0.0242,3.4911,0.0252,17.988,0.039,-24.68,0.046,0,720536.0,294.217,11.044227,405471.0,359.202,11.33149,453403.0,334.081,10.620708,0.710781,-47.08,0.5,13,6193.0,0.228,0.0945,1.32,2.296,309.17009,41.469006,309.17002944,41.46906659,11.765,11.212,,435279,490,0.0,0.0,0
0.060678,309.1859535281863,41.607065660436,0.001,0.001,90,2067894025652833664,309.18594470895,0.0298,41.60708473837,0.0309,1.5459,0.0364,-1.532,0.064,4.431,0.061,0,658075.0,346.719,11.142676,422844.0,337.683,11.285937,346638.0,251.425,10.912231,0.373707,,,0,7585.23,,,1.91,10.916,309.185972,41.607056,309.18595909,41.60704446,11.583,11.162,,435288,490,0.0,0.0,0
0.013241,309.186173322756,41.6323798569289,0.001,0.001,0,2067899969887576448,309.18618448494,0.0202,41.63236677099,0.0243,1.4685,0.0263,1.938,0.041,-3.039,0.047,1,2989100.0,678.136,9.499515,1874320.0,2377.01,9.66928,1606920.0,2662.35,9.246933,0.422347,,,0,7145.25,,,4.79,53.983,309.186178,41.632381,309.1861692,41.63238721,9.864,9.558,,435289,490,0.0,0.0,0
0.147675,309.186551962376,41.302403243907,0.001,0.001,0,2064884112571128704,309.18654946363,0.0182,41.30236733695,0.024,1.7748,0.025,-0.436,0.04,-8.34,0.047,0,322583.0,53.4567,11.916763,178385.0,208.031,12.222992,210994.0,121.253,11.451246,0.771746,15.34,0.77,8,5755.18,1.355,0.6787,2.02,4.05,309.186605,41.302413,309.18659827,41.30243777,12.787,11.629,,435290,490,0.0,0.0,0
0.100278,309.1896094568729,40.957950674994,0.001,0.001,0,2064840815005222912,309.18962754362,0.0249,40.9579311001,0.0268,1.5212,0.031,3.172,0.052,-4.546,0.056,0,339957.0,68.1003,11.859804,199789.0,244.734,12.099957,207269.0,162.568,11.470583,0.629375,-13.77,2.49,11,6833.0,1.109,0.5577,1.7,5.689,309.189574,40.957943,309.18955704,40.95795755,12.245,12.099,,435291,490,0.0,0.0,0
0.094405,309.1926484215225,41.9576950105453,0.002,0.002,0,2067908353663819392,309.19267309984,0.0505,41.95769490781,0.068,1.9867,0.0675,4.262,0.103,-0.024,0.11,1,804429.0,514.628,10.924646,536653.0,755.974,11.027155,398806.0,692.322,10.760015,0.26714,,,0,8161.67,0.2955,0.153,,,309.192682,41.957687,309.19266425,41.95768769,11.169,11.024,,435293,490,0.0,0.0,0
0.121811,309.2118086953514,40.7940690673991,0.001,0.001,0,2064785981158089216,309.21186154859,0.0203,40.79407502089,0.0265,1.7123,0.0307,9.293,0.044,1.383,0.058,0,194776.0,34.7008,12.464528,109959.0,111.494,12.748316,123397.0,116.737,12.03366,0.714656,,,0,6249.33,,,1.37,2.577,309.21177,40.794086,309.2117325,40.794066,,12.448,,435299,490,0.0,0.0,0
0.055207,309.2150914940801,41.4345704670803,0.001,0.001,0,2064889472690334848,309.21508072965,0.0202,41.43453188268,0.0242,1.8104,0.0268,-1.874,0.041,-8.962,0.046,0,4698340.0,911.865,9.008505,2065810.0,2755.05,9.563662,3673310.0,6250.02,8.349277,1.214385,-26.44,0.33,8,4866.2,0.366,0.1823,11.3,64.518,309.21511,41.434577,309.2151081,41.43459797,10.352,9.315,K0,435301,490,0.0,0.0,0
0.038186,309.2197290075584,40.9789793936098,0.001,0.001,90,2064840750581431552,309.21979773663,0.0243,40.97894416342,0.026,1.8085,0.0312,12.051,0.052,-8.183,0.051,0,3078430.0,963.747,9.467542,1321840.0,1854.49,10.048439,2455810.0,3302.78,8.786434,1.262005,-23.18,0.27,9,4716.99,0.171,0.0915,9.95,44.191,309.21974,40.978986,309.21969298,40.97900773,10.89,9.85,,435303,490,0.0,0.0,0
