angDist,ra_epoch2000,dec_epoch2000,errHalfMaj,errHalfMin,errPosAng,source_id,ra,ra_error,dec,dec_error,parallax,parallax_error,pmra,pmra_error,pmdec,pmdec_error,duplicated_source,phot_g_mean_flux,phot_g_mean_flux_error,phot_g_mean_mag,phot_bp_mean_flux,phot_bp_mean_flux_error,phot_bp_mean_mag,phot_rp_mean_flux,phot_rp_mean_flux_error,phot_rp_mean_mag,bp_rp,radial_velocity,radial_velocity_error,rv_nb_transits,teff_val,a_g_val,e_bp_min_rp_val,radius_val,lum_val,_RAJ2000,_DEJ2000,[MT91],SpType,RAJ2000,DEJ2000,AV,Vmag,(B-V),DM,PAct,RV,MT91
0.818274,307.6658315608041,41.6140794476534,0.011,0.010,90,2068035342958597760,307.66584137222,0.3341,41.61404409798,0.3213,2.0941,0.3711,1.704,0.724,-8.210,0.624,0,3.12335e+05,1.09569e+02,11.951814,7.67161e+04,1.43315e+02,13.139172,3.65293e+05,3.46162e+02,10.855316,2.283855,,,0,3702.91,2.1923,1.0800,5.82,5.737,307.666125,41.6141389,5,O6V,20 30 39.87,+41 36 50.9,5.8,12.93,1.64,12.0,,,MT91
0.175161,307.7129771278545,41.3393788244830,0.001,0.001,0,2067842756625081856,307.71296046896,0.0310,41.33936126809,0.0402,0.4823,0.0402,-2.905,0.066,-4.078,0.076,0,1.11242e+05,4.49066e+01,13.072689,1.97033e+04,7.75575e+01,14.615042,1.46171e+05,2.01306e+02,11.849765,2.765277,,,0,4070.90,2.5695,1.2727,11.04,30.155,307.713,41.3393333,20,B0V,20 30 51.12,+41 20 21.6,7.3,14.48,2.18,10.9,,V,MT91
0.664830,307.7113893779454,41.5851773336815,0.000,0.000,90,2068034488263553792,307.71137259831,0.0135,41.58516129905,0.0154,0.5862,0.0167,-2.915,0.029,-3.724,0.029,0,1.02417e+05,4.87393e+01,13.162437,3.46538e+04,1.16771e+02,14.002010,1.02263e+05,1.47361e+02,12.237620,1.764390,,,0,4083.67,1.2800,0.6015,8.63,18.644,307.7114583,41.585,21,B2II,20 30 50.75,+41 35 06.0,4.4,13.74,1.3,14.1,,V,MT91
0.377680,307.7475849278660,41.5999894404015,0.001,0.001,0,2068034694421980416,307.74756480037,0.0232,41.59997552532,0.0266,0.5551,0.0289,-3.496,0.050,-3.232,0.054,0,6.90502e+04,7.07052e+01,13.590454,2.86454e+04,8.04434e+02,14.208753,8.06159e+04,1.77657e+03,12.495868,1.712885,,,0,4403.00,,,5.91,11.835,307.747625,41.5998889,42,B2V,20 30 59.43,+41 35 59.6,4.4,13.73,1.27,11.7,,,MT91
0.531227,307.7939420737629,41.5315162294027,0.002,0.002,90,2067846574853004672,307.79392422714,0.0523,41.53149752974,0.0576,0.5487,0.0656,-3.103,0.116,-4.343,0.106,0,1.25358e+06,1.11671e+03,10.442987,3.91077e+05,1.65901e+03,11.370731,1.35422e+06,6.41075e+03,9.432699,1.938032,,,0,3844.25,,,39.33,304.390,307.7940417,41.5313889,59,O8V,20 31 10.57,+41 31 53.0,5.3,11.18,1.47,10.2,,V,MT91
0.217854,307.8263723136511,41.3560285666128,0.001,0.001,0,2067840149584105344,307.82635861061,0.0280,41.35601075692,0.0345,0.5979,0.0367,-2.389,0.060,-4.136,0.065,0,3.74349e+05,1.25918e+02,11.755176,7.45066e+04,2.25560e+02,13.170900,4.71619e+05,6.63054e+02,10.577941,2.592959,,,0,3660.00,2.3913,1.1760,23.19,86.934,307.8262917,41.3560278,70,O9V,20 31 18.31,+41 21 21.7,7.1,12.99,2.1,10.0,,V,MT91
0.364929,307.8417786348522,41.5245452962009,0.001,0.001,0,2067845887660714880,307.84176402383,0.0216,41.52452524450,0.0298,0.5532,0.0301,-2.541,0.047,-4.657,0.054,0,1.72025e+06,7.81542e+02,10.099385,6.31225e+05,6.60240e+02,10.850927,1.57416e+06,1.45192e+03,9.269300,1.581627,,,0,4365.00,0.8390,0.3880,30.39,302.135,307.8417917,41.5244444,83,B1I,20 31 22.03,+41 31 28.0,4.1,10.64,1.18,13.0,Susp,V,MT91
0.692572,307.8772734498131,41.6210836451371,0.001,0.001,90,2067853171925419392,307.87725824574,0.0168,41.62106732336,0.0204,0.5904,0.0228,-2.640,0.037,-3.791,0.036,0,4.63855e+04,1.46375e+01,14.022411,1.62388e+04,2.47226e+01,14.825001,4.52469e+04,3.82288e+01,13.122949,1.702052,,,0,4152.60,1.4390,0.7817,5.46,7.986,307.8770417,41.621,97,B2V,20 31 30.49,+41 37 15.6,4.3,14.56,1.22,12.7,,V,MT91
0.037905,307.8890699963819,41.3802811490561,0.001,0.001,0,2067840974218090112,307.88905592741,0.0283,41.38026419639,0.0335,0.5740,0.0389,-2.452,0.060,-3.937,0.064,0,1.49968e+05,4.71817e+01,12.748369,3.32822e+04,8.06663e+01,14.045857,1.83276e+05,3.32624e+02,11.604154,2.441704,,,0,3410.00,2.0123,0.9980,19.39,45.824,307.8890833,41.3802778,103,B1V,20 31 33.38,+41 22 49.0,6.7,13.81,2.0,10.3,,V,MT91
0.677049,307.8901698235536,41.6012961398474,0.006,0.005,90,2067852416011174016,307.89016867004,0.1568,41.60126747264,0.1881,0.6626,0.2091,-0.200,0.361,-6.658,0.341,1,4.83742e+04,5.65488e+01,13.976831,1.64094e+04,3.71516e+01,14.813656,5.00664e+04,3.69968e+01,13.013054,1.800602,,,0,3980.54,,,,,307.8899583,41.6011944,106,B3V,20 31 33.59,+41 36 04.3,4.4,14.6,1.29,12.0,,V,MT91
0.367311,307.8922843323155,41.5189404067197,0.001,0.001,90,2067848567720295424,307.89226989627,0.0210,41.51892558226,0.0269,0.5387,0.0283,-2.510,0.047,-3.443,0.046,0,2.55545e+04,8.42664e+00,14.669698,8.55445e+03,2.68552e+01,15.520907,2.57122e+04,2.36829e+01,13.736570,1.784337,,,0,3950.39,,,5.23,5.992,307.8921667,41.5188889,108,B3IV,20 31 34.12,+41 31 08.0,4.3,14.88,1.26,13.1,,,MT91
0.333642,307.9234568507777,41.4724766120916,0.006,0.005,90,2067848219824399616,307.92344192005,0.1578,41.47245816525,0.2102,1.2778,0.2249,-2.598,0.357,-4.284,0.348,1,5.87017e+04,4.13643e+01,13.766740,1.92215e+04,5.75993e+01,14.641921,6.02420e+04,1.13703e+02,12.812171,1.829750,,,0,3932.25,,,,,307.9233333,41.4724722,129,B3V,20 31 41.60,+41 28 20.9,4.6,14.4,1.34,11.7,,V,MT91
0.147247,307.9391685332487,41.3074198316111,0.002,0.002,90,2067828639068547200,307.93915208187,0.0578,41.30740169399,0.0596,0.4530,0.0729,-2.870,0.131,-4.213,0.113,0,6.51521e+05,9.55123e+02,11.153544,1.43242e+05,6.36522e+02,12.461209,8.19386e+05,3.29040e+03,9.978198,2.483011,,,0,3739.42,,,37.62,249.320,307.939125,41.3074444,138,O8I,20 31 45.39,+41 18 26.8,6.9,12.26,1.99,11.6,,V,MT91
0.303308,307.9569068941730,41.4740303079572,0.001,0.001,90,2067847502568383744,307.95688909863,0.0230,41.47401231958,0.0249,0.5949,0.0318,-3.097,0.051,-4.178,0.041,0,7.13054e+05,3.38655e+02,11.055559,2.73380e+05,4.30230e+02,11.759472,6.43066e+05,6.27394e+02,10.241282,1.518190,,,0,4442.62,0.3420,0.1590,17.26,104.599,307.956875,41.4741111,145,O9III,20 31 49.65,+41 28 26.8,4.1,11.52,1.11,12.6,,V,MT91
0.244210,307.9842915242628,41.5866821638814,0.001,0.001,90,2067849220555467264,307.98429070798,0.0308,41.58666852838,0.0400,0.9318,0.0454,-0.142,0.071,-3.167,0.062,0,9.98169e+03,4.38916e+00,15.690355,3.97044e+03,4.06908e+01,16.354290,9.12404e+03,5.39859e+01,14.861452,1.492838,,,0,4419.00,,,1.32,0.603,307.9842917,41.58675,170,B5:V,20 31 56.23,+41 35 12.3,3.6,15.21,1.05,11.6,,,MT91
0.570339,307.9872759968993,41.5299345026646,0.001,0.001,90,2067848048024783360,307.98726342946,0.0252,41.52991997958,0.0273,0.6053,0.0347,-2.185,0.054,-3.373,0.049,0,2.99370e+05,8.28336e+01,11.997847,1.07456e+05,1.68086e+02,12.773314,2.87096e+05,3.41197e+02,11.116853,1.656461,,,0,4298.67,0.8362,0.4050,12.14,45.335,307.9870833,41.53,174,B2IV,20 31 56.90,+41 31 48.0,4.3,12.55,1.21,11.3,,V,MT91
0.548396,308.0156946515813,41.4195669921663,0.001,0.001,0,2067835438000806016,308.01567930634,0.0192,41.41954903491,0.0236,0.5851,0.0268,-2.673,0.042,-4.171,0.043,0,1.96326e+05,8.72930e+02,12.455923,5.75801e+04,5.32415e+02,13.450708,2.03965e+05,1.86470e+03,11.488033,1.962675,,,0,4164.55,1.6740,0.8220,11.23,34.189,308.0155833,41.4196944,187,B1V,20 32 03.74,+41 25 10.9,5.3,13.24,1.52,11.1,,V,MT91
0.919322,308.0193648651335,41.4634189768908,0.001,0.001,90,2067835923336537216,308.01935330375,0.0169,41.46340125605,0.0207,0.5222,0.0261,-2.012,0.037,-4.116,0.034,0,4.10021e+04,1.86038e+01,14.156351,1.43000e+04,3.86301e+01,14.963050,4.00738e+04,4.64739e+01,13.254768,1.708282,,,0,4119.11,,,5.96,9.204,308.0190417,41.4635,189,B6:V,20 32 04.57,+41 27 48.6,3.9,14.77,1.17,10.8,,V,MT91
0.836258,308.0200190662392,41.4789123692304,0.000,0.000,90,2067847708726800896,308.02000429566,0.0134,41.47889432256,0.0153,0.5314,0.0193,-2.570,0.029,-4.191,0.027,0,8.86197e+04,1.52059e+01,13.319540,3.43216e+04,5.57415e+01,14.012469,8.06989e+04,6.74541e+01,12.494751,1.517718,,,0,4342.00,,,7.30,17.050,308.01975,41.4790278,191,B3IV,20 32 04.74,+41 28 44.5,3.6,13.81,1.04,12.7,,V,MT91
0.917722,308.0235361619149,41.4636005269592,0.002,0.002,0,2067835923336536064,308.02351910209,0.0601,41.46358246642,0.0723,0.6129,0.0843,-2.969,0.134,-4.195,0.135,0,4.46427e+04,1.11742e+01,14.063990,1.37292e+04,2.70843e+01,15.007278,4.71715e+04,4.63609e+01,13.077722,1.929556,,,0,3923.57,,,6.21,8.233,308.0232917,41.4637778,196,B6V,20 32 05.59,+41 27 49.6,4.4,14.81,1.31,10.4,,V,MT91
0.309527,308.0286384589842,41.2991570161938,0.001,0.001,90,2067828020596671104,308.02862500197,0.0292,41.29913909736,0.0329,0.5758,0.0384,-2.348,0.067,-4.162,0.063,1,1.44078e+05,4.22268e+01,12.791874,2.92811e+04,1.03002e+02,14.184920,1.81390e+05,3.44751e+02,11.615386,2.569534,,,0,4078.07,2.2390,1.1260,10.46,27.281,308.0285417,41.2991111,200,B3V,20 32 06.85,+41 17 56.8,6.5,13.94,1.98,9.4,,V,MT91
0.502540,308.0332067742154,41.3666246197850,0.001,0.001,90,2067834308428808832,308.03319170384,0.0167,41.36660632292,0.0192,0.5920,0.0242,-2.627,0.035,-4.250,0.035,0,6.44640e+04,2.03647e+01,13.665072,1.99110e+04,4.70454e+01,14.603654,6.76340e+04,7.37647e+01,12.686506,1.917148,,,0,3869.00,1.6040,0.7880,8.09,13.225,308.033125,41.36675,202,B2V,20 32 07.95,+41 22 00.3,4.7,14.4,1.35,12.2,,V,MT91
0.830992,308.0546870779446,41.4567621526409,0.001,0.001,0,2067835682818358400,308.05466989702,0.0225,41.45675895768,0.0306,0.6933,0.0338,-2.991,0.048,-0.742,0.055,0,5.38141e+05,4.83122e+03,11.361126,2.04754e+05,5.99853e+03,12.073308,5.02232e+05,2.09532e+04,10.509660,1.563648,,,0,4321.18,0.8220,0.4255,13.98,61.426,308.0544583,41.4569167,213,B0V,20 32 13.07,+41 27 24.9,4.2,11.95,1.13,11.5,,V,MT91
0.876400,308.0575313314241,41.4615023334548,0.001,0.001,90,2067835781598188160,308.05751823113,0.0232,41.46148682961,0.0273,0.5359,0.0328,-2.280,0.053,-3.601,0.048,0,1.90508e+05,4.01741e+01,12.488582,6.96270e+04,1.30333e+02,13.244444,1.80318e+05,2.48644e+02,11.621823,1.622621,,,0,4292.00,0.8145,0.4028,10.99,36.931,308.0572917,41.4616667,216,B1.5V,20 32 13.75,+41 27 42.0,4.2,13.02,1.18,11.6,,V,MT91
0.908366,308.0575920060796,41.4533348907635,0.001,0.001,90,2067835682818357376,308.05757788467,0.0237,41.45331711798,0.0300,0.6700,0.0361,-2.458,0.052,-4.128,0.051,0,2.54248e+06,1.43636e+03,9.675221,9.08834e+05,1.05971e+03,10.455177,2.36171e+06,2.79050e+03,8.828856,1.626322,,,0,4253.37,0.5403,0.2545,33.03,321.600,308.057375,41.4535278,217,O7IIIf,20 32 13.77,+41 27 12.7,4.4,10.23,1.19,11.3,,V,MT91
0.749095,308.0608307024624,41.3758600114174,0.001,0.001,90,2067834342788541056,308.06081596551,0.0177,41.37584000711,0.0197,0.5574,0.0235,-2.568,0.038,-4.646,0.036,0,7.12887e+04,2.58905e+01,13.555815,2.07379e+04,4.56253e+01,14.559477,7.74891e+04,1.11707e+02,12.538817,2.020659,,,0,3709.00,1.6040,0.7963,10.39,18.401,308.0606667,41.3760278,220,B1V,20 32 14.56,+41 22 33.7,5.3,14.34,1.52,12.2,,V,MT91
0.943909,308.0612303249125,41.4610295070898,0.004,0.004,0,2067835785897573120,308.06121814064,0.1124,41.46100431243,0.1269,0.8853,0.1469,-2.121,0.246,-5.852,0.273,0,1.20755e+05,3.67748e+01,12.983604,4.07019e+04,8.80218e+01,13.827353,1.21074e+05,1.30721e+02,12.054295,1.773058,,,0,4136.25,1.7045,0.8950,5.95,9.336,308.0609583,41.4611944,221,B2V,20 32 14.63,+41 27 40.3,4.5,13.62,1.3,11.5,,,MT91
0.390573,308.0626606173130,41.3251170562400,0.001,0.001,90,2067833930471667200,308.06264651417,0.0182,41.32509901872,0.0202,0.5274,0.0248,-2.460,0.039,-4.189,0.036,0,4.48883e+04,1.18979e+01,14.058032,1.34014e+04,2.67316e+01,15.033514,4.80042e+04,5.56375e+01,13.058723,1.974792,,,0,3798.00,1.6163,0.7945,8.06,12.171,308.062625,41.3252222,222,B3V,20 32 15.03,+41 19 30.8,5.0,14.8,1.47,11.7,,,MT91
0.815052,308.0690091515893,41.4265749682416,0.001,0.001,0,2067835614098871040,308.06899582471,0.0208,41.42655467940,0.0265,0.5786,0.0291,-2.321,0.044,-4.712,0.055,0,8.15283e+05,3.16873e+02,10.910094,2.83706e+05,4.88551e+02,11.719218,7.84876e+05,7.08378e+02,10.024917,1.694302,,,0,4150.73,0.7005,0.3483,23.39,146.314,308.068875,41.4267778,227,O9V,20 32 16.53,+41 25 36.4,4.6,11.47,1.24,10.9,,V,MT91
0.817813,308.0818648451652,41.3441372902269,0.001,0.001,0,2067834067910619904,308.08184869550,0.0220,41.34411995769,0.0246,0.5977,0.0290,-2.816,0.047,-4.026,0.051,0,1.57616e+05,2.93039e+01,12.694366,5.45088e+04,7.89503e+01,13.510221,1.54659e+05,1.18284e+02,11.788482,1.721739,,,0,4067.44,1.0375,0.5005,10.63,27.887,308.0819167,41.3443611,234,B2V,20 32 19.66,+41 20 39.7,4.5,13.25,1.28,11.2,,V,MT91
0.042920,308.0889445693317,41.3098551197338,0.001,0.001,0,2067830941174419968,308.08892832048,0.0232,41.30983709414,0.0259,0.5210,0.0303,-2.835,0.052,-4.187,0.055,0,4.23168e+04,1.49706e+01,14.122083,1.10874e+04,2.61605e+01,15.239314,4.83408e+04,1.02032e+02,13.051135,2.188179,,,0,3547.50,2.0173,0.9955,9.93,14.061,308.0889583,41.3098611,238,B1V,20 32 21.35,+41 18 35.5,6.1,14.91,1.8,12.0,,V,MT91
0.440950,308.0906260975535,41.5736186601033,0.001,0.001,90,2067849873390497024,308.09061152779,0.0158,41.57359732876,0.0196,0.5731,0.0240,-2.532,0.036,-4.954,0.035,0,5.46979e+04,1.79171e+01,13.843440,2.09280e+04,4.97687e+01,14.549568,5.05086e+04,8.53775e+01,13.003508,1.546061,,,0,4328.00,,,5.37,9.108,308.0906667,41.5735,239,B4V,20 32 21.76,+41 34 24.6,3.9,14.33,1.14,10.4,,V,MT91
0.507096,308.0921697216733,41.4616904713304,0.001,0.001,0,2067835751537826560,308.09215247317,0.0209,41.46167263817,0.0255,0.5792,0.0302,-3.002,0.045,-4.142,0.048,0,1.37615e+05,2.92234e+01,12.841704,5.10612e+04,9.32484e+01,13.581161,1.28956e+05,9.09230e+01,11.985817,1.595344,,,0,4350.00,,,8.30,22.203,308.0922917,41.4615833,241,B2V,20 32 22.15,+41 27 41.7,4.0,13.41,1.13,11.8,,V,MT91
0.367120,308.1061853113123,41.4144785992099,0.001,0.001,0,2067834682086562048,308.10617149252,0.0195,41.41446081258,0.0232,0.6144,0.0270,-2.407,0.042,-4.131,0.045,0,1.48694e+05,3.26474e+01,12.757628,5.09134e+04,9.49084e+01,13.584308,1.46839e+05,1.55951e+02,11.844819,1.739489,,,0,4201.00,1.3047,0.6597,9.06,23.009,308.10625,41.4143889,248,B2V,20 32 25.50,+41 24 51.8,4.6,13.36,1.31,11.2,,V,MT91
0.417410,308.1086566720013,41.4942592045665,0.001,0.001,90,2067837263366486144,308.10864029252,0.0270,41.49424299285,0.0297,0.5243,0.0403,-2.849,0.058,-3.765,0.054,0,2.12845e+05,1.70967e+02,12.368209,8.39470e+04,2.96551e+02,13.041374,1.91586e+05,5.65836e+02,11.556012,1.485362,,,0,4455.00,0.7797,0.3000,10.62,39.991,308.10875,41.4941667,250,B2III,20 32 26.10,+41 29 39.0,3.8,12.88,1.06,12.8,,V,MT91
0.150654,308.1104398995918,41.3205102486361,0.001,0.001,0,2067830833796676352,308.11042320602,0.0162,41.32048920138,0.0196,0.5262,0.0220,-2.912,0.035,-4.888,0.037,0,9.16203e+04,2.18864e+01,13.283387,2.63508e+04,4.47137e+01,14.299405,9.98986e+04,9.60128e+01,12.263021,2.036384,,,0,3855.78,1.6775,0.8370,10.98,23.996,308.1104167,41.3204722,252,B1.5III,20 32 26.50,+41 19 13.7,4.9,14.15,1.42,13.1,,V,MT91
0.517844,308.1134773278535,41.3657309584987,0.001,0.001,0,2067831525289977856,308.11346367447,0.0179,41.36571390681,0.0223,0.5833,0.0248,-2.380,0.038,-3.960,0.045,0,4.70592e+04,1.06945e+01,14.006754,1.40406e+04,2.71476e+01,14.982923,5.04899e+04,6.55866e+01,13.003908,1.979014,,,0,3836.00,1.7673,0.8745,7.22,10.168,308.1135833,41.3656111,255,B2III,20 32 27.26,+41 21 56.2,4.8,14.71,1.42,13.5,,V,MT91
0.410985,308.1152270075716,41.4394644493474,0.001,0.001,0,2067834926904094848,308.11521383053,0.0201,41.43944651718,0.0275,0.6295,0.0303,-2.294,0.044,-4.165,0.050,0,1.11781e+06,3.34901e+02,10.567449,4.06335e+05,3.95458e+02,11.329176,1.03768e+06,7.37166e+02,9.721762,1.607414,,,0,4307.00,0.8715,0.4815,22.42,155.874,308.1152917,41.4393611,258,O8V,20 32 27.67,+41 26 21.7,4.5,11.1,1.2,10.9,,V,MT91
0.428013,308.1155737529205,41.4811796669602,0.001,0.001,0,2067837263366481536,308.11556032395,0.0233,41.48116235820,0.0276,0.6164,0.0314,-2.337,0.051,-4.020,0.052,0,7.66167e+05,3.20816e+02,10.977557,3.14849e+05,6.08869e+02,11.606133,6.58407e+05,4.58575e+02,10.215684,1.390449,,,0,4462.80,0.4920,0.2223,17.04,103.808,308.1156667,41.4810833,259,B0Ib,20 32 27.76,+41 28 51.9,3.7,11.42,1.0,13.7,,V,MT91
0.239438,308.1308687246894,41.5143337747084,0.001,0.001,90,2067837400805452032,308.13085133919,0.0214,41.51431631301,0.0225,0.6089,0.0283,-3.024,0.049,-4.056,0.043,0,7.38657e+04,1.82541e+01,13.517259,2.07532e+04,5.59136e+01,14.558677,8.12478e+04,9.23714e+01,12.487391,2.071286,,,0,4107.29,1.8430,0.9080,6.92,12.284,308.1309167,41.5142778,268,B2.5V,20 32 31.42,+41 30 51.4,4.9,14.38,1.43,11.7,,V,MT91
0.297959,308.1346661271011,41.3827204587842,0.001,0.001,0,2067831662728930304,308.13465245695,0.0148,41.38270206720,0.0187,0.5688,0.0206,-2.382,0.032,-4.272,0.036,0,5.83625e+04,1.36130e+01,13.773031,1.62778e+04,3.97785e+01,14.822399,6.45737e+04,6.70873e+01,12.736781,2.085618,,,0,3973.75,1.7502,0.8520,7.33,12.081,308.13475,41.3826667,271,B4V,20 32 32.34,+41 22 57.6,5.0,14.57,1.51,9.5,,V,MT91
0.119167,308.1355737142695,41.4463379127019,0.001,0.001,0,2067836232574148864,308.13556045421,0.0180,41.44631969581,0.0204,0.5401,0.0245,-2.309,0.038,-4.231,0.040,0,3.55963e+04,9.64334e+00,14.309854,1.20622e+04,2.30023e+01,15.147819,3.55470e+04,4.71919e+01,13.384913,1.762906,,,0,4068.00,,,5.59,7.709,308.1355833,41.4463056,273,B5:V,20 32 32.54,+41 26 46.7,5.2,14.91,1.57,9.7,,,MT91
0.319269,308.1360732463460,41.4512765949313,0.001,0.001,0,2067836232574322048,308.13606072085,0.0156,41.45125846067,0.0192,0.5841,0.0225,-2.180,0.033,-4.212,0.035,0,1.18506e+05,3.63886e+01,13.004013,4.68294e+04,7.07763e+01,13.675093,1.06182e+05,9.64416e+01,12.196789,1.478304,,,0,4415.25,,,7.30,18.247,308.1361667,41.4512222,275,B2V,20 32 32.68,+41 27 04.4,3.9,13.47,1.1,12.0,,V,MT91
0.160841,308.1542409322303,41.3847733505085,0.001,0.001,0,2067831624070707840,308.15422607155,0.0193,41.38475566505,0.0243,0.5471,0.0267,-2.590,0.041,-4.108,0.047,0,2.24455e+05,4.15682e+01,12.310543,6.38778e+04,1.36708e+02,13.338013,2.44285e+05,2.11724e+02,11.292176,2.045836,,,0,3961.42,1.3867,0.6677,15.11,50.641,308.1542917,41.38475,292,B2V,20 32 37.03,+41 23 05.1,5.2,13.08,1.51,10.4,,V,MT91
0.244853,308.1573329597567,41.4376094706964,0.000,0.000,0,2067836159558192896,308.15731779463,0.0136,41.43759167619,0.0176,0.6615,0.0200,-2.641,0.029,-4.133,0.031,0,9.94639e+04,2.04660e+01,13.194202,3.68060e+04,6.27726e+01,13.936592,9.34398e+04,7.78541e+01,12.335589,1.601003,,,0,4307.75,,,6.36,12.556,308.1574167,41.4375833,295,B2V,20 32 37.78,+41 26 15.3,4.3,13.71,1.21,11.9,,V,MT91
0.125270,308.1597655341171,41.4824216934825,0.001,0.001,90,2067836576171717120,308.15975371640,0.0173,41.48240518919,0.0201,0.5765,0.0240,-2.056,0.038,-3.833,0.037,0,5.73027e+04,1.70719e+01,13.792928,1.99515e+04,4.82049e+01,14.601450,5.61988e+04,6.66258e+01,12.887602,1.713848,,,0,4096.13,,,6.50,10.703,308.15975,41.4823889,298,B3V,20 32 38.34,+41 28 56.6,4.3,14.43,1.25,12.0,,V,MT91
0.212118,308.1607062331648,41.4204933348961,0.001,0.001,0,2067833204620693632,308.16069402794,0.0234,41.42047599744,0.0282,0.6315,0.0346,-2.126,0.052,-4.027,0.052,0,1.43784e+06,7.36248e+02,10.294091,5.18450e+05,5.58421e+02,11.064622,1.33457e+06,1.83594e+03,9.448565,1.616057,,,0,4361.30,0.5485,0.2942,24.40,194.094,308.16075,41.4204444,299,O7V,20 32 38.58,+41 25 13.6,4.4,10.84,1.19,11.0,,V,MT91
0.086947,308.1619266651780,41.4224489395557,0.001,0.001,90,2067833204623425280,308.16191134701,0.0266,41.42243228245,0.0297,0.5336,0.0383,-2.668,0.054,-3.869,0.052,0,1.41831e+05,3.19493e+01,12.808941,5.23642e+04,1.19378e+02,13.553803,1.33782e+05,9.82511e+01,11.945928,1.607875,,,0,4395.75,0.9240,0.4470,8.86,26.395,308.1619583,41.4224444,300,B1V,20 32 38.87,+41 25 20.8,4.3,13.05,1.21,11.9,,V,MT91
0.874054,308.1706560718538,41.2414656483311,0.004,0.003,0,2067782734461462912,308.17064536132,0.0999,41.24145182701,0.1246,1.1751,0.1285,-1.871,0.221,-3.210,0.244,0,5.25062e+06,1.64913e+04,8.887839,3.11260e+05,1.78108e+03,11.618579,8.48097e+06,4.20823e+04,7.440807,4.177772,,,0,3284.75,1.2510,0.8307,,,308.1703333,41.2414722,304,B3Iae,20 32 40.88,+41 14 29.3,10.0,11.46,3.35,7.4,Susp,,MT91
0.148014,308.1787030094521,41.3379100102831,0.001,0.001,0,2067830563217283968,308.17868796266,0.0262,41.33789189611,0.0347,0.5836,0.0351,-2.624,0.059,-4.207,0.066,0,1.01038e+05,2.65146e+01,13.177155,3.08187e+04,5.82917e+01,14.129352,1.06768e+05,1.27518e+02,12.190816,1.938536,,,0,4213.69,1.4135,0.6870,7.78,17.204,308.17875,41.3378889,311,B2V,20 32 42.90,+41 20 16.4,4.8,13.87,1.39,11.5,,V,MT91
0.240439,308.1893730610620,41.4270945728597,0.001,0.001,0,2067833243277076864,308.18935729487,0.0261,41.42707809848,0.0351,0.6437,0.0350,-2.746,0.056,-3.826,0.063,1,1.68224e+06,6.28715e+02,10.123648,5.85193e+05,6.12520e+02,10.933141,1.60051e+06,1.47582e+03,9.251275,1.681866,,,0,4230.71,0.3770,0.1990,28.43,233.317,308.189375,41.4270278,317,O8V,20 32 45.45,+41 25 37.3,4.6,10.68,1.25,10.4,,V,MT91
0.049013,308.1935595097161,41.4062195677810,0.001,0.001,0,2067833037118456576,308.19354533946,0.0153,41.40620261381,0.0195,0.5130,0.0215,-2.468,0.034,-3.938,0.037,0,3.79115e+04,1.14000e+01,14.241438,1.23860e+04,2.32841e+01,15.119064,3.86997e+04,5.82999e+01,13.292649,1.826415,,,0,3914.85,,,6.89,10.041,308.1935417,41.4062222,322,B2.5V,20 32 46.45,+41 24 22.4,4.6,14.91,1.33,12.5,,V,MT91
0.203814,308.1948146013651,41.4377793223397,0.001,0.001,0,2067833277636820608,308.19479932271,0.0155,41.43776156920,0.0204,0.5494,0.0223,-2.660,0.033,-4.123,0.036,0,7.35219e+04,2.00968e+01,13.522324,2.25746e+04,5.25399e+01,14.467336,7.71845e+04,1.12159e+02,12.543095,1.924241,,,0,3881.38,1.3893,0.6970,9.22,17.366,308.19475,41.43775,325,B1.5III,20 32 46.74,+41 26 15.9,4.7,14.3,1.37,13.4,,V,MT91
0.129302,308.2070013308240,41.4267935813365,0.001,0.001,0,2067833071478386048,308.20698487924,0.0155,41.42677547076,0.0215,0.5708,0.0232,-2.865,0.033,-4.206,0.036,0,6.91687e+04,5.03371e+01,13.588592,2.46785e+04,6.53304e+01,14.370591,6.65516e+04,1.74379e+02,12.704024,1.666567,,,0,4278.50,,,6.28,11.900,308.2069583,41.4267778,336,B3III,20 32 49.67,+41 25 36.4,4.0,14.13,1.17,13.1,,V,MT91
0.176943,308.2084006194425,41.3957455142382,0.001,0.001,0,2067832968398974208,308.20838216538,0.0260,41.39572363492,0.0341,0.6902,0.0373,-3.215,0.057,-5.082,0.061,0,7.97354e+05,4.03337e+02,10.934238,2.57337e+05,5.20151e+02,11.825133,8.02735e+05,7.66799e+02,10.000489,1.824644,,,0,3904.75,0.8280,0.4125,23.68,117.441,308.2084583,41.3957222,339,O8V,20 32 50.03,+41 23 44.6,4.9,11.6,1.35,11.0,,V,MT91
0.645057,308.2114465613816,41.2506068792145,0.001,0.001,0,2067783078058841600,308.21143218007,0.0231,41.25058639693,0.0305,0.5734,0.0313,-2.511,0.050,-4.757,0.056,0,9.05486e+04,2.51143e+01,13.296162,1.86601e+04,5.62437e+01,14.674103,1.13208e+05,1.49421e+02,12.127223,2.546880,,,0,3760.26,2.5193,1.2577,10.88,21.314,308.2112083,41.2506111,343,B1V,20 32 50.69,+41 15 02.2,6.6,14.44,1.98,11.0,,V,MT91
0.639000,308.2266785475089,41.2560749389886,0.012,0.010,0,2067783112418577536,308.22667028077,0.3077,41.25609006719,0.4410,-0.4553,0.4447,-1.443,0.673,3.514,0.764,1,6.51409e+04,9.13181e+01,13.653731,1.36182e+04,2.99169e+01,15.016092,8.39664e+04,1.39803e+02,12.451656,2.564436,,,0,3681.00,,,,,308.2264583,41.2561389,358,B3V,20 32 54.35,+41 15 22.1,7.0,14.81,2.16,9.7,,,MT91
0.116539,308.2360983552173,41.3946918621356,0.001,0.001,0,2067832246844656768,308.23608217987,0.0164,41.39467323590,0.0236,0.5752,0.0250,-2.818,0.036,-4.326,0.039,0,1.06213e+05,2.68611e+01,13.122922,3.50391e+04,6.54480e+01,13.990006,1.07466e+05,9.02964e+01,12.183746,1.806259,,,0,3976.33,1.2257,0.5965,9.76,21.466,308.2360833,41.3947222,365,B1V,20 32 56.66,+41 23 41.0,4.5,13.81,1.28,12.4,,V,MT91
0.225597,308.2465723753237,41.4070806104873,0.001,0.001,90,2067832624801783040,308.24655649280,0.0302,41.40706147012,0.0346,0.5862,0.0364,-2.767,0.065,-4.446,0.063,0,6.03347e+05,3.74403e+02,11.236948,1.94553e+05,3.60844e+02,12.128792,6.07153e+05,5.84395e+02,10.303675,1.825117,,,0,3904.75,1.1440,0.5473,24.25,123.202,308.2465417,41.4071389,376,O8V,20 32 59.17,+41 24 25.7,4.9,11.91,1.35,11.3,,V,MT91
0.257943,308.2484656178761,41.2540777972854,0.001,0.001,0,2067782936320586240,308.24844986349,0.0266,41.25405902690,0.0389,0.5446,0.0388,-2.751,0.055,-4.360,0.064,0,2.52848e+05,6.88486e+01,12.181216,4.85444e+04,1.70477e+02,13.636042,3.21875e+05,4.53132e+02,10.992703,2.643338,,,0,3964.66,2.3327,1.1630,16.07,57.455,308.248375,41.2540556,378,B0V,20 32 59.61,+41 15 14.6,7.1,13.49,2.1,10.2,,V,MT91
0.333172,308.2621385236515,41.2953217256481,0.001,0.001,0,2067784516868550016,308.26212278289,0.0291,41.29530272674,0.0408,0.6066,0.0408,-2.747,0.064,-4.413,0.069,0,3.69619e+05,1.69281e+02,11.768980,7.65352e+04,2.33995e+02,13.141735,4.55494e+05,6.69815e+02,10.615714,2.526021,,,0,3516.00,2.0220,0.9850,25.96,92.809,308.26225,41.2953611,390,O8V,20 33 02.94,+41 17 43.3,6.8,12.95,1.98,10.4,Irr,V,MT91
0.088366,308.2683920772091,41.2858217298684,0.001,0.001,90,2067784521167847424,308.26837836137,0.0306,41.28580237326,0.0382,0.5241,0.0426,-2.394,0.068,-4.496,0.064,0,1.04172e+05,3.21447e+01,13.143990,2.51777e+04,6.67790e+01,14.348849,1.22716e+05,1.60540e+02,12.039665,2.309184,,,0,4000.24,2.0820,1.0280,10.42,25.045,308.2684167,41.2858056,395,B1V,20 33 04.42,+41 17 08.9,6.0,14.14,1.75,11.4,,V,MT91
0.510495,308.2716162334387,41.2975666569432,0.001,0.001,0,2067784555527587072,308.27159998659,0.0152,41.29754776235,0.0216,0.5319,0.0216,-2.835,0.033,-4.388,0.037,0,9.14077e+04,2.23727e+01,13.285909,2.48316e+04,4.74086e+01,14.363876,1.02007e+05,1.25045e+02,12.240348,2.123529,,,0,3660.50,1.9397,0.9650,12.87,26.813,308.27175,41.2976667,400,B1V,20 33 05.22,+41 17 51.6,5.6,14.15,1.62,11.8,,V,MT91
0.197986,308.2775460382719,41.3536470479018,0.001,0.001,0,2067784967844456192,308.27753351574,0.0193,41.35362865216,0.0271,0.5464,0.0272,-2.183,0.043,-4.273,0.046,0,9.53501e+04,2.25021e+01,13.240063,2.32852e+04,6.15413e+01,14.433687,1.11725e+05,1.52780e+02,12.141543,2.292144,,,0,3459.00,2.1213,1.0350,15.47,30.872,308.2775833,41.3536944,409,B0.5V,20 33 06.62,+41 21 13.3,6.0,14.21,1.76,12.0,,V,MT91
0.623335,308.2865235521951,41.2218616148486,0.002,0.001,0,2067781905528395264,308.28650818427,0.0454,41.22184180672,0.0678,0.6231,0.0667,-2.685,0.095,-4.601,0.107,0,8.80811e+05,9.46840e+02,10.826160,1.93900e+05,6.22996e+03,12.132442,1.29806e+06,3.27933e+04,9.478683,2.653760,,,0,3823.93,,,29.54,168.152,308.2865833,41.2216944,417,O4III,20 33 08.78,+41 13 18.1,7.1,11.55,2.04,10.4,,,MT91
0.487073,308.2893729732022,41.2162211178510,0.001,0.001,0,2067781909827930624,308.28935524557,0.0330,41.21620031048,0.0434,0.6742,0.0503,-3.097,0.068,-4.833,0.069,0,6.28254e+04,4.80024e+01,13.693028,1.36553e+04,1.29082e+02,15.013137,8.48318e+04,4.90751e+02,12.440523,2.572614,,,0,3770.14,2.6265,1.3335,7.64,10.625,308.2892083,41.2161667,420,O9V,20 33 09.41,+41 12 58.2,6.8,12.84,1.97,10.1,,,MT91
0.278858,308.2900196264903,41.2168356995009,0.001,0.001,0,2067781905528395776,308.29000324561,0.0252,41.21681573057,0.0364,0.6493,0.0358,-2.862,0.053,-4.638,0.059,0,3.24604e+05,1.58972e+02,11.909982,6.99922e+04,2.68906e+02,13.238765,3.99202e+05,9.30728e+02,10.758937,2.479828,,,0,3719.00,2.0308,0.9980,18.86,61.329,308.2899167,41.2168333,421,O9V,20 33 09.58,+41 13 00.6,6.7,12.86,1.96,10.1,"EA, P = 4.161d",,MT91
0.250440,308.2921722012523,41.2194913793573,0.001,0.001,0,2067781909827710720,308.29215882648,0.0262,41.21947197115,0.0373,0.5305,0.0375,-2.337,0.055,-4.508,0.063,0,1.85288e+05,4.84906e+01,12.518747,3.86514e+04,1.42059e+02,13.883474,2.29489e+05,2.94558e+02,11.360014,2.523460,,,0,3316.00,2.1660,1.0803,25.71,71.998,308.2920833,41.2194722,425,B0V,20 33 10.10,+41 13 10.1,6.6,13.62,1.94,10.8,,,MT91
0.703370,308.2932924294685,41.2183285218720,0.001,0.001,0,2067781944187448704,308.29332521371,0.0283,41.21831388951,0.0457,1.0399,0.0459,5.728,0.062,-3.398,0.087,0,8.66994e+03,9.00781e+00,15.843326,3.46950e+03,1.80162e+01,16.500721,8.04333e+03,6.36372e+01,14.998330,1.502391,,,0,4444.67,,,1.09,0.416,308.2930833,41.2184444,426,BOV,20 33 10.34,+41 13 06.4,6.6,14.05,1.95,11.2,,,MT91
0.344708,308.2928544109033,41.3957222006779,0.001,0.001,0,2067832418643351424,308.29281560450,0.0198,41.39569099471,0.0267,0.7394,0.0276,-6.761,0.043,-7.248,0.045,0,2.85273e+04,8.27006e+00,14.550214,1.20113e+04,1.84777e+01,15.152410,2.41048e+04,3.38277e+01,13.806661,1.345749,,,0,4736.08,,,2.32,2.436,308.2927917,41.3958056,427,B4II-B4III,20 33 10.27,+41 23 44.9,4.6,14.97,1.39,10.4,,,MT91
0.223828,308.2936012355477,41.3492726010172,0.001,0.001,0,2067785272785269888,308.29358388462,0.0266,41.34924819818,0.0367,0.6222,0.0379,-3.025,0.059,-5.668,0.062,0,1.12756e+05,3.73929e+01,13.058019,2.68331e+04,7.10170e+01,14.279713,1.33338e+05,1.71307e+02,11.949537,2.330175,,,0,4191.28,2.2510,1.1025,7.84,17.102,308.2935833,41.3493333,428,B1V,20 33 10.46,+41 20 57.6,6.0,14.06,1.77,11.2,,V,MT91
0.355572,308.2937668473115,41.3729020424201,0.009,0.007,0,2067785375864885888,308.29374640735,0.2209,41.37287656690,0.2983,0.9426,0.2932,-3.563,0.479,-5.917,0.560,0,2.59701e+05,6.36953e+01,12.152181,7.19578e+04,1.60714e+02,13.208694,2.86174e+05,2.61227e+02,11.120346,2.088347,,,0,3958.74,1.7440,0.8580,,,308.29375,41.373,429,B0V,20 33 10.50,+41 22 22.8,5.5,12.98,1.56,11.3,EA; P=2.9788d:,V,MT91
0.225407,308.2947361473102,41.2522839409620,0.001,0.001,0,2067783623515353728,308.29471873298,0.0220,41.25226387985,0.0335,0.6012,0.0326,-3.041,0.045,-4.659,0.057,0,2.70974e+06,2.59475e+03,9.606046,5.40536e+05,7.59565e+02,11.019327,3.32263e+06,3.81843e+03,8.458216,2.561112,,,0,3893.23,,,50.61,530.223,308.29475,41.2522222,431,O5If,20 33 10.74,+41 15 08.0,6.4,10.96,1.81,10.9,Unk; P=1.22/5.6d,V,MT91
0.478682,308.2960870899323,41.1755628961014,0.001,0.001,0,2067778783091509888,308.29607070388,0.0230,41.17554424618,0.0337,0.6653,0.0318,-2.865,0.050,-4.332,0.059,0,7.98738e+04,2.33674e+01,13.432355,1.47899e+04,6.50629e+01,14.926472,1.03737e+05,1.91356e+02,12.222084,2.704388,,,0,3788.72,2.6953,1.3550,8.59,13.698,308.2959167,41.1755278,435,B0V,20 33 11.02,+41 10 31.9,7.4,14.78,2.19,11.2,,V,MT91
0.390294,308.2973914327525,41.2995983258248,0.001,0.001,0,2067784589887320576,308.29737675601,0.0178,41.29957977010,0.0280,0.5509,0.0283,-2.561,0.039,-4.310,0.045,0,6.80735e+04,1.94641e+01,13.605920,1.97840e+04,5.25001e+01,14.610602,7.37221e+04,7.66867e+01,12.592925,2.017677,,,0,3845.67,1.6565,0.8100,9.12,16.382,308.2974583,41.2996944,441,B2III:,20 33 11.39,+41 17 58.9,5.1,14.38,1.52,12.9,,V,MT91
0.390074,308.2992270441493,41.4015036621263,0.001,0.001,0,2067832418643353344,308.29921069780,0.0192,41.40148465993,0.0251,0.5863,0.0261,-2.848,0.044,-4.413,0.046,0,9.52510e+04,5.35873e+01,13.241192,2.39457e+04,5.35937e+01,14.403318,1.09943e+05,2.71490e+02,12.158999,2.244320,,,0,3525.00,1.9483,0.9513,13.52,25.429,308.2992083,41.4016111,444,B5V,20 33 11.81,+41 24 05.8,4.9,14.12,1.48,9.3,,,MT91
0.141698,308.3052562219658,41.2246269148049,0.001,0.001,0,2067781939888133248,308.30524045700,0.0349,41.22460658523,0.0436,0.5694,0.0445,-2.754,0.072,-4.722,0.078,0,2.37914e+05,9.15163e+01,12.247316,4.31514e+04,1.56160e+02,13.763902,3.09108e+05,5.61962e+02,11.036643,2.727259,,,0,3874.96,2.1530,1.1202,16.08,52.533,308.3052083,41.2246111,448,O6V,20 33 13.25,+41 13 28.6,7.4,13.61,2.15,11.1,Unk; P=3.16d:,V,MT91
0.136019,308.3056587317896,41.4443542458438,0.001,0.001,0,2067926564325711872,308.30564311534,0.0148,41.44434019006,0.0196,0.6022,0.0210,-2.719,0.032,-3.265,0.037,0,5.83211e+04,1.31309e+01,13.773801,1.97543e+04,4.10292e+01,14.612237,5.82527e+04,1.10890e+02,12.848631,1.763606,,,0,4070.45,1.6595,0.7540,6.40,10.146,308.3057083,41.4443611,453,B5:V,20 33 13.37,+41 26 39.7,3.9,14.45,1.14,10.5,,V,MT91
0.242862,308.3070443415114,41.2182690342180,0.001,0.001,0,2067781871173898624,308.30702899501,0.0215,41.21825013465,0.0365,0.5854,0.0307,-2.681,0.045,-4.390,0.063,0,3.28195e+05,8.99094e+01,11.898035,7.78484e+04,1.92212e+02,13.123263,3.85339e+05,5.26395e+02,10.797312,2.325952,,,0,3782.71,1.6420,0.8030,19.89,73.001,308.3069583,41.21825,455,O8V,20 33 13.67,+41 13 05.7,6.3,12.92,1.81,10.9,,,MT91
0.696448,308.3087899127462,41.3394176060113,0.001,0.001,0,2067785070923663104,308.30877429051,0.0235,41.33939849678,0.0285,0.6248,0.0298,-2.724,0.051,-4.438,0.052,0,2.39401e+06,1.14574e+03,9.740549,6.92543e+05,8.29413e+02,10.750272,2.51500e+06,3.87801e+03,8.760574,1.989698,,,0,4159.06,,,36.89,366.786,308.309,41.3393056,457,O3If,20 33 14.16,+41 20 21.5,5.4,10.55,1.45,11.5,Irr,V,MT91
0.132793,308.3097386579359,41.3258691901542,0.001,0.001,0,2067785070923660416,308.30972052294,0.0280,41.32584742162,0.0352,0.1867,0.0363,-3.163,0.063,-5.056,0.066,0,7.39144e+04,2.29690e+01,13.516543,1.38713e+04,4.23773e+01,14.996096,9.63253e+04,1.71029e+02,12.302569,2.693526,,,0,3804.95,2.3180,1.1133,,,308.30975,41.3258333,459,B5:,20 33 14.34,+41 19 33.0,5.8,14.67,1.79,8.8,,,MT91
0.643389,308.3138113582454,41.4991022692272,0.003,0.003,0,2067926804843893504,308.31379854864,0.0718,41.49907986955,0.0937,0.3419,0.1036,-2.228,0.165,-5.203,0.182,0,1.60151e+05,4.13699e+01,12.677041,4.48229e+04,1.09272e+02,13.722638,1.77113e+05,2.05510e+02,11.641293,2.081346,,,0,4212.71,1.5965,0.7652,,,308.3140417,41.4990556,467,B1V,20 33 15.37,+41 29 56.6,5.5,13.43,1.59,11.1,,V,MT91
0.294783,308.3145412946534,41.4591915290810,0.001,0.001,0,2067926598685455744,308.31452594384,0.0228,41.45917418999,0.0308,0.5619,0.0319,-2.672,0.050,-4.027,0.063,0,1.36234e+05,3.33519e+01,12.852651,4.13193e+04,8.33965e+01,13.811005,1.44403e+05,1.64597e+02,11.862980,1.948025,,,0,3933.29,1.3260,0.6445,11.74,29.697,308.314625,41.4591389,469,B1III,20 33 15.51,+41 27 32.9,4.9,13.65,1.41,13.0,,V,MT91
0.358052,308.3154512680186,41.3381030526290,0.001,0.001,0,2067785070923661440,308.31543614940,0.0195,41.33808519371,0.0311,0.5931,0.0264,-2.636,0.043,-4.148,0.056,0,3.62946e+05,6.05217e+01,11.788759,1.09875e+05,2.06130e+02,12.749146,3.80283e+05,6.32180e+02,10.811652,1.937493,,,0,3835.50,1.0980,0.5307,19.73,75.876,308.3155833,41.3381111,470,O9V,20 33 15.74,+41 20 17.2,5.2,12.5,1.46,11.3,Cst,V,MT91
0.264802,308.3180689947214,41.3171893594951,0.001,0.001,0,2067785002204178688,308.31805358352,0.0244,41.31716952541,0.0326,0.6301,0.0318,-2.688,0.052,-4.607,0.059,0,5.85342e+05,3.30772e+02,11.269842,1.74490e+05,4.16858e+02,12.246964,6.13674e+05,9.99809e+02,10.292076,1.954887,,,0,3828.12,1.0537,0.5255,23.73,108.947,308.3181667,41.3171944,473,O8.5V,20 33 16.36,+41 19 01.9,5.2,12.02,1.45,11.0,Cst,V,MT91
0.064039,308.3225215965754,41.2107572440795,0.001,0.001,0,2067780397999213952,308.32250611998,0.0274,41.21073783702,0.0428,0.5413,0.0431,-2.704,0.060,-4.507,0.067,0,9.13283e+04,3.23054e+01,13.286853,1.94542e+04,4.40612e+01,14.628854,1.12939e+05,1.56230e+02,12.129813,2.499041,,,0,3756.70,2.2890,1.1467,11.61,24.188,308.3225,41.21075,477,B0:V,20 33 17.40,+41 12 38.7,6.5,14.43,1.91,11.7,,V,MT91
0.172229,308.3228394389757,41.2859285833531,0.001,0.001,0,2067783799613328128,308.32282809174,0.0296,41.28591213825,0.0392,0.5413,0.0408,-1.980,0.062,-3.820,0.071,0,7.55194e+05,5.00286e+02,10.993220,2.02010e+05,3.88252e+02,12.087955,8.31974e+05,9.68270e+02,9.961646,2.126308,,,0,3989.33,0.9075,0.4450,27.36,170.783,308.322875,41.2858889,480,O7V,20 33 17.49,+41 17 09.2,5.6,11.88,1.59,10.8,Cst,V,MT91
0.467702,308.3249256495896,41.3086645309535,0.001,0.001,0,2067784246289931776,308.32491024729,0.0221,41.30864632262,0.0291,0.5544,0.0306,-2.687,0.046,-4.229,0.053,0,3.04486e+06,1.74291e+03,9.479446,9.80606e+05,1.32668e+03,10.372652,3.02135e+06,3.51945e+03,8.561418,1.811235,,,0,4097.05,1.0880,0.5520,49.21,614.649,308.3250833,41.3086111,483,O5III,20 33 18.02,+41 18 31.0,4.6,10.19,1.24,11.4,Cst,V,MT91
0.509906,308.3251456485781,41.3601816863034,0.001,0.001,0,2067785208362826112,308.32512487042,0.0305,41.36016226415,0.0394,0.6075,0.0425,-3.622,0.068,-4.511,0.073,0,5.85852e+05,5.56139e+02,11.268895,1.66123e+05,3.72397e+02,12.300312,6.27681e+05,5.01555e+02,10.267573,2.032739,,,0,3919.50,1.3338,0.6842,22.78,110.298,308.3253333,41.3601667,485,O8V,20 33 18.08,+41 21 36.6,5.4,12.06,1.51,11.0,Cst,V,MT91
0.328973,308.3272124386228,41.2597640147125,0.001,0.001,0,2067783559095152768,308.32719738566,0.0314,41.25974521621,0.0419,0.4855,0.0431,-2.628,0.068,-4.366,0.076,0,7.24916e+04,3.66534e+02,13.537646,1.07361e+04,1.32204e+02,15.274273,9.89837e+04,1.48204e+03,12.273011,3.001262,,,0,3810.86,2.7433,1.3900,11.00,23.000,308.3272917,41.2598333,488,B1Ve-B3Ve,20 33 18.55,+41 15 35.4,7.7,14.88,2.36,10.3,BE,,MT91
0.302019,308.3274436620715,41.4137081099544,0.001,0.001,0,2067879354045188992,308.32742996270,0.0189,41.41369010165,0.0261,0.5135,0.0256,-2.386,0.041,-4.183,0.047,0,4.79168e+04,2.06873e+01,13.987147,1.14575e+04,4.05972e+01,15.203662,5.71664e+04,1.47134e+02,12.869069,2.334593,,,0,4002.90,2.1875,1.0793,7.20,11.981,308.3273333,41.4136944,490,B0:,20 33 18.56,+41 24 49.3,5.4,14.76,1.53,13.1,,V,MT91
0.216160,308.3297600876657,41.2958296782785,0.001,0.001,0,2067783799613328768,308.32974431537,0.0163,41.29581139550,0.0236,0.5601,0.0212,-2.752,0.035,-4.246,0.043,0,4.87241e+04,1.28790e+01,13.969006,1.30377e+04,2.23278e+01,15.063382,5.50902e+04,8.66929e+01,12.909234,2.154148,,,0,3701.75,1.9757,0.9790,8.60,12.521,308.3298333,41.2958056,492,B1V,20 33 19.16,+41 17 44.9,5.7,14.85,1.68,12.3,,V,MT91
0.079876,308.3302783162558,41.4124508276917,0.001,0.001,0,2067879354045188864,308.33026386893,0.0243,41.41243326921,0.0309,0.6423,0.0324,-2.517,0.055,-4.078,0.057,0,4.59366e+04,1.82669e+01,14.032969,1.11248e+04,3.82343e+01,15.235658,5.42698e+04,8.46048e+01,12.925525,2.310133,,,0,4324.89,2.2860,1.1337,4.40,6.099,308.33025,41.4124444,493,B5IV,20 33 19.26,+41 24 44.8,5.3,14.99,1.61,9.7,,V,MT91
0.265895,308.3375686659064,41.2944776866989,0.001,0.001,0,2067784173274044928,308.33755385145,0.0206,41.29445814514,0.0276,0.5915,0.0279,-2.585,0.045,-4.539,0.050,0,3.31953e+05,8.89733e+01,11.885675,9.48191e+04,1.86431e+02,12.909149,3.58880e+05,3.29034e+02,10.874546,2.034603,,,0,3695.00,1.2625,0.6120,21.39,76.844,308.3376667,41.2944722,507,O9V,20 33 21.04,+41 17 40.1,5.5,12.7,1.54,11.2,Cst,V,MT91
0.460051,308.3435384632440,41.3713704058613,0.001,0.001,0,2067785242722566784,308.34352175259,0.0169,41.37135120831,0.0225,0.5816,0.0240,-2.913,0.036,-4.459,0.043,0,7.57569e+04,1.83157e+01,13.489811,2.26778e+04,8.20206e+01,14.462384,8.10198e+04,5.79016e+01,12.490441,1.971943,,,0,3871.64,1.7290,0.8292,8.91,16.070,308.3437083,41.3713611,513,B2V,20 33 22.49,+41 22 16.9,4.9,14.26,1.42,11.8,,V,MT91
0.153124,308.3468014460159,41.2283407461175,0.001,0.001,0,2067780432358951296,308.34678673728,0.0269,41.22832218556,0.0394,0.5778,0.0390,-2.569,0.055,-4.311,0.070,0,8.24448e+04,2.83045e+01,13.397958,1.66295e+04,4.66560e+01,14.799191,1.04008e+05,2.08923e+02,12.219249,2.579943,,,0,3545.00,2.4980,1.2460,12.52,22.315,308.3468333,41.2283056,515,B1V,20 33 23.24,+41 13 41.9,6.8,14.66,2.03,11.0,,V,MT91
0.297942,308.3477017174470,41.1536576494630,0.001,0.001,0,2067778542573330304,308.34770171745,1.1583,41.15365764946,1.3415,,,,,,,0,8.27224e+05,1.78203e+04,10.894308,2.18607e+05,1.27741e+03,12.002226,1.70512e+06,9.43018e+03,9.182535,2.819691,,,0,3900.87,,,,,308.34775,41.1535833,516,O5.5V,20 33 23.46,+41 09 12.9,7.5,11.84,2.2,9.5,,V,MT91
0.433109,308.3478963230342,41.1535349698472,0.026,0.024,0,2067778538274037504,308.34785365403,0.7131,41.15349853148,0.7848,0.2783,0.8396,-7.462,1.575,-8.463,1.661,0,9.04918e+05,1.32106e+04,10.796843,2.20722e+05,1.35960e+03,11.991776,1.69515e+06,5.51933e+03,9.188898,2.802877,,,0,3567.14,,,,,308.34775,41.1535833,516,O5.5V,20 33 23.46,+41 09 12.9,7.5,11.84,2.2,9.5,,V,MT91
0.345379,308.3472472863152,41.3381080669391,0.001,0.001,0,2067784383729101696,308.34723197902,0.0262,41.33808948232,0.0391,0.5342,0.0393,-2.669,0.060,-4.316,0.070,0,1.23037e+05,3.86907e+01,12.963275,3.60134e+04,6.71777e+01,13.960228,1.32887e+05,1.98206e+02,11.953214,2.007014,,,0,3757.97,1.3955,0.6955,13.64,33.428,308.347375,41.3381111,517,B1V,20 33 23.37,+41 20 17.2,5.2,13.74,1.5,11.7,,V,MT91
0.451247,308.3530833092997,41.3679088166516,0.001,0.000,0,2067785174003089664,308.35306791871,0.0147,41.36789050672,0.0218,0.4765,0.0213,-2.683,0.032,-4.253,0.039,0,8.37302e+04,3.48067e+01,13.381160,2.57889e+04,6.15241e+01,14.322804,8.81259e+04,1.29507e+02,12.399161,1.923643,,,0,3827.67,1.3097,0.6323,11.87,27.265,308.35325,41.3679167,522,B2Ve:,20 33 24.78,+41 22 04.5,4.8,14.06,1.38,11.7,BCEP:; P=0.21210d,V,MT91
0.173685,308.3614821356400,41.1831765661853,0.001,0.001,0,2067780054401820544,308.36146714341,0.0217,41.18315650659,0.0280,0.5483,0.0297,-2.621,0.046,-4.659,0.055,0,3.13325e+05,7.37908e+01,11.948379,6.96646e+04,2.19075e+02,13.243857,3.78041e+05,4.02063e+02,10.818072,2.425785,,,0,3368.00,1.6720,0.7810,30.63,108.770,308.3615417,41.1831944,534,O8.5V,20 33 26.77,+41 10 59.5,6.5,13.0,1.87,10.7,,V,MT91
0.448481,308.3772640264048,41.3382617331101,0.002,0.002,0,2067784349369363712,308.37724913814,0.0613,41.33824140538,0.0833,0.4042,0.0881,-2.596,0.136,-4.721,0.151,0,3.69561e+04,4.01808e+01,14.269150,1.50940e+04,5.90628e+02,14.904378,5.31494e+04,1.59450e+03,12.948174,1.956204,,,0,4393.32,,,,,308.3772917,41.3381389,554,B4Ve,20 33 30.55,+41 20 17.3,4.7,14.41,1.41,9.7,EA,,MT91
0.222916,308.3782927051146,41.2563030046628,0.001,0.001,0,2067780947755025920,308.37827816589,0.0280,41.25628570290,0.0377,0.7027,0.0382,-2.539,0.058,-4.018,0.069,0,2.55786e+06,3.98241e+03,9.668673,5.13356e+05,2.01416e+03,11.075341,3.14783e+06,1.51976e+04,8.516892,2.558449,,,0,3848.33,0.9930,0.5457,43.72,377.622,308.378375,41.2563056,556,B1I,20 33 30.81,+41 15 22.7,5.9,11.01,1.77,11.6,Irr,V,MT91
0.471230,308.3818319679429,41.3627705413553,0.001,0.000,0,2067878254533644288,308.38181632138,0.0148,41.36275219268,0.0243,0.5779,0.0224,-2.727,0.032,-4.262,0.043,0,1.10294e+05,3.38600e+01,13.081985,3.66347e+04,5.96742e+01,13.941655,1.11255e+05,1.20011e+02,12.146117,1.795538,,,0,3913.55,1.2917,0.6283,10.44,23.037,308.382,41.3628056,561,B2V,20 33 31.68,+41 21 46.1,4.5,13.73,1.3,11.7,,V,MT91
0.354247,308.3889582583153,41.1434452657252,0.001,0.001,0,2067779229768091136,308.38894169746,0.0243,41.14342274409,0.0287,0.6146,0.0326,-2.897,0.053,-5.231,0.055,0,7.72124e+04,2.44834e+01,13.469148,1.45493e+04,5.12704e+01,14.944284,9.95853e+04,1.29724e+02,12.266432,2.677852,,,0,3669.00,2.6358,1.3180,10.16,16.866,308.3890833,41.1434167,568,B3V,20 33 33.38,+41 08 36.3,7.0,14.76,2.16,9.6,,V,MT91
0.494408,308.3915947009866,41.3272018581475,0.001,0.001,0,2067784143210932352,308.39157815640,0.0206,41.32718104693,0.0442,0.4300,0.0292,-2.886,0.047,-4.834,0.081,0,7.71575e+04,2.78198e+01,13.469920,2.04789e+04,8.35458e+01,14.573120,9.22457e+04,9.33395e+02,12.349555,2.223565,,,0,4049.30,1.8472,0.9130,10.49,26.674,308.3915417,41.3273333,573,B3I,20 33 33.97,+41 19 38.4,5.3,13.87,1.62,14.9,,V,MT91
0.329600,308.3930634164100,41.3031735964576,0.001,0.001,0,2067784035835091072,308.39304715302,0.0217,41.30315567383,0.0288,0.5822,0.0293,-2.838,0.050,-4.163,0.054,0,2.49036e+05,3.10423e+02,12.197708,5.42598e+04,2.48524e+02,13.515192,3.03984e+05,1.15686e+03,11.054794,2.460398,,,0,3451.00,2.1037,1.0143,23.65,71.481,308.3931667,41.3032222,575,B2Ve,20 33 34.36,+41 18 11.6,5.9,13.41,1.77,9.9,,,MT91
0.473496,308.3939971931059,41.3603555431992,0.001,0.001,0,2067878220173813376,308.39398312664,0.0176,41.36033787681,0.0234,0.6088,0.0265,-2.452,0.040,-4.103,0.043,0,4.60299e+04,1.46527e+01,14.030765,1.45043e+04,3.48196e+01,14.947642,4.77647e+04,6.81081e+01,13.064153,1.883490,,,0,4049.48,,,5.72,7.939,308.3941667,41.3603889,576,B7:V,20 33 34.60,+41 21 37.4,4.6,14.71,1.39,10.1,,V,MT91
0.302084,308.4041418136965,41.2698125804329,0.001,0.001,0,2067781016474500864,308.40412807659,0.0226,41.26979461781,0.0313,0.6197,0.0314,-2.398,0.050,-4.172,0.056,0,4.90780e+05,3.67456e+02,11.461149,1.23871e+05,2.92915e+02,12.618966,5.59680e+05,6.66466e+02,10.392070,2.226896,,,0,3834.08,1.7925,0.8790,21.98,94.076,308.40425,41.2698333,588,B0V,20 33 37.02,+41 16 11.4,5.8,12.4,1.66,10.4,Cst,V,MT91
0.416339,308.4129345985863,41.3238866339419,0.001,0.001,0,2067877910936163968,308.41291654876,0.0265,41.32386816549,0.0393,0.7923,0.0370,-3.148,0.060,-4.289,0.076,0,1.75377e+06,1.61970e+03,10.078437,4.47230e+05,1.40008e+03,11.225060,1.98519e+06,4.52728e+03,9.017415,2.207645,,,0,4129.32,,,25.48,170.026,308.4130833,41.3239167,601,B0Iab,20 33 39.14,+41 19 26.1,5.1,11.07,1.47,12.5,IS:,V,MT91
0.541409,308.4158153566494,41.3811636905463,0.012,0.011,90,2067878357612771200,308.41578529027,0.3812,41.38114979283,0.3702,0.2232,0.4127,-5.240,0.787,-3.228,0.693,0,6.65157e+05,4.49049e+02,11.131056,2.26713e+05,4.03497e+02,11.962696,6.52104e+05,8.56634e+02,10.226127,1.736569,,,0,4184.94,,,,,308.416,41.3812222,605,B1V,20 33 39.84,+41 22 52.4,4.3,11.78,1.19,10.7,,V,MT91
0.487561,308.4202642412898,41.5052640699323,0.001,0.001,0,2067881548771533312,308.42025169696,0.0211,41.50524711979,0.0283,0.5474,0.0295,-2.182,0.045,-3.937,0.052,0,3.17281e+05,6.90824e+01,11.934755,8.94277e+04,1.75956e+02,12.972708,3.47680e+05,2.78544e+02,10.908969,2.063739,,,0,3958.56,1.0975,0.5630,18.00,71.646,308.4203333,41.5051389,611,O7V,20 33 40.88,+41 30 18.5,5.5,12.77,1.55,11.8,,V,MT91
0.512813,308.4264184729881,41.1959855357258,0.001,0.001,0,2067779779523905792,308.42640370042,0.0230,41.19596531123,0.0304,0.6139,0.0325,-2.582,0.050,-4.697,0.056,0,1.36151e+05,4.62682e+01,12.853316,3.16776e+04,8.00383e+01,14.099507,1.62786e+05,1.79561e+02,11.732874,2.366633,,,0,3856.75,2.1110,1.0430,11.46,26.182,308.4265833,41.1960556,620,B0V,20 33 42.38,+41 11 45.8,6.2,13.89,1.82,11.4,,V,MT91
0.453744,308.4272352366841,41.2490693008319,0.001,0.001,0,2067780741596586752,308.42721873739,0.0211,41.24904989970,0.0257,0.5643,0.0286,-2.881,0.045,-4.506,0.048,0,5.51114e+04,1.94998e+01,13.835262,1.22054e+04,3.70448e+01,15.135006,6.74537e+04,1.22660e+02,12.689406,2.445600,,,0,3432.00,2.4030,1.2013,11.70,17.103,308.427375,41.2491389,621,B1V:,20 33 42.57,+41 14 56.9,6.3,14.93,1.91,11.8,,V,MT91
0.643949,308.4421239360730,41.5502663098804,0.013,0.012,90,2067928660269306496,308.44213092236,0.3925,41.55026001627,0.4050,0.5903,0.4498,1.214,0.858,-1.462,0.771,0,4.46795e+06,4.23534e+03,9.063095,1.22282e+06,3.67616e+03,10.132986,4.86712e+06,1.48412e+04,8.043739,2.089247,94.47,19.60,2,4128.46,,,,,308.4422917,41.5501389,632,O9I,20 33 46.15,+41 33 00.5,5.6,9.88,1.59,10.5,,V,MT91
0.471160,308.4450370192445,41.1338390355859,0.001,0.001,0,2067767337001802496,308.44502447252,0.0277,41.13381959911,0.0346,0.5395,0.0367,-2.195,0.060,-4.514,0.078,0,1.26302e+05,3.55600e+01,12.934842,3.27207e+04,7.11910e+01,14.064332,1.43679e+05,1.33943e+02,11.868433,2.195899,,,0,4080.85,1.6365,0.8155,10.43,27.192,308.4452083,41.1338611,635,B1III,20 33 46.85,+41 08 01.9,5.8,13.81,1.72,12.3,,V,MT91
0.498303,308.4482767556407,41.1517838453082,0.002,0.002,0,2067767375658346624,308.44826537407,0.0611,41.15176407223,0.0781,0.7424,0.0850,-1.990,0.133,-4.592,0.148,0,8.15457e+04,2.23197e+01,13.409863,1.99134e+04,5.19093e+01,14.603525,9.59229e+04,1.14490e+02,12.307115,2.296411,,,0,3804.89,2.0960,1.0360,7.67,11.108,308.4484583,41.1518056,639,B2V,20 33 47.63,+41 09 06.5,6.0,14.37,1.77,10.9,,V,MT91
0.410772,308.4482243431659,41.4994735737356,0.001,0.001,0,2067881312550301440,308.44820906788,0.0231,41.49945562838,0.0322,0.6010,0.0336,-2.657,0.050,-4.168,0.059,0,1.06612e+05,3.12446e+01,13.118847,2.55885e+04,5.35863e+01,14.331275,1.26657e+05,1.43522e+02,12.005343,2.325932,,,0,4014.28,2.0907,1.0370,9.09,19.312,308.44825,41.4993611,641,B5V:,20 33 47.58,+41 29 57.7,5.0,14.27,1.51,9.3,,V,MT91
0.631880,308.4492991464313,41.3448268649787,0.001,0.001,0,2067875127797303040,308.44928262079,0.0253,41.34480687107,0.0329,0.6530,0.0376,-2.882,0.056,-4.644,0.057,0,8.78995e+05,6.62005e+02,10.828400,2.20248e+05,4.64881e+02,11.994108,9.98441e+05,2.04785e+03,9.763614,2.230495,,,0,4076.24,1.2780,0.6837,22.82,129.550,308.4495,41.3449167,642,B1III,20 33 47.88,+41 20 41.7,5.3,11.78,1.55,10.8,,V,MT91
0.612962,308.4514783649618,41.2204888390256,0.001,0.001,0,2067779916962859136,308.45146157840,0.0210,41.22046951306,0.0281,0.5974,0.0301,-2.933,0.045,-4.489,0.049,0,6.94967e+04,1.93302e+01,13.583456,1.58371e+04,4.32150e+01,14.852198,8.37897e+04,1.13059e+02,12.453943,2.398254,,,0,3625.15,2.2657,1.1220,10.32,16.577,308.4516667,41.2205833,645,B2III,20 33 48.40,+41 13 14.1,6.2,14.65,1.87,12.1,,V,MT91
0.543872,308.4535078689929,41.3279350755630,0.001,0.001,0,2067875024718082816,308.45349370437,0.0229,41.32791584050,0.0302,0.6120,0.0337,-2.470,0.051,-4.467,0.057,0,1.71920e+05,3.64476e+01,12.600052,5.10782e+04,7.24372e+01,13.580799,1.83381e+05,1.83112e+02,11.603536,1.977264,,,0,3779.50,1.5235,0.7420,13.81,35.059,308.4536667,41.3280278,646,B1.5V,20 33 48.88,+41 19 40.9,4.8,13.34,1.39,11.3,,V,MT91
0.560735,308.4533060980705,41.6278007866246,0.001,0.001,0,2067929450543312640,308.45329194034,0.0191,41.62778525807,0.0224,0.5370,0.0252,-2.458,0.042,-3.607,0.046,0,5.13780e+04,1.50289e+01,13.911422,1.36397e+04,3.13253e+01,15.014377,5.86405e+04,7.85736e+01,12.841425,2.172952,,,0,3739.65,1.9035,0.9503,8.91,13.989,308.4534583,41.6276944,650,B2Ve:,20 33 48.83,+41 37 39.7,5.2,14.94,1.53,12.2,,V,MT91
0.838924,308.4968787788913,41.0939150190249,0.001,0.001,90,2067766276146708608,308.49686497288,0.0234,41.09389504449,0.0257,0.5690,0.0315,-2.417,0.050,-4.639,0.048,0,1.54239e+05,3.95735e+01,12.717883,4.02604e+04,8.23997e+01,13.839194,1.74708e+05,1.88385e+02,11.656137,2.183058,,,0,3625.67,1.7120,0.8483,16.14,40.542,308.4971667,41.094,692,B0V,20 33 59.32,+41 05 38.4,5.9,13.61,1.69,11.5,,V,MT91
0.781949,308.4980305039671,41.2931898276412,0.002,0.002,0,2067874028285659520,308.49802019078,0.0429,41.29316933272,0.0546,0.6927,0.0599,-1.800,0.098,-4.760,0.115,0,5.31960e+05,5.29170e+03,11.373668,1.41223e+05,4.21906e+03,12.476623,6.08664e+05,1.74461e+04,10.300976,2.175647,,,0,4024.81,1.6590,0.8005,17.45,72.028,308.4982083,41.2933611,696,O9.5V,20 33 59.57,+41 17 36.1,5.8,12.32,1.65,10.4,EW/KE; P=1.46d,V,MT91
0.302466,308.5354782666359,41.6165020852467,0.001,0.001,0,2067888218857234304,308.53546489572,0.0198,41.61648541789,0.0238,0.5810,0.0268,-2.322,0.041,-3.871,0.045,0,3.79137e+06,1.81182e+03,9.241376,1.07663e+06,1.46736e+03,10.271225,4.01000e+06,7.05511e+03,8.254060,2.017165,,,0,3990.72,,,57.05,743.709,308.5355833,41.6164722,734,O5I,20 34 08.54,+41 36 59.3,5.4,10.03,1.49,10.9,Susp,V,MT91
0.344524,308.5396314072614,41.5704808866752,0.001,0.001,0,2067887802243913216,308.53961686655,0.0206,41.57046384182,0.0240,0.6166,0.0272,-2.527,0.043,-3.959,0.044,0,3.07157e+05,5.95225e+01,11.969963,8.80703e+04,2.29194e+02,12.989314,3.34142e+05,3.81783e+02,10.952092,2.037222,,,0,3809.97,1.4250,0.7145,17.84,60.441,308.5396667,41.5703889,736,O9V,20 34 09.52,+41 34 13.4,5.2,12.79,1.46,11.6,,V,MT91
0.285768,308.5562956592750,41.5841272576121,0.001,0.001,0,2067887840900094848,308.55628141261,0.0245,41.58411023533,0.0289,0.5971,0.0328,-2.475,0.054,-3.954,0.057,0,6.67860e+05,5.05799e+02,11.126652,1.92406e+05,5.04716e+02,12.140840,7.13076e+05,7.54733e+02,10.129080,2.011760,,,0,4083.41,0.9705,0.4942,21.63,117.196,308.55625,41.5840556,745,O7V,20 34 13.50,+41 35 02.6,5.4,11.91,1.5,11.1,,V,MT91
0.804911,308.6025837739627,41.4403157855943,0.001,0.001,0,2067877498618793856,308.60256870107,0.0197,41.44029852070,0.0256,0.5779,0.0292,-2.624,0.043,-4.010,0.044,0,6.05191e+04,1.88757e+01,13.733634,1.58327e+04,3.94384e+01,14.852501,6.94474e+04,7.03990e+01,12.657780,2.194721,,,0,3816.25,2.0400,1.0087,8.41,13.502,308.6023333,41.4401944,759,B1V,20 34 24.56,+41 26 24.7,5.7,14.65,1.67,12.1,,V,MT91
0.883021,308.6233275946573,41.5293100788917,0.001,0.001,90,2067883820810670336,308.62331400732,0.0277,41.52929232162,0.0310,0.6131,0.0356,-2.362,0.063,-4.124,0.059,0,9.06305e+05,4.42273e+02,10.795179,1.69016e+05,2.08423e+02,12.281571,1.14726e+06,1.04322e+03,9.612767,2.668804,,,0,3737.87,1.7777,0.8780,32.83,189.516,308.623,41.5293056,771,O7V,20 34 29.52,+41 31 45.5,7.0,12.06,2.05,9.6,,V,MT91
