angDist,ra_epoch2000,dec_epoch2000,errHalfMaj,errHalfMin,errPosAng,source_id,ra,ra_error,dec,dec_error,parallax,parallax_error,pmra,pmra_error,pmdec,pmdec_error,duplicated_source,phot_g_mean_flux,phot_g_mean_flux_error,phot_g_mean_mag,phot_bp_mean_flux,phot_bp_mean_flux_error,phot_bp_mean_mag,phot_rp_mean_flux,phot_rp_mean_flux_error,phot_rp_mean_mag,bp_rp,radial_velocity,radial_velocity_error,rv_nb_transits,teff_val,a_g_val,e_bp_min_rp_val,radius_val,lum_val,_RAJ2000,_DEJ2000,RAJ2000,DEJ2000,SpType,Schulte,[MT91],ONames,AV,logL,logT,l_M1,M1,Age1,Umag,Bmag,Vmag,Jmag,Hmag,Kmag,SimbadName
0.179755,308.0261598207371,40.8082003404209,0.001,0.001,0,2067745076187793024,308.02614466685,0.0310,40.80818392223,0.0362,0.6555,0.0415,-2.664,0.066,-3.813,0.069,0,1.05058e+06,9.40907e+02,10.634794,2.00080e+05,5.04865e+02,12.098379,1.32303e+06,2.82806e+03,9.457994,2.640386,,,0,4019.14,,,26.04,159.438,308.0261667,40.80825,20 32 06.28,+40 48 29.7,WN7o/CE+O7V((f)),,,WR145,,5.57,4.7,>,25.0,2.0,,,,,,,WR 145
0.045888,308.9461913660853,41.3790843111516,0.012,0.010,0,2067867358199590400,308.94617463162,0.2869,41.37906762845,0.3784,0.8345,0.3676,-2.916,0.628,-3.875,0.786,0,7.14286e+05,5.22968e+02,11.053686,8.60759e+04,4.45892e+02,13.014184,1.06681e+06,3.25076e+03,9.691701,3.322483,,,0,4485.34,2.3940,1.2530,,,308.9462083,41.3790833,20 35 47.09,+41 22 44.7,WC6+O8III,,,WR146,7.83,5.06,4.9,>,25.0,2.0,,,,,,,WR 146
0.623335,308.2865235521951,41.2218616148486,0.002,0.001,0,2067781905528395264,308.28650818427,0.0454,41.22184180672,0.0678,0.6231,0.0667,-2.685,0.095,-4.601,0.107,0,8.80811e+05,9.46840e+02,10.826160,1.93900e+05,6.22996e+03,12.132442,1.29806e+06,3.27933e+04,9.478683,2.653760,,,0,3823.93,,,29.54,168.152,308.2865833,41.2216944,20 33 08.78,+41 13 18.1,O3If+O6V,22,417,,6.92,5.82,4.63,,49.9,4.12,14.33,13.59,11.55,7.11,6.54,6.226,Schulte 22
0.696448,308.3087899127462,41.3394176060113,0.001,0.001,0,2067785070923663104,308.30877429051,0.0235,41.33939849678,0.0285,0.6248,0.0298,-2.724,0.051,-4.438,0.052,0,2.39401e+06,1.14574e+03,9.740549,6.92543e+05,8.29413e+02,10.750272,2.51500e+06,3.87801e+03,8.760574,1.989698,,,0,4159.06,,,36.89,366.786,308.309,41.3393056,20 33 14.16,+41 20 21.5,O3If,7,457,,5.3,5.63,4.63,,46.7,2.67,12.19,12.0,10.55,7.248,6.818,6.611,Schulte 7
0.467702,308.3249256495896,41.3086645309535,0.001,0.001,0,2067784246289931776,308.32491024729,0.0221,41.30864632262,0.0291,0.5544,0.0306,-2.687,0.046,-4.229,0.053,0,3.04486e+06,1.74291e+03,9.479446,9.80606e+05,1.32668e+03,10.372652,3.02135e+06,3.51945e+03,8.561418,1.811235,,,0,4097.05,1.0880,0.5520,49.21,614.649,308.3250833,41.3086111,20 33 18.02,+41 18 31.0,O5III,8C,483,,4.85,5.57,4.61,,41.6,3.34,11.57,11.43,10.19,7.165,6.792,6.579,Schulte 8C
0.225407,308.2947361473102,41.2522839409620,0.001,0.001,0,2067783623515353728,308.29471873298,0.0220,41.25226387985,0.0335,0.6012,0.0326,-3.041,0.045,-4.659,0.057,0,2.70974e+06,2.59475e+03,9.606046,5.40536e+05,7.59565e+02,11.019327,3.32263e+06,3.81843e+03,8.458216,2.561112,,,0,3893.23,,,50.61,530.223,308.29475,41.2522222,20 33 10.74,+41 15 08.0,O5I+O3.5III,9,431,,6.76,5.85,4.59,,51.6,4.26,13.46,12.77,10.96,6.468,5.897,5.57,Schulte 9
0.302466,308.5354782666359,41.6165020852467,0.001,0.001,0,2067888218857234304,308.53546489572,0.0198,41.61648541789,0.0238,0.5810,0.0268,-2.322,0.041,-3.871,0.045,0,3.79137e+06,1.81182e+03,9.241376,1.07663e+06,1.46736e+03,10.271225,4.01000e+06,7.05511e+03,8.254060,2.017165,,,0,3990.72,,,57.05,743.709,308.5355833,41.6164722,20 34 08.54,+41 36 59.3,O5If+B0V,11,734,,5.4,5.73,4.59,,43.7,4.56,11.7,11.53,10.04,6.65,6.226,5.99,Schulte 11
0.297942,308.3477017174470,41.1536576494630,0.001,0.001,0,2067778542573330304,308.34770171745,1.1583,41.15365764946,1.3415,,,,,,,0,8.27224e+05,1.78203e+04,10.894308,2.18607e+05,1.27741e+03,12.002226,1.70512e+06,9.43018e+03,9.182535,2.819691,,,0,3900.87,,,,,308.34775,41.1535833,20 33 23.46,+41 09 12.9,O5.5V,,516,,7.43,5.85,4.6,,51.6,4.21,14.97,14.04,11.84,7.025,6.38,6.05,[MT91] 516
0.433109,308.3478963230342,41.1535349698472,0.026,0.024,0,2067778538274037504,308.34785365403,0.7131,41.15349853148,0.7848,0.2783,0.8396,-7.462,1.575,-8.463,1.661,0,9.04918e+05,1.32106e+04,10.796843,2.20722e+05,1.35960e+03,11.991776,1.69515e+06,5.51933e+03,9.188898,2.802877,,,0,3567.14,,,,,308.34775,41.1535833,20 33 23.46,+41 09 12.9,O5.5V,,516,,7.43,5.85,4.6,,51.6,4.21,14.97,14.04,11.84,7.025,6.38,6.05,[MT91] 516
0.141698,308.3052562219658,41.2246269148049,0.001,0.001,0,2067781939888133248,308.30524045700,0.0349,41.22460658523,0.0436,0.5694,0.0445,-2.754,0.072,-4.722,0.078,0,2.37914e+05,9.15163e+01,12.247316,4.31514e+04,1.56160e+02,13.763902,3.09108e+05,5.61962e+02,11.036643,2.727259,,,0,3874.96,2.1530,1.1202,16.08,52.533,308.3052083,41.2246111,20 33 13.25,+41 13 28.6,O6V,,448,,7.22,5.03,4.59,,28.6,0.76,16.63,15.76,13.61,8.982,8.346,8.009,[MT91] 448
0.118512,307.9062729233805,41.2224997565404,0.001,0.001,90,2067826062091598976,307.90625934801,0.0278,41.22248322073,0.0308,0.6834,0.0360,-2.372,0.059,-3.841,0.058,0,3.28326e+06,1.09933e+04,9.397602,8.27101e+05,8.14589e+03,10.557491,3.65527e+06,3.45548e+04,8.354620,2.202871,,,0,3727.00,,,56.60,556.789,307.90625,41.2225278,20 31 37.50,+41 13 21.1,O6IV+O9III,3,,,5.84,5.54,4.59,,38.0,4.18,12.3,11.83,10.22,6.498,6.001,5.748,Schulte 3
0.704508,308.6837939488806,40.8663039536190,0.001,0.001,90,2064757698797394688,308.68378006864,0.0287,40.86628727075,0.0293,0.5678,0.0358,-2.438,0.061,-3.875,0.060,0,3.91199e+05,1.93817e+02,11.707370,7.00871e+04,1.76790e+02,13.237293,5.09502e+05,1.06190e+03,10.494055,2.743238,,,0,4039.58,2.0050,1.0240,18.04,78.068,308.68375,40.8661111,20 34 44.10,+40 51 58.0,O6.5III,,,A24,7.29,5.19,4.57,,29.6,3.41,16.2,15.3,,8.43,7.81,7.461,[CPR2002] A24
0.487561,308.4202642412898,41.5052640699323,0.001,0.001,0,2067881548771533312,308.42025169696,0.0211,41.50524711979,0.0283,0.5474,0.0295,-2.182,0.045,-3.937,0.052,0,3.17281e+05,6.90824e+01,11.934755,8.94277e+04,1.75956e+02,12.972708,3.47680e+05,2.78544e+02,10.908969,2.063739,,,0,3958.56,1.0975,0.5630,18.00,71.646,308.4203333,41.5051389,20 33 40.88,+41 30 18.5,O7V,,611,,5.54,4.66,4.57,,22.3,0.0,14.61,14.32,12.77,9.263,8.866,8.614,[MT91] 611
0.285768,308.5562956592750,41.5841272576121,0.001,0.001,0,2067887840900094848,308.55628141261,0.0245,41.58411023533,0.0289,0.5971,0.0328,-2.475,0.054,-3.954,0.057,0,6.67860e+05,5.05799e+02,11.126652,1.92406e+05,5.04716e+02,12.140840,7.13076e+05,7.54733e+02,10.129080,2.011760,,,0,4083.41,0.9705,0.4942,21.63,117.196,308.55625,41.5840556,20 34 13.50,+41 35 02.6,O7V,29,745,,5.36,4.94,4.57,,25.4,1.78,13.59,13.41,11.91,8.55,8.148,7.921,Schulte 29
0.883021,308.6233275946573,41.5293100788917,0.001,0.001,90,2067883820810670336,308.62331400732,0.0277,41.52929232162,0.0310,0.6131,0.0356,-2.362,0.063,-4.124,0.059,0,9.06305e+05,4.42273e+02,10.795179,1.69016e+05,2.08423e+02,12.281571,1.14726e+06,1.04322e+03,9.612767,2.668804,,,0,3737.87,1.7777,0.8780,32.83,189.516,308.623,41.5293056,20 34 29.52,+41 31 45.5,O7V+O9V,,771,,6.93,5.18,4.57,,29.0,3.5,14.72,14.11,12.06,7.56,7.03,6.709,[MT91] 771
0.054135,307.9983762543354,41.2473483079043,0.001,0.001,0,2067827466541470080,307.99836207094,0.0184,41.24732960767,0.0216,0.5390,0.0239,-2.477,0.039,-4.343,0.040,0,2.85166e+05,5.74515e+01,12.050622,6.35776e+04,1.75359e+02,13.343128,3.43890e+05,4.02400e+02,10.920871,2.422257,,,0,3379.00,2.1977,1.0835,29.39,101.446,307.998375,41.2473333,20 31 59.61,+41 14 50.4,O7V,,,E45,5.89,4.79,4.57,,23.3,0.17,,14.46,,9.117,8.579,8.326,2MASS J20315961+4114504
0.908366,308.0575920060796,41.4533348907635,0.001,0.001,90,2067835682818357376,308.05757788467,0.0237,41.45331711798,0.0300,0.6700,0.0361,-2.458,0.052,-4.128,0.051,0,2.54248e+06,1.43636e+03,9.675221,9.08834e+05,1.05971e+03,10.455177,2.36171e+06,2.79050e+03,8.828856,1.626322,,,0,4253.37,0.5403,0.2545,33.03,321.600,308.057375,41.4535278,20 32 13.77,+41 27 12.7,O7III,4,217,,4.39,5.2,4.56,,28.6,4.14,11.47,11.41,10.22,7.582,7.248,7.105,Schulte 4
0.087655,308.0934338990198,41.3052617729417,0.002,0.001,90,2067830941174418048,308.09341623081,0.0505,41.30524418630,0.0485,0.6376,0.0564,-3.083,0.101,-4.085,0.080,1,9.53738e+06,4.98967e+04,8.239793,2.30643e+06,4.20972e+04,9.444037,1.15211e+07,1.84606e+05,7.108184,2.335853,,,0,3728.78,,,103.22,1855.733,308.0934583,41.3052778,20 32 22.43,+41 18 19.0,O7I+O6I+O9V,5,,,6.02,6.2,4.54,,93.1,2.95,11.32,10.64,9.21,5.187,4.745,4.339,Schulte 5
0.067615,307.9037917040149,40.9858423179295,0.002,0.002,0,2067796787591714048,307.90375353645,0.0511,40.98582911113,0.0539,0.5604,0.0654,-6.692,0.105,-3.067,0.108,0,4.61200e+05,5.33025e+02,11.528643,6.24825e+04,3.24042e+02,13.361992,6.46787e+05,1.37518e+03,10.235016,3.126976,,,0,3667.00,1.9030,1.0050,27.29,121.313,307.9037917,40.9858611,20 31 36.91,+40 59 09.1,O7I,,,A15,8.26,5.42,4.54,,31.8,5.25,17.18,15.83,,7.94,7.21,6.805,[CPR2002] A15
0.129378,307.6137572300627,41.2236466246055,0.002,0.001,0,2067818533010251776,307.61373928631,0.0445,41.22362784180,0.0524,0.5724,0.0545,-3.135,0.092,-4.362,0.101,0,5.01109e+05,5.28905e+03,11.438535,7.21869e+04,2.44523e+03,13.205243,7.09259e+05,2.22790e+04,10.134907,3.070336,,,0,4437.26,2.0690,1.0680,15.09,79.568,307.61375,41.2236111,20 30 27.30,+41 13 25.0,O7I+O9I,,,B17,8.08,5.03,4.54,,24.8,4.17,16.89,15.61,,7.65,6.85,6.443,[CPR2002] B17
0.172229,308.3228394389757,41.2859285833531,0.001,0.001,0,2067783799613328128,308.32282809174,0.0296,41.28591213825,0.0392,0.5413,0.0408,-1.980,0.062,-3.820,0.071,0,7.55194e+05,5.00286e+02,10.993220,2.02010e+05,3.88252e+02,12.087955,8.31974e+05,9.68270e+02,9.961646,2.126308,,,0,3989.33,0.9075,0.4450,27.36,170.783,308.322875,41.2858889,20 33 17.49,+41 17 09.2,O7.5V,24,480,,5.63,5.02,4.55,,25.4,3.4,13.85,13.47,11.88,8.354,7.889,7.649,Schulte 24
0.173685,308.3614821356400,41.1831765661853,0.001,0.001,0,2067780054401820544,308.36146714341,0.0217,41.18315650659,0.0280,0.5483,0.0297,-2.621,0.046,-4.659,0.055,0,3.13325e+05,7.37908e+01,11.948379,6.96646e+04,2.19075e+02,13.243857,3.78041e+05,4.02063e+02,10.818072,2.425785,,,0,3368.00,1.6720,0.7810,30.63,108.770,308.3615417,41.1831944,20 33 26.77,+41 10 59.5,O7.5V,,534,,6.36,4.84,4.55,,23.4,1.77,15.48,14.87,13.0,8.971,8.434,8.165,[MT91] 534
0.423637,308.1313899688689,41.2356082189515,0.002,0.002,0,2067829596846026880,308.13137643859,0.0449,41.23559355005,0.0573,0.7364,0.0583,-2.363,0.100,-3.407,0.110,0,5.08757e+05,5.75364e+02,11.422091,7.73834e+04,3.28467e+02,13.129769,6.94564e+05,1.57232e+03,10.157640,2.972130,,,0,3737.95,2.2330,1.1345,20.48,73.748,308.13125,41.2355556,20 32 31.50,+41 14 08.0,O7.5III,,267,,8.03,5.51,4.56,,34.7,5.17,16.48,15.38,,7.82,7.08,6.637,[MT91] 267
0.531227,307.7939420737629,41.5315162294027,0.002,0.002,90,2067846574853004672,307.79392422714,0.0523,41.53149752974,0.0576,0.5487,0.0656,-3.103,0.116,-4.343,0.106,0,1.25358e+06,1.11671e+03,10.442987,3.91077e+05,1.65901e+03,11.370731,1.35422e+06,6.41075e+03,9.432699,1.938032,,,0,3844.25,,,39.33,304.390,307.7940417,41.5313889,20 31 10.57,+41 31 53.0,O8V,1,59,,5.18,5.08,4.54,,25.5,4.46,12.96,12.65,11.18,7.968,7.556,7.365,Schulte 1
0.410985,308.1152270075716,41.4394644493474,0.001,0.001,0,2067834926904094848,308.11521383053,0.0201,41.43944651718,0.0275,0.6295,0.0303,-2.294,0.044,-4.165,0.050,0,1.11781e+06,3.34901e+02,10.567449,4.06335e+05,3.95458e+02,11.329176,1.03768e+06,7.37166e+02,9.721762,1.607414,,,0,4307.00,0.8715,0.4815,22.42,155.874,308.1152917,41.4393611,20 32 27.67,+41 26 21.7,O8V,15,258,,4.36,4.79,4.54,,21.9,2.45,12.39,12.3,11.1,8.535,8.193,8.021,Schulte 15
0.212118,308.1607062331648,41.4204933348961,0.001,0.001,0,2067833204620693632,308.16069402794,0.0234,41.42047599744,0.0282,0.6315,0.0346,-2.126,0.052,-4.027,0.052,0,1.43784e+06,7.36248e+02,10.294091,5.18450e+05,5.58421e+02,11.064622,1.33457e+06,1.83594e+03,9.448565,1.616057,,,0,4361.30,0.5485,0.2942,24.40,194.094,308.16075,41.4204444,20 32 38.58,+41 25 13.6,O8V,16,299,,4.4,4.92,4.54,,23.4,3.65,12.07,12.03,10.84,8.23,7.92,7.699,Schulte 16
0.240439,308.1893730610620,41.4270945728597,0.001,0.001,0,2067833243277076864,308.18935729487,0.0261,41.42707809848,0.0351,0.6437,0.0350,-2.746,0.056,-3.826,0.063,1,1.68224e+06,6.28715e+02,10.123648,5.85193e+05,6.12520e+02,10.933141,1.60051e+06,1.47582e+03,9.251275,1.681866,,,0,4230.71,0.3770,0.1990,28.43,233.317,308.189375,41.4270278,20 32 45.45,+41 25 37.3,O8V,6,317,,4.54,5.04,4.54,,24.8,4.28,12.02,11.93,10.68,7.953,7.617,7.421,Schulte 6
0.225597,308.2465723753237,41.4070806104873,0.001,0.001,90,2067832624801783040,308.24655649280,0.0302,41.40706147012,0.0346,0.5862,0.0364,-2.767,0.065,-4.446,0.063,0,6.03347e+05,3.74403e+02,11.236948,1.94553e+05,3.60844e+02,12.128792,6.07153e+05,5.84395e+02,10.303675,1.825117,,,0,3904.75,1.1440,0.5473,24.25,123.202,308.2465417,41.4071389,20 32 59.17,+41 24 25.7,O8V,,376,,4.9,4.69,4.54,,20.9,1.04,13.47,13.26,11.91,8.886,8.524,8.314,[MT91] 376
0.333172,308.2621385236515,41.2953217256481,0.001,0.001,0,2067784516868550016,308.26212278289,0.0291,41.29530272674,0.0408,0.6066,0.0408,-2.747,0.064,-4.413,0.069,0,3.69619e+05,1.69281e+02,11.768980,7.65352e+04,2.33995e+02,13.141735,4.55494e+05,6.69815e+02,10.615714,2.526021,,,0,3516.00,2.0220,0.9850,25.96,92.809,308.26225,41.2953611,20 33 02.94,+41 17 43.3,O8V,,390,,6.63,4.93,4.54,,23.5,3.7,15.67,14.93,12.95,8.718,8.165,7.873,[MT91] 390
0.242862,308.3070443415114,41.2182690342180,0.001,0.001,0,2067781871173898624,308.30702899501,0.0215,41.21825013465,0.0365,0.5854,0.0307,-2.681,0.045,-4.390,0.063,0,3.28195e+05,8.99094e+01,11.898035,7.78484e+04,1.92212e+02,13.123263,3.85339e+05,5.26395e+02,10.797312,2.325952,,,0,3782.71,1.6420,0.8030,19.89,73.001,308.3069583,41.21825,20 33 13.67,+41 13 05.7,O8V,,455,,6.13,4.75,4.54,,21.4,1.89,15.27,14.73,12.92,9.034,8.559,8.28,[MT91] 455
0.509906,308.3251456485781,41.3601816863034,0.001,0.001,0,2067785208362826112,308.32512487042,0.0305,41.36016226415,0.0394,0.6075,0.0425,-3.622,0.068,-4.511,0.073,0,5.85852e+05,5.56139e+02,11.268895,1.66123e+05,3.72397e+02,12.300312,6.27681e+05,5.01555e+02,10.267573,2.032739,,,0,3919.50,1.3338,0.6842,22.78,110.298,308.3253333,41.3601667,20 33 18.08,+41 21 36.6,O8V,,485,,5.32,4.79,4.54,,21.8,2.4,13.9,13.57,12.06,8.744,8.315,8.113,[MT91] 485
0.821644,308.1452750372622,40.9381500636949,0.001,0.001,0,2067769609040987648,308.14525958352,0.0245,40.93812863336,0.0275,0.5510,0.0310,-2.711,0.047,-4.977,0.050,0,2.16046e+05,7.36390e+01,12.352001,4.63112e+04,1.21617e+02,13.687174,2.64697e+05,3.31446e+02,11.205048,2.482126,,,0,3522.75,2.1605,1.0350,21.71,65.412,308.145,40.9380556,20 32 34.80,+40 56 17.0,O8V,,,A38,6.31,4.64,4.54,,20.3,0.41,16.26,15.24,13.72,9.41,8.86,8.564,[CPR2002] A38
0.208878,308.5913842396558,41.2837942104542,0.002,0.002,90,2067862414694092544,308.59137253503,0.0463,41.28377471668,0.0492,0.6059,0.0592,-2.043,0.109,-4.528,0.099,0,5.28622e+05,4.31654e+02,11.380503,1.21023e+05,2.99107e+02,12.644218,6.28730e+05,4.03043e+02,10.265760,2.378458,,,0,3809.08,1.7110,0.8410,23.84,107.808,308.5914583,41.2837778,20 34 21.95,+41 17 01.6,O8III+O8III,73,,,6.27,4.62,4.53,,19.6,1.36,,14.2,12.5,8.388,7.878,7.602,Schulte 73
0.418341,308.2621791785148,40.7903685440176,0.011,0.010,90,2067755379810392320,308.26218757449,0.3316,40.79034151747,0.3144,2.0509,0.3651,1.476,0.729,-6.277,0.638,0,8.72909e+05,9.43433e+02,10.835944,1.16506e+05,2.84714e+02,12.685518,1.20754e+06,2.00535e+03,9.557167,3.128351,144.38,14.19,8,3399.65,2.8142,1.4232,13.23,21.074,308.2620833,40.7902778,20 33 02.90,+40 47 25.0,O8II,,,A20,8.13,5.58,4.53,,35.0,5.72,16.43,15.12,,7.27,6.62,6.248,[CPR2002] A20
0.176943,308.2084006194425,41.3957455142382,0.001,0.001,0,2067832968398974208,308.20838216538,0.0260,41.39572363492,0.0341,0.6902,0.0373,-3.215,0.057,-5.082,0.061,0,7.97354e+05,4.03337e+02,10.934238,2.57337e+05,5.20151e+02,11.825133,8.02735e+05,7.66799e+02,10.000489,1.824644,,,0,3904.75,0.8280,0.4125,23.68,117.441,308.2084583,41.3957222,20 32 50.03,+41 23 44.6,O8.5V,17,339,,4.92,4.79,4.53,,21.2,3.67,13.15,12.95,11.6,8.579,8.188,7.982,Schulte 17
0.264802,308.3180689947214,41.3171893594951,0.001,0.001,0,2067785002204178688,308.31805358352,0.0244,41.31716952541,0.0326,0.6301,0.0318,-2.688,0.052,-4.607,0.059,0,5.85342e+05,3.30772e+02,11.269842,1.74490e+05,4.16858e+02,12.246964,6.13674e+05,9.99809e+02,10.292076,1.954887,,,0,3828.12,1.0537,0.5255,23.73,108.947,308.3181667,41.3171944,20 33 16.36,+41 19 01.9,O8.5V,8D,473,,5.13,4.69,4.53,,20.2,2.59,13.77,13.47,12.02,8.842,8.424,8.239,Schulte 8D
0.265895,308.3375686659064,41.2944776866989,0.001,0.001,0,2067784173274044928,308.33755385145,0.0206,41.29445814514,0.0276,0.5915,0.0279,-2.585,0.045,-4.539,0.050,0,3.31953e+05,8.89733e+01,11.885675,9.48191e+04,1.86431e+02,12.909149,3.58880e+05,3.29034e+02,10.874546,2.034603,,,0,3695.00,1.2625,0.6120,21.39,76.844,308.3376667,41.2944722,20 33 21.04,+41 17 40.1,O8.5V,,507,,5.41,4.53,4.53,,18.7,0.13,14.57,14.24,12.7,9.301,8.899,8.672,[MT91] 507
0.147247,307.9391685332487,41.3074198316111,0.002,0.002,90,2067828639068547200,307.93915208187,0.0578,41.30740169399,0.0596,0.4530,0.0729,-2.870,0.131,-4.213,0.113,0,6.51521e+05,9.55123e+02,11.153544,1.43242e+05,6.36522e+02,12.461209,8.19386e+05,3.29040e+03,9.978198,2.483011,,,0,3739.42,,,37.62,249.320,307.939125,41.3074444,20 31 45.39,+41 18 26.8,O8.5I,,138,,6.57,5.07,4.51,,23.6,6.11,14.91,14.25,12.26,8.065,7.552,7.259,[MT91] 138
0.217854,307.8263723136511,41.3560285666128,0.001,0.001,0,2067840149584105344,307.82635861061,0.0280,41.35601075692,0.0345,0.5979,0.0367,-2.389,0.060,-4.136,0.065,0,3.74349e+05,1.25918e+02,11.755176,7.45066e+04,2.25560e+02,13.170900,4.71619e+05,6.63054e+02,10.577941,2.592959,,,0,3660.00,2.3913,1.1760,23.19,86.934,307.8262917,41.3560278,20 31 18.31,+41 21 21.7,O9V+B6V,,70,,6.86,4.55,4.52,,18.4,1.97,15.88,15.09,12.99,8.607,8.046,7.746,[MT91] 070
0.815052,308.0690091515893,41.4265749682416,0.001,0.001,0,2067835614098871040,308.06899582471,0.0208,41.42655467940,0.0265,0.5786,0.0291,-2.321,0.044,-4.712,0.055,0,8.15283e+05,3.16873e+02,10.910094,2.83706e+05,4.88551e+02,11.719218,7.84876e+05,7.08378e+02,10.024917,1.694302,,,0,4150.73,0.7005,0.3483,23.39,146.314,308.068875,41.4267778,20 32 16.53,+41 25 36.4,O9V,14,227,,4.55,4.66,4.52,,19.1,3.61,12.84,12.71,11.47,8.714,8.389,8.185,Schulte 14
0.278858,308.2900196264903,41.2168356995009,0.001,0.001,0,2067781905528395776,308.29000324561,0.0252,41.21681573057,0.0364,0.6493,0.0358,-2.862,0.053,-4.638,0.059,0,3.24604e+05,1.58972e+02,11.909982,6.99922e+04,2.68906e+02,13.238765,3.99202e+05,9.30728e+02,10.758937,2.479828,,,0,3719.00,2.0308,0.9980,18.86,61.329,308.2899167,41.2168333,20 33 09.58,+41 13 00.6,O9V+B9V,,421,,6.77,4.26,4.52,,16.3,0.0,15.88,14.97,,8.655,8.135,7.764,[MT91] 421
0.344524,308.5396314072614,41.5704808866752,0.001,0.001,0,2067887802243913216,308.53961686655,0.0206,41.57046384182,0.0240,0.6166,0.0272,-2.527,0.043,-3.959,0.044,0,3.07157e+05,5.95225e+01,11.969963,8.80703e+04,2.29194e+02,12.989314,3.34142e+05,3.81783e+02,10.952092,2.037222,,,0,3809.97,1.4250,0.7145,17.84,60.441,308.5396667,41.5703889,20 34 09.52,+41 34 13.4,O9V,75,736,,5.43,4.5,4.52,,18.0,1.07,14.51,14.25,12.79,9.304,8.892,8.646,Schulte 75
0.487073,308.2893729732022,41.2162211178510,0.001,0.001,0,2067781909827930624,308.28935524557,0.0330,41.21620031048,0.0434,0.6742,0.0503,-3.097,0.068,-4.833,0.069,0,6.28254e+04,4.80024e+01,13.693028,1.36553e+04,1.29082e+02,15.013137,8.48318e+04,4.90751e+02,12.440523,2.572614,,,0,3770.14,2.6265,1.3335,7.64,10.625,308.2892083,41.2161667,20 33 09.41,+41 12 58.2,O9V,,420,,6.54,4.06,4.52,,15.2,0.0,17.79,16.81,14.85,10.678,10.65,9.855,[MT91] 420
0.303308,307.9569068941730,41.4740303079572,0.001,0.001,90,2067847502568383744,307.95688909863,0.0230,41.47401231958,0.0249,0.5949,0.0318,-3.097,0.051,-4.178,0.041,0,7.13054e+05,3.38655e+02,11.055559,2.73380e+05,4.30230e+02,11.759472,6.43066e+05,6.27394e+02,10.241282,1.518190,,,0,4442.62,0.3420,0.1590,17.26,104.599,307.956875,41.4741111,20 31 49.65,+41 28 26.8,O9III,20,145,,4.12,4.42,4.5,,16.8,1.46,12.67,12.63,11.52,9.074,8.768,8.634,Schulte 20
0.643949,308.4421239360730,41.5502663098804,0.013,0.012,90,2067928660269306496,308.44213092236,0.3925,41.55026001627,0.4050,0.5903,0.4498,1.214,0.858,-1.462,0.771,0,4.46795e+06,4.23534e+03,9.063095,1.22282e+06,3.67616e+03,10.132986,4.86712e+06,1.48412e+04,8.043739,2.089247,94.47,19.60,2,4128.46,,,,,308.4422917,41.5501389,20 33 46.15,+41 33 00.5,O9I,10,632,,5.66,5.68,4.5,,37.4,5.54,11.76,11.47,9.88,6.294,5.839,5.582,Schulte 10
0.358052,308.3154512680186,41.3381030526290,0.001,0.001,0,2067785070923661440,308.31543614940,0.0195,41.33808519371,0.0311,0.5931,0.0264,-2.636,0.043,-4.148,0.056,0,3.62946e+05,6.05217e+01,11.788759,1.09875e+05,2.06130e+02,12.749146,3.80283e+05,6.32180e+02,10.811652,1.937493,,,0,3835.50,1.0980,0.5307,19.73,75.876,308.3155833,41.3381111,20 33 15.74,+41 20 17.2,O9.5V,23,470,,5.13,4.42,4.5,,16.8,1.35,14.21,13.96,12.5,9.333,8.935,8.725,Schulte 23
0.781949,308.4980305039671,41.2931898276412,0.002,0.002,0,2067874028285659520,308.49802019078,0.0429,41.29316933272,0.0546,0.6927,0.0599,-1.800,0.098,-4.760,0.115,0,5.31960e+05,5.29170e+03,11.373668,1.41223e+05,4.21906e+03,12.476623,6.08664e+05,1.74461e+04,10.300976,2.175647,,,0,4024.81,1.6590,0.8005,17.45,72.028,308.4982083,41.2933611,20 33 59.57,+41 17 36.1,O9.5V+B0V,27,696,,5.81,4.48,4.5,,17.2,2.58,14.44,13.97,12.32,8.534,8.14,7.889,Schulte 27
0.585697,307.7405154021180,41.1659780347623,0.025,0.022,0,2067814306761678336,307.74050978367,0.6694,41.16595828905,0.8039,4.8148,0.8134,-0.982,1.434,-4.586,1.614,1,2.43242e+05,1.42288e+02,12.223269,5.20363e+04,1.16096e+02,13.560621,3.05218e+05,3.38322e+02,11.050394,2.510227,,,0,3681.00,2.7410,1.3705,2.28,0.858,307.7404167,41.1658333,20 30 57.70,+41 09 57.0,O9.5V,,,A26,6.69,4.69,4.5,,18.7,5.31,16.0,15.33,,9.16,8.52,8.187,[CPR2002] A26
0.056652,308.5668583837779,41.0387682834388,0.001,0.001,0,2067763080691028736,308.56684558220,0.0227,41.03874816715,0.0260,0.5732,0.0306,-2.243,0.052,-4.672,0.056,1,1.73458e+05,4.66437e+01,12.590378,3.39610e+04,1.19954e+02,14.023936,2.21382e+05,2.86848e+02,11.399065,2.624871,,,0,3464.00,2.4950,1.2450,19.79,50.821,308.566875,41.0387778,20 34 16.05,+41 02 19.6,O9.5V,,,E54,6.23,4.54,4.5,,17.6,3.62,,15.1,,9.409,8.83,8.517,2MASS J20341604+4102196
0.330607,307.9416848274070,41.2908535803611,0.001,0.001,90,2067828467273010176,307.94149912905,0.0217,41.29078280343,0.0235,7.1921,0.0292,-32.407,0.050,-16.439,0.043,0,4.65700e+06,1.07753e+03,9.018100,2.72939e+06,3.79093e+03,9.261224,2.75408e+06,4.76314e+03,8.661978,0.599246,-6.33,0.19,10,6594.22,0.2653,0.1395,1.43,3.482,307.9416667,41.2909444,20 31 46.00,+41 17 27.4,O9.5I,,140,,2.17,4.54,4.48,,16.6,5.97,,9.65,9.13,8.24,8.061,8.048,[MT91] 140
0.830992,308.0546870779446,41.4567621526409,0.001,0.001,0,2067835682818358400,308.05466989702,0.0225,41.45675895768,0.0306,0.6933,0.0338,-2.991,0.048,-0.742,0.055,0,5.38141e+05,4.83122e+03,11.361126,2.04754e+05,5.99853e+03,12.073308,5.02232e+05,2.09532e+04,10.509660,1.563648,,,0,4321.18,0.8220,0.4255,13.98,61.426,308.0544583,41.4569167,20 32 13.07,+41 27 24.9,B0V,,213,,4.3,4.18,4.49,,14.5,0.0,13.29,13.31,,9.521,9.248,9.071,[MT91] 213
0.257943,308.2484656178761,41.2540777972854,0.001,0.001,0,2067782936320586240,308.24844986349,0.0266,41.25405902690,0.0389,0.5446,0.0388,-2.751,0.055,-4.360,0.064,0,2.52848e+05,6.88486e+01,12.181216,4.85444e+04,1.70477e+02,13.636042,3.21875e+05,4.53132e+02,10.992703,2.643338,,,0,3964.66,2.3327,1.1630,16.07,57.455,308.248375,41.2540556,20 32 59.61,+41 15 14.6,B0V,41,378,,6.93,4.65,4.49,,17.5,6.55,16.54,15.59,13.49,9.047,8.451,8.144,Schulte 41
0.250440,308.2921722012523,41.2194913793573,0.001,0.001,0,2067781909827710720,308.29215882648,0.0262,41.21947197115,0.0373,0.5305,0.0375,-2.337,0.055,-4.508,0.063,0,1.85288e+05,4.84906e+01,12.518747,3.86514e+04,1.42059e+02,13.883474,2.29489e+05,2.94558e+02,11.360014,2.523460,,,0,3316.00,2.1660,1.0803,25.71,71.998,308.2920833,41.2194722,20 33 10.10,+41 13 10.1,B0V,51,425,,6.55,4.44,4.49,,16.0,4.32,16.63,15.61,13.68,9.437,8.908,8.625,Schulte 51
0.703370,308.2932924294685,41.2183285218720,0.001,0.001,0,2067781944187448704,308.29332521371,0.0283,41.21831388951,0.0457,1.0399,0.0459,5.728,0.062,-3.398,0.087,0,8.66994e+03,9.00781e+00,15.843326,3.46950e+03,1.80162e+01,16.500721,8.04333e+03,6.36372e+01,14.998330,1.502391,,,0,4444.67,,,1.09,0.416,308.2930833,41.2184444,20 33 10.34,+41 13 06.4,B0V,,426,,,,,,,,18.27,17.29,16.29,15.858,13.664,13.401,[MT91] 426
0.355572,308.2937668473115,41.3729020424201,0.009,0.007,0,2067785375864885888,308.29374640735,0.2209,41.37287656690,0.2983,0.9426,0.2932,-3.563,0.479,-5.917,0.560,0,2.59701e+05,6.36953e+01,12.152181,7.19578e+04,1.60714e+02,13.208694,2.86174e+05,2.61227e+02,11.120346,2.088347,,,0,3958.74,1.7440,0.8580,,,308.29375,41.373,20 33 10.50,+41 22 22.8,B0V+B3V,,429,,5.45,3.99,4.49,,13.5,0.0,14.97,14.54,12.98,9.537,9.113,8.897,[MT91] 429
0.302084,308.4041418136965,41.2698125804329,0.001,0.001,0,2067781016474500864,308.40412807659,0.0226,41.26979461781,0.0313,0.6197,0.0314,-2.398,0.050,-4.172,0.056,0,4.90780e+05,3.67456e+02,11.461149,1.23871e+05,2.92915e+02,12.618966,5.59680e+05,6.66466e+02,10.392070,2.226896,,,0,3834.08,1.7925,0.8790,21.98,94.076,308.40425,41.2698333,20 33 37.02,+41 16 11.4,B0V,70,588,,5.85,4.69,4.49,,17.9,6.8,14.46,14.06,12.4,8.683,8.168,7.929,Schulte 70
0.838924,308.4968787788913,41.0939150190249,0.001,0.001,90,2067766276146708608,308.49686497288,0.0234,41.09389504449,0.0257,0.5690,0.0315,-2.417,0.050,-4.639,0.048,0,1.54239e+05,3.95735e+01,12.717883,4.02604e+04,8.23997e+01,13.839194,1.74708e+05,1.88385e+02,11.656137,2.183058,,,0,3625.67,1.7120,0.8483,16.14,40.542,308.4971667,41.094,20 33 59.32,+41 05 38.4,B0V,,692,,5.74,4.14,4.49,,14.2,0.0,15.76,15.3,13.61,9.988,9.567,9.301,[MT91] 692
0.175161,307.7129771278545,41.3393788244830,0.001,0.001,0,2067842756625081856,307.71296046896,0.0310,41.33936126809,0.0402,0.4823,0.0402,-2.905,0.066,-4.078,0.076,0,1.11242e+05,4.49066e+01,13.072689,1.97033e+04,7.75575e+01,14.615042,1.46171e+05,2.01306e+02,11.849765,2.765277,,,0,4070.90,2.5695,1.2727,11.04,30.155,307.713,41.3393333,20 30 51.12,+41 20 21.6,B0V,,20,,7.2,4.36,4.49,,15.5,2.65,17.28,16.66,14.48,9.794,9.193,8.889,[MT91] 020
0.478682,308.2960870899323,41.1755628961014,0.001,0.001,0,2067778783091509888,308.29607070388,0.0230,41.17554424618,0.0337,0.6653,0.0318,-2.865,0.050,-4.332,0.059,0,7.98738e+04,2.33674e+01,13.432355,1.47899e+04,6.50629e+01,14.926472,1.03737e+05,1.91356e+02,12.222084,2.704388,,,0,3788.72,2.6953,1.3550,8.59,13.698,308.2959167,41.1755278,20 33 11.02,+41 10 31.9,B0V,,435,,7.13,4.2,4.49,,14.6,0.0,17.82,16.97,14.78,10.169,9.597,9.282,[MT91] 435
0.064039,308.3225215965754,41.2107572440795,0.001,0.001,0,2067780397999213952,308.32250611998,0.0274,41.21073783702,0.0428,0.5413,0.0431,-2.704,0.060,-4.507,0.067,0,9.13283e+04,3.23054e+01,13.286853,1.94542e+04,4.40612e+01,14.628854,1.12939e+05,1.56230e+02,12.129813,2.499041,,,0,3756.70,2.2890,1.1467,11.61,24.188,308.3225,41.21075,20 33 17.40,+41 12 38.7,B0V,,477,,6.49,4.12,4.49,,14.1,0.0,17.11,16.34,14.43,10.23,9.68,9.428,[MT91] 477
0.302019,308.3274436620715,41.4137081099544,0.001,0.001,0,2067879354045188992,308.32742996270,0.0189,41.41369010165,0.0261,0.5135,0.0256,-2.386,0.041,-4.183,0.047,0,4.79168e+04,2.06873e+01,13.987147,1.14575e+04,4.05972e+01,15.203662,5.71664e+04,1.47134e+02,12.869069,2.334593,,,0,4002.90,2.1875,1.0793,7.20,11.981,308.3273333,41.4136944,20 33 18.56,+41 24 49.3,B0V,,490,,5.77,3.76,4.49,,12.5,0.0,16.75,16.29,14.76,11.056,10.554,10.262,[MT91] 490
0.512813,308.4264184729881,41.1959855357258,0.001,0.001,0,2067779779523905792,308.42640370042,0.0230,41.19596531123,0.0304,0.6139,0.0325,-2.582,0.050,-4.697,0.056,0,1.36151e+05,4.62682e+01,12.853316,3.16776e+04,8.00383e+01,14.099507,1.62786e+05,1.79561e+02,11.732874,2.366633,,,0,3856.75,2.1110,1.0430,11.46,26.182,308.4265833,41.1960556,20 33 42.38,+41 11 45.8,B0V,,620,,6.24,4.24,4.49,,14.7,0.19,16.22,15.71,13.89,9.894,9.379,9.101,[MT91] 620
0.055499,308.1646119259029,40.8798492698975,0.001,0.001,0,2067768195993175936,308.16459584559,0.0348,40.87982871394,0.0368,0.5861,0.0412,-2.824,0.070,-4.774,0.076,0,2.76005e+05,8.33292e+01,12.086074,4.98699e+04,2.15944e+02,13.606792,3.58845e+05,4.64806e+02,10.874652,2.732141,,,0,4005.25,2.4580,1.2497,15.10,52.886,308.164625,40.8798611,20 32 39.51,+40 52 47.5,B0V,,,E48,6.6,4.69,4.49,,17.9,6.78,,15.05,,8.884,8.289,8.004,2MASS J20323949+4052475
0.897657,308.1457459529755,40.8774859271989,0.001,0.001,90,2067768372090380800,308.14573020281,0.0309,40.87746526283,0.0338,0.5594,0.0375,-2.766,0.062,-4.799,0.060,1,1.84191e+05,6.03005e+01,12.525197,3.61586e+04,1.11426e+02,13.955860,2.32936e+05,2.62325e+02,11.343829,2.612031,,,0,3682.52,2.5030,1.2457,17.04,48.101,308.1454167,40.8775,20 32 34.90,+40 52 39.0,B0.2V,,,A33,6.8,4.42,4.47,,15.1,6.62,16.83,15.9,13.74,9.47,8.9,8.598,[CPR2002] A33
0.416339,308.4129345985863,41.3238866339419,0.001,0.001,0,2067877910936163968,308.41291654876,0.0265,41.32386816549,0.0393,0.7923,0.0370,-3.148,0.060,-4.289,0.076,0,1.75377e+06,1.61970e+03,10.078437,4.47230e+05,1.40008e+03,11.225060,1.98519e+06,4.52728e+03,9.017415,2.207645,,,0,4129.32,,,25.48,170.026,308.4130833,41.3239167,20 33 39.14,+41 19 26.1,B0Iab,19,601,,5.72,5.27,4.49,,26.0,6.74,12.91,12.54,11.07,7.23,6.745,6.482,Schulte 19
0.754997,308.6863191759662,40.8629808913407,0.001,0.001,90,2064757703093913984,308.68630473374,0.0352,40.86296304647,0.0360,0.7001,0.0434,-2.537,0.075,-4.145,0.074,0,1.88351e+06,2.65921e+03,10.000945,3.34084e+05,1.02804e+03,11.541749,2.38911e+06,7.78964e+03,8.816329,2.725420,,,0,3676.93,1.4380,0.6630,43.75,315.245,308.68625,40.8627778,20 34 44.70,+40 51 46.0,B0Ia,,,A27,7.58,5.63,4.49,,35.2,5.94,,,,6.71,6.07,5.745,[CPR2002] A27
0.970994,308.7449182119448,41.6048223745561,0.002,0.001,90,2067885779315742592,308.74490688365,0.0557,41.60480319860,0.0467,1.0579,0.0665,-1.967,0.112,-4.454,0.083,0,1.34240e+06,1.11684e+04,10.368659,2.78399e+05,7.45346e+03,11.739718,1.67976e+06,3.92146e+04,9.198800,2.540917,,,0,3699.00,1.9770,0.9295,23.97,96.874,308.7445833,41.6047222,20 34 58.70,+41 36 17.0,B0Ib+B0III,,,A36,6.05,5.24,4.49,,25.5,6.78,,12.81,11.27,7.21,6.66,6.36,[CPR2002] A36
0.052266,308.1627354679922,41.0021571863964,0.001,0.001,0,2067771533186357888,308.16271913488,0.0219,41.00213764390,0.0276,0.5548,0.0282,-2.863,0.048,-4.539,0.052,0,4.37241e+06,6.98449e+03,9.086564,9.03932e+05,3.62416e+03,10.461048,5.26661e+06,2.21425e+04,7.958093,2.502955,,,0,3768.23,1.7408,0.8680,77.59,1093.728,308.16275,41.0021667,20 32 39.06,+41 00 07.8,B0Ia,,,E47,6.53,5.83,4.49,,42.3,4.79,,12.21,,6.035,5.487,5.157,2MASS J20323904+4100078
0.032781,308.4092393519387,40.8947735419952,0.001,0.001,90,2067754731274151424,308.40922762836,0.0245,40.89475388068,0.0249,0.6271,0.0294,-2.058,0.052,-4.566,0.046,0,7.66077e+05,5.74470e+02,10.977685,1.65937e+05,4.10822e+02,12.301532,9.21005e+05,1.20772e+03,9.851265,2.450267,,,0,3780.89,,,28.42,148.681,308.40925,40.8947778,20 33 38.22,+40 53 41.2,B0Ib,,,E52,5.91,4.97,4.49,,21.2,7.06,,13.53,,8.028,7.496,7.235,2MASS J20333821+4053411
0.548396,308.0156946515813,41.4195669921663,0.001,0.001,0,2067835438000806016,308.01567930634,0.0192,41.41954903491,0.0236,0.5851,0.0268,-2.673,0.042,-4.171,0.043,0,1.96326e+05,8.72930e+02,12.455923,5.75801e+04,5.32415e+02,13.450708,2.03965e+05,1.86470e+03,11.488033,1.962675,,,0,4164.55,1.6740,0.8220,11.23,34.189,308.0155833,41.4196944,20 32 03.74,+41 25 10.9,B0.5V,,187,,5.31,4.05,4.44,,12.3,3.74,15.15,14.76,13.24,9.897,9.492,9.257,[MT91] 187
0.428013,308.1155737529205,41.4811796669602,0.001,0.001,0,2067837263366481536,308.11556032395,0.0233,41.48116235820,0.0276,0.6164,0.0314,-2.337,0.051,-4.020,0.052,0,7.66167e+05,3.20816e+02,10.977557,3.14849e+05,6.08869e+02,11.606133,6.58407e+05,4.58575e+02,10.215684,1.390449,,,0,4462.80,0.4920,0.2223,17.04,103.808,308.1156667,41.4810833,20 32 27.76,+41 28 51.9,B0.5V,21,259,,3.8,4.2,4.44,,12.9,7.63,12.39,12.42,11.42,9.191,8.895,8.766,Schulte 21
0.541409,308.4158153566494,41.3811636905463,0.012,0.011,90,2067878357612771200,308.41578529027,0.3812,41.38114979283,0.3702,0.2232,0.4127,-5.240,0.787,-3.228,0.693,0,6.65157e+05,4.49049e+02,11.131056,2.26713e+05,4.03497e+02,11.962696,6.52104e+05,8.56634e+02,10.226127,1.736569,,,0,4184.94,,,,,308.416,41.3812222,20 33 39.84,+41 22 52.4,B0.5V+B2.5V,,605,,4.66,4.1,4.44,,12.5,5.39,13.17,12.97,11.78,8.876,8.543,8.279,[MT91] 605
0.464040,308.1646119259029,40.8798492698975,0.001,0.001,0,2067768195993175936,308.16459584559,0.0348,40.87982871394,0.0368,0.5861,0.0412,-2.824,0.070,-4.774,0.076,0,2.76005e+05,8.33292e+01,12.086074,4.98699e+04,2.15944e+02,13.606792,3.58845e+05,4.64806e+02,10.874652,2.732141,,,0,4005.25,2.4580,1.2497,15.10,52.886,308.1645833,40.8797222,20 32 39.50,+40 52 47.0,B0.5V,,,A31,7.2,4.63,4.44,,15.7,10.0,16.71,15.78,,8.92,8.29,7.976,[CPR2002] A31
0.197986,308.2775460382719,41.3536470479018,0.001,0.001,0,2067784967844456192,308.27753351574,0.0193,41.35362865216,0.0271,0.5464,0.0272,-2.183,0.043,-4.273,0.046,0,9.53501e+04,2.25021e+01,13.240063,2.32852e+04,6.15413e+01,14.433687,1.11725e+05,1.52780e+02,12.141543,2.292144,,,0,3459.00,2.1213,1.0350,15.47,30.872,308.2775833,41.3536944,20 33 06.62,+41 21 13.3,B0.5V,,409,,5.96,3.91,4.44,,11.6,0.0,16.58,15.97,14.21,10.391,9.921,9.668,[MT91] 409
0.040384,308.3279144605753,40.9938500102249,0.001,0.001,0,2067759056302388992,308.32790080478,0.0211,40.99383107662,0.0267,0.5856,0.0281,-2.394,0.045,-4.397,0.049,1,1.99411e+05,7.20594e+01,12.438993,4.11396e+04,1.55850e+02,13.815738,2.48775e+05,2.89342e+02,11.272404,2.543334,,,0,3551.50,2.1740,1.0710,19.10,52.280,308.3279167,40.9938611,20 33 18.70,+40 59 37.9,B0.5III,,,E51,6.63,4.54,4.44,,14.9,10.0,,15.27,,9.205,8.591,8.14,2MASS J20331869+4059378
0.135312,308.0563252056352,41.4583288118051,0.001,0.001,90,2067835678524562944,308.05631256235,0.0304,41.45831110635,0.0324,0.5152,0.0393,-2.201,0.063,-4.112,0.055,0,1.64234e+05,8.14423e+01,12.649707,6.32072e+04,1.66290e+02,13.349471,1.49849e+05,2.12782e+02,11.822786,1.526685,,,0,4339.67,0.7110,0.3550,10.26,33.651,308.056375,41.4583333,20 32 13.53,+41 27 30.0,B1V,,215,,4.05,3.58,4.39,,9.2,0.0,14.55,14.19,13.14,10.653,10.367,10.187,[MT91] 215
0.160841,308.1542409322303,41.3847733505085,0.001,0.001,0,2067831624070707840,308.15422607155,0.0193,41.38475566505,0.0243,0.5471,0.0267,-2.590,0.041,-4.108,0.047,0,2.24455e+05,4.15682e+01,12.310543,6.38778e+04,1.36708e+02,13.338013,2.44285e+05,2.11724e+02,11.292176,2.045836,,,0,3961.42,1.3867,0.6677,15.11,50.641,308.1542917,41.38475,20 32 37.03,+41 23 05.1,B1V,,292,,5.31,4.09,4.39,,10.9,10.0,15.01,14.59,13.08,9.728,9.263,9.042,[MT91] 292
0.086947,308.1619266651780,41.4224489395557,0.001,0.001,90,2067833204623425280,308.16191134701,0.0266,41.42243228245,0.0297,0.5336,0.0383,-2.668,0.054,-3.869,0.052,0,1.41831e+05,3.19493e+01,12.808941,5.23642e+04,1.19378e+02,13.553803,1.33782e+05,9.82511e+01,11.945928,1.607875,,,0,4395.75,0.9240,0.4470,8.86,26.395,308.1619583,41.4224444,20 32 38.87,+41 25 20.8,B1V,,300,,4.34,3.62,4.39,,9.2,0.9,14.92,14.48,13.32,10.711,10.323,10.126,[MT91] 300
0.088366,308.2683920772091,41.2858217298684,0.001,0.001,90,2067784521167847424,308.26837836137,0.0306,41.28580237326,0.0382,0.5241,0.0426,-2.394,0.068,-4.496,0.064,0,1.04172e+05,3.21447e+01,13.143990,2.51777e+04,6.67790e+01,14.348849,1.22716e+05,1.60540e+02,12.039665,2.309184,,,0,4000.24,2.0820,1.0280,10.42,25.045,308.2684167,41.2858056,20 33 04.42,+41 17 08.9,B1V,54,395,,5.96,3.9,4.39,,10.2,10.0,16.58,15.89,14.14,10.268,9.799,9.552,Schulte 54
0.510495,308.2716162334387,41.2975666569432,0.001,0.001,0,2067784555527587072,308.27159998659,0.0152,41.29754776235,0.0216,0.5319,0.0216,-2.835,0.033,-4.388,0.037,0,9.14077e+04,2.23727e+01,13.285909,2.48316e+04,4.74086e+01,14.363876,1.02007e+05,1.25045e+02,12.240348,2.123529,,,0,3660.50,1.9397,0.9650,12.87,26.813,308.27175,41.2976667,20 33 05.22,+41 17 51.6,B1V,,400,,5.54,3.74,4.39,,9.6,6.58,16.28,15.77,14.15,10.613,10.195,9.938,[MT91] 400
0.643389,308.3138113582454,41.4991022692272,0.003,0.003,0,2067926804843893504,308.31379854864,0.0718,41.49907986955,0.0937,0.3419,0.1036,-2.228,0.165,-5.203,0.182,0,1.60151e+05,4.13699e+01,12.677041,4.48229e+04,1.09272e+02,13.722638,1.77113e+05,2.05510e+02,11.641293,2.081346,,,0,4212.71,1.5965,0.7652,,,308.3140417,41.4990556,20 33 15.37,+41 29 56.6,B1V,,467,,5.41,3.97,4.39,,10.4,10.0,15.49,15.02,13.43,10.029,9.573,9.343,[MT91] 467
0.153124,308.3468014460159,41.2283407461175,0.001,0.001,0,2067780432358951296,308.34678673728,0.0269,41.22832218556,0.0394,0.5778,0.0390,-2.569,0.055,-4.311,0.070,0,8.24448e+04,2.83045e+01,13.397958,1.66295e+04,4.66560e+01,14.799191,1.04008e+05,2.08923e+02,12.219249,2.579943,,,0,3545.00,2.4980,1.2460,12.52,22.315,308.3468333,41.2283056,20 33 23.24,+41 13 41.9,B1V,66,515,,6.77,4.01,4.39,,10.6,10.0,17.68,16.69,14.66,10.239,9.68,9.36,Schulte 66
0.037905,307.8890699963819,41.3802811490561,0.001,0.001,0,2067840974218090112,307.88905592741,0.0283,41.38026419639,0.0335,0.5740,0.0389,-2.452,0.060,-3.937,0.064,0,1.49968e+05,4.71817e+01,12.748369,3.32822e+04,8.06663e+01,14.045857,1.83276e+05,3.32624e+02,11.604154,2.441704,,,0,3410.00,2.0123,0.9980,19.39,45.824,307.8890833,41.3802778,20 31 33.38,+41 22 49.0,B1V+B2V,,103,,6.37,4.04,4.39,,10.7,10.0,16.52,15.81,13.81,9.744,9.222,8.939,[MT91] 103
0.749095,308.0608307024624,41.3758600114174,0.001,0.001,90,2067834342788541056,308.06081596551,0.0177,41.37584000711,0.0197,0.5574,0.0235,-2.568,0.038,-4.646,0.036,0,7.12887e+04,2.58905e+01,13.555815,2.07379e+04,4.56253e+01,14.559477,7.74891e+04,1.11707e+02,12.538817,2.020659,,,0,3709.00,1.6040,0.7963,10.39,18.401,308.0606667,41.3760278,20 32 14.56,+41 22 33.7,B1V,,220,,5.38,3.61,4.39,,9.1,0.61,16.36,15.86,14.34,10.936,10.477,10.229,[MT91] 220
0.042920,308.0889445693317,41.3098551197338,0.001,0.001,0,2067830941174419968,308.08892832048,0.0232,41.30983709414,0.0259,0.5210,0.0303,-2.835,0.052,-4.187,0.055,0,4.23168e+04,1.49706e+01,14.122083,1.10874e+04,2.61605e+01,15.239314,4.83408e+04,1.02032e+02,13.051135,2.188179,,,0,3547.50,2.0173,0.9955,9.93,14.061,308.0889583,41.3098611,20 32 21.35,+41 18 35.5,B1V,,238,,5.71,3.45,4.39,,8.7,0.0,17.31,16.71,14.91,11.387,10.944,10.672,[MT91] 238
0.645057,308.2114465613816,41.2506068792145,0.001,0.001,0,2067783078058841600,308.21143218007,0.0231,41.25058639693,0.0305,0.5734,0.0313,-2.511,0.050,-4.757,0.056,0,9.05486e+04,2.51143e+01,13.296162,1.86601e+04,5.62437e+01,14.674103,1.13208e+05,1.49421e+02,12.127223,2.546880,,,0,3760.26,2.5193,1.2577,10.88,21.314,308.2112083,41.2506111,20 32 50.69,+41 15 02.2,B1V,,343,,6.55,4.0,4.39,,10.6,10.0,17.2,16.42,14.44,10.225,9.655,9.361,[MT91] 343
0.116539,308.2360983552173,41.3946918621356,0.001,0.001,0,2067832246844656768,308.23608217987,0.0164,41.39467323590,0.0236,0.5752,0.0250,-2.818,0.036,-4.326,0.039,0,1.06213e+05,2.68611e+01,13.122922,3.50391e+04,6.54480e+01,13.990006,1.07466e+05,9.02964e+01,12.183746,1.806259,,,0,3976.33,1.2257,0.5965,9.76,21.466,308.2360833,41.3947222,20 32 56.66,+41 23 41.0,B1V,,365,,4.81,3.62,4.39,,9.2,1.14,15.41,15.09,13.81,10.785,10.363,10.153,[MT91] 365
0.223828,308.2936012355477,41.3492726010172,0.001,0.001,0,2067785272785269888,308.29358388462,0.0266,41.34924819818,0.0367,0.6222,0.0379,-3.025,0.059,-5.668,0.062,0,1.12756e+05,3.73929e+01,13.058019,2.68331e+04,7.10170e+01,14.279713,1.33338e+05,1.71307e+02,11.949537,2.330175,,,0,4191.28,2.2510,1.1025,7.84,17.102,308.2935833,41.3493333,20 33 10.46,+41 20 57.6,B1V,,428,,6.0,3.95,4.39,,10.4,10.0,16.55,15.83,14.06,10.198,9.707,9.443,[MT91] 428
0.216160,308.3297600876657,41.2958296782785,0.001,0.001,0,2067783799613328768,308.32974431537,0.0163,41.29581139550,0.0236,0.5601,0.0212,-2.752,0.035,-4.246,0.043,0,4.87241e+04,1.28790e+01,13.969006,1.30377e+04,2.23278e+01,15.063382,5.50902e+04,8.66929e+01,12.909234,2.154148,,,0,3701.75,1.9757,0.9790,8.60,12.521,308.3298333,41.2958056,20 33 19.16,+41 17 44.9,B1V,,492,,5.67,3.5,4.39,,8.9,0.0,17.04,16.53,14.85,11.241,10.779,10.544,[MT91] 492
0.345379,308.3472472863152,41.3381080669391,0.001,0.001,0,2067784383729101696,308.34723197902,0.0262,41.33808948232,0.0391,0.5342,0.0393,-2.669,0.060,-4.316,0.070,0,1.23037e+05,3.86907e+01,12.963275,3.60134e+04,6.71777e+01,13.960228,1.32887e+05,1.98206e+02,11.953214,2.007014,,,0,3757.97,1.3955,0.6955,13.64,33.428,308.347375,41.3381111,20 33 23.37,+41 20 17.2,B1V,,517,,5.24,3.79,4.39,,9.8,9.1,15.67,15.24,13.74,10.404,9.995,9.778,[MT91] 517
0.453744,308.4272352366841,41.2490693008319,0.001,0.001,0,2067780741596586752,308.42721873739,0.0211,41.24904989970,0.0257,0.5643,0.0286,-2.881,0.045,-4.506,0.048,0,5.51114e+04,1.94998e+01,13.835262,1.22054e+04,3.70448e+01,15.135006,6.74537e+04,1.22660e+02,12.689406,2.445600,,,0,3432.00,2.4030,1.2013,11.70,17.103,308.427375,41.2491389,20 33 42.57,+41 14 56.9,B1V,,621,,6.46,3.79,4.39,,9.8,9.02,17.41,16.84,14.93,10.737,10.226,9.888,[MT91] 621
0.804911,308.6025837739627,41.4403157855943,0.001,0.001,0,2067877498618793856,308.60256870107,0.0197,41.44029852070,0.0256,0.5779,0.0292,-2.624,0.043,-4.010,0.044,0,6.05191e+04,1.88757e+01,13.733634,1.58327e+04,3.94384e+01,14.852501,6.94474e+04,7.03990e+01,12.657780,2.194721,,,0,3816.25,2.0400,1.0087,8.41,13.502,308.6023333,41.4401944,20 34 24.56,+41 26 24.7,B1V,,759,,5.85,3.68,4.39,,9.4,3.52,16.74,16.32,14.65,10.873,10.377,10.112,[MT91] 759
0.788513,307.6654163587480,41.1468857313167,0.001,0.001,0,2067813005390784896,307.66539966617,0.0293,41.14686966082,0.0368,0.7494,0.0397,-2.919,0.063,-3.733,0.080,0,1.73454e+06,2.69539e+03,10.090404,3.36886e+05,1.34198e+03,11.532681,2.12845e+06,8.13449e+03,8.941764,2.590917,,,0,3572.05,1.5800,0.7867,43.18,273.471,307.6654167,41.1466667,20 30 39.70,+41 08 48.0,B0.7Ib,,,A23,7.38,5.42,4.42,,26.3,7.04,,,,6.94,6.31,5.963,[CPR2002] A23
0.631880,308.4492991464313,41.3448268649787,0.001,0.001,0,2067875127797303040,308.44928262079,0.0253,41.34480687107,0.0329,0.6530,0.0376,-2.882,0.056,-4.644,0.057,0,8.78995e+05,6.62005e+02,10.828400,2.20248e+05,4.64881e+02,11.994108,9.98441e+05,2.04785e+03,9.763614,2.230495,,,0,4076.24,1.2780,0.6837,22.82,129.550,308.4495,41.3449167,20 33 47.88,+41 20 41.7,B1III,26,642,,5.77,4.84,4.39,,15.9,10.0,13.77,13.33,11.78,7.986,7.487,7.209,Schulte 26
0.294783,308.3145412946534,41.4591915290810,0.001,0.001,0,2067926598685455744,308.31452594384,0.0228,41.45917418999,0.0308,0.5619,0.0319,-2.672,0.050,-4.027,0.063,0,1.36234e+05,3.33519e+01,12.852651,4.13193e+04,8.33965e+01,13.811005,1.44403e+05,1.64597e+02,11.862980,1.948025,,,0,3933.29,1.3260,0.6445,11.74,29.697,308.314625,41.4591389,20 33 15.51,+41 27 32.9,B1III,,469,,5.13,3.81,4.39,,9.8,9.88,15.4,15.06,13.65,10.357,9.931,9.722,[MT91] 469
0.471160,308.4450370192445,41.1338390355859,0.001,0.001,0,2067767337001802496,308.44502447252,0.0277,41.13381959911,0.0346,0.5395,0.0367,-2.195,0.060,-4.514,0.078,0,1.26302e+05,3.55600e+01,12.934842,3.27207e+04,7.11910e+01,14.064332,1.43679e+05,1.33943e+02,11.868433,2.195899,,,0,4080.85,1.6365,0.8155,10.43,27.192,308.4452083,41.1338611,20 33 46.85,+41 08 01.9,B1III,,635,,5.78,3.96,4.39,,10.4,10.0,16.06,15.53,13.81,10.155,9.677,9.399,[MT91] 635
0.364929,307.8417786348522,41.5245452962009,0.001,0.001,0,2067845887660714880,307.84176402383,0.0216,41.52452524450,0.0298,0.5532,0.0301,-2.541,0.047,-4.657,0.054,0,1.72025e+06,7.81542e+02,10.099385,6.31225e+05,6.60240e+02,10.850927,1.57416e+06,1.45192e+03,9.269300,1.581627,,,0,4365.00,0.8390,0.3880,30.39,302.135,307.8417917,41.5244444,20 31 22.03,+41 31 28.0,B1I,2,83,,3.98,4.61,4.39,,14.3,10.0,11.93,11.82,10.64,8.075,7.75,7.628,Schulte 2
0.222916,308.3782927051146,41.2563030046628,0.001,0.001,0,2067780947755025920,308.37827816589,0.0280,41.25628570290,0.0377,0.7027,0.0382,-2.539,0.058,-4.018,0.069,0,2.55786e+06,3.98241e+03,9.668673,5.13356e+05,2.01416e+03,11.075341,3.14783e+06,1.51976e+04,8.516892,2.558449,,,0,3848.33,0.9930,0.5457,43.72,377.622,308.378375,41.2563056,20 33 30.81,+41 15 22.7,B1Ib,18,556,,6.47,5.53,4.39,,28.9,6.68,13.38,12.78,11.01,6.493,5.891,5.542,Schulte 18
0.329600,308.3930634164100,41.3031735964576,0.001,0.001,0,2067784035835091072,308.39304715302,0.0217,41.30315567383,0.0288,0.5822,0.0293,-2.838,0.050,-4.163,0.054,0,2.49036e+05,3.10423e+02,12.197708,5.42598e+04,2.48524e+02,13.515192,3.03984e+05,1.15686e+03,11.054794,2.460398,,,0,3451.00,2.1037,1.0143,23.65,71.481,308.3931667,41.3032222,20 33 34.36,+41 18 11.6,B1.5V,,575,,6.73,4.49,4.36,,12.6,10.0,15.61,15.18,13.41,9.098,8.419,7.847,[MT91] 575
0.543872,308.4535078689929,41.3279350755630,0.001,0.001,0,2067875024718082816,308.45349370437,0.0229,41.32791584050,0.0302,0.6120,0.0337,-2.470,0.051,-4.467,0.057,0,1.71920e+05,3.64476e+01,12.600052,5.10782e+04,7.24372e+01,13.580799,1.83381e+05,1.83112e+02,11.603536,1.977264,,,0,3779.50,1.5235,0.7420,13.81,35.059,308.4536667,41.3280278,20 33 48.88,+41 19 40.9,B1.5V,71,646,,5.11,3.83,4.36,,9.3,10.0,15.12,14.73,13.34,10.028,9.624,9.369,Schulte 71
0.876400,308.0575313314241,41.4615023334548,0.001,0.001,90,2067835781598188160,308.05751823113,0.0232,41.46148682961,0.0273,0.5359,0.0328,-2.280,0.053,-3.601,0.048,0,1.90508e+05,4.01741e+01,12.488582,6.96270e+04,1.30333e+02,13.244444,1.80318e+05,2.48644e+02,11.621823,1.622621,,,0,4292.00,0.8145,0.4028,10.99,36.931,308.0572917,41.4616667,20 32 13.75,+41 27 42.0,B1.5V,,216,,4.28,3.61,4.36,,8.7,10.0,14.48,14.2,13.02,10.347,10.041,9.858,[MT91] 216
0.150654,308.1104398995918,41.3205102486361,0.001,0.001,0,2067830833796676352,308.11042320602,0.0162,41.32048920138,0.0196,0.5262,0.0220,-2.912,0.035,-4.888,0.037,0,9.16203e+04,2.18864e+01,13.283387,2.63508e+04,4.47137e+01,14.299405,9.98986e+04,9.60128e+01,12.263021,2.036384,,,0,3855.78,1.6775,0.8370,10.98,23.996,308.1104167,41.3204722,20 32 26.50,+41 19 13.7,B1.5III+B1V,,252,,5.4,3.5,4.36,,8.3,4.65,16.11,15.7,14.15,10.662,10.231,9.972,[MT91] 252
0.203814,308.1948146013651,41.4377793223397,0.001,0.001,0,2067833277636820608,308.19479932271,0.0155,41.43776156920,0.0204,0.5494,0.0223,-2.660,0.033,-4.123,0.036,0,7.35219e+04,2.00968e+01,13.522324,2.25746e+04,5.25399e+01,14.467336,7.71845e+04,1.12159e+02,12.543095,1.924241,,,0,3881.38,1.3893,0.6970,9.22,17.366,308.19475,41.43775,20 32 46.74,+41 26 15.9,B1.5III,,325,,4.98,3.39,4.36,,8.0,0.0,16.07,15.67,14.3,11.157,10.692,10.463,[MT91] 325
0.328973,308.3272124386228,41.2597640147125,0.001,0.001,0,2067783559095152768,308.32719738566,0.0314,41.25974521621,0.0419,0.4855,0.0431,-2.628,0.068,-4.366,0.076,0,7.24916e+04,3.66534e+02,13.537646,1.07361e+04,1.32204e+02,15.274273,9.89837e+04,1.48204e+03,12.273011,3.001262,,,0,3810.86,2.7433,1.3900,11.00,23.000,308.3272917,41.2598333,20 33 18.55,+41 15 35.4,B2Ve,64,488,,8.27,4.38,4.34,,11.6,10.0,18.17,17.24,14.88,9.406,8.578,7.984,Schulte 64
0.112802,307.8420838424766,41.2008019686769,0.001,0.001,0,2067826332670106112,307.84206406147,0.0186,41.20078272722,0.0229,0.6151,0.0254,-3.457,0.040,-4.469,0.044,0,2.22667e+05,1.25316e+02,12.319223,5.36749e+04,1.38720e+02,13.526959,2.62666e+05,4.12898e+02,11.213408,2.313551,,,0,4137.32,1.8363,0.8885,11.62,35.642,307.8420833,41.2008333,20 31 22.10,+41 12 03.0,B2V,,,A30,6.27,4.06,4.34,,10.0,10.0,,,,9.42,8.93,8.61,[CPR2002] A30
0.521402,308.1139191596379,40.9217348134810,0.001,0.001,0,2067769265443613568,308.11391943387,0.0275,40.92172185719,0.0306,0.7114,0.0343,0.048,0.054,-3.009,0.058,0,5.10118e+05,6.83902e+02,11.419189,1.19961e+05,4.32399e+02,12.653792,5.92233e+05,1.53776e+03,10.330688,2.323104,,,0,4012.26,1.6287,0.8138,16.82,66.033,308.11375,40.9216667,20 32 27.30,+40 55 18.0,B2V,,,A39,6.05,4.35,4.34,,11.5,10.0,15.21,14.42,,8.63,8.14,7.857,[CPR2002] A39
0.377680,307.7475849278660,41.5999894404015,0.001,0.001,0,2068034694421980416,307.74756480037,0.0232,41.59997552532,0.0266,0.5551,0.0289,-3.496,0.050,-3.232,0.054,0,6.90502e+04,7.07052e+01,13.590454,2.86454e+04,8.04434e+02,14.208753,8.06159e+04,1.77657e+03,12.495868,1.712885,,,0,4403.00,,,5.91,11.835,307.747625,41.5998889,20 30 59.43,+41 35 59.6,B2V,,42,,4.58,3.35,4.34,,7.7,0.0,,15.0,13.73,10.856,10.489,10.235,[MT91] 042
0.692572,307.8772734498131,41.6210836451371,0.001,0.001,90,2067853171925419392,307.87725824574,0.0168,41.62106732336,0.0204,0.5904,0.0228,-2.640,0.037,-3.791,0.036,0,4.63855e+04,1.46375e+01,14.022411,1.62388e+04,2.47226e+01,14.825001,4.52469e+04,3.82288e+01,13.122949,1.702052,,,0,4152.60,1.4390,0.7817,5.46,7.986,307.8770417,41.621,20 31 30.49,+41 37 15.6,B2V,,97,,4.4,2.94,4.34,,6.8,0.0,16.08,15.78,14.56,11.81,11.418,11.237,[MT91] 097
0.502540,308.0332067742154,41.3666246197850,0.001,0.001,90,2067834308428808832,308.03319170384,0.0167,41.36660632292,0.0192,0.5920,0.0242,-2.627,0.035,-4.250,0.035,0,6.44640e+04,2.03647e+01,13.665072,1.99110e+04,4.70454e+01,14.603654,6.76340e+04,7.37647e+01,12.686506,1.917148,,,0,3869.00,1.6040,0.7880,8.09,13.225,308.033125,41.36675,20 32 07.95,+41 22 00.3,B2V,,202,,4.92,3.23,4.34,,7.4,0.0,16.21,15.75,14.4,11.183,10.786,10.568,[MT91] 202
0.943909,308.0612303249125,41.4610295070898,0.004,0.004,0,2067835785897573120,308.06121814064,0.1124,41.46100431243,0.1269,0.8853,0.1469,-2.121,0.246,-5.852,0.273,0,1.20755e+05,3.67748e+01,12.983604,4.07019e+04,8.80218e+01,13.827353,1.21074e+05,1.30721e+02,12.054295,1.773058,,,0,4136.25,1.7045,0.8950,5.95,9.336,308.0609583,41.4611944,20 32 14.63,+41 27 40.3,B2V,,221,,4.67,3.43,4.34,,8.0,5.15,,14.92,13.62,10.643,10.267,10.041,[MT91] 221
0.817813,308.0818648451652,41.3441372902269,0.001,0.001,0,2067834067910619904,308.08184869550,0.0220,41.34411995769,0.0246,0.5977,0.0290,-2.816,0.047,-4.026,0.051,0,1.57616e+05,2.93039e+01,12.694366,5.45088e+04,7.89503e+01,13.510221,1.54659e+05,1.18284e+02,11.788482,1.721739,,,0,4067.44,1.0375,0.5005,10.63,27.887,308.0819167,41.3443611,20 32 19.66,+41 20 39.7,B2V,,234,,4.47,3.48,4.34,,8.1,8.63,14.79,14.53,13.25,10.447,10.103,9.903,[MT91] 234
0.507096,308.0921697216733,41.4616904713304,0.001,0.001,0,2067835751537826560,308.09215247317,0.0209,41.46167263817,0.0255,0.5792,0.0302,-3.002,0.045,-4.142,0.048,0,1.37615e+05,2.92234e+01,12.841704,5.10612e+04,9.32484e+01,13.581161,1.28956e+05,9.09230e+01,11.985817,1.595344,,,0,4350.00,,,8.30,22.203,308.0922917,41.4615833,20 32 22.15,+41 27 41.7,B2V,,241,,4.18,3.32,4.34,,7.7,0.0,14.81,14.54,13.41,10.752,10.445,10.265,[MT91] 241
0.367120,308.1061853113123,41.4144785992099,0.001,0.001,0,2067834682086562048,308.10617149252,0.0195,41.41446081258,0.0232,0.6144,0.0270,-2.407,0.042,-4.131,0.045,0,1.48694e+05,3.26474e+01,12.757628,5.09134e+04,9.49084e+01,13.584308,1.46839e+05,1.55951e+02,11.844819,1.739489,,,0,4201.00,1.3047,0.6597,9.06,23.009,308.10625,41.4143889,20 32 25.50,+41 24 51.8,B2V,,248,,4.57,3.47,4.34,,8.1,8.27,14.99,14.67,13.36,10.471,10.127,9.924,[MT91] 248
0.319269,308.1360732463460,41.4512765949313,0.001,0.001,0,2067836232574322048,308.13606072085,0.0156,41.45125846067,0.0192,0.5841,0.0225,-2.180,0.033,-4.212,0.035,0,1.18506e+05,3.63886e+01,13.004013,4.68294e+04,7.07763e+01,13.675093,1.06182e+05,9.64416e+01,12.196789,1.478304,,,0,4415.25,,,7.30,18.247,308.1361667,41.4512222,20 32 32.68,+41 27 04.4,B2V,,275,,3.92,3.17,4.34,,7.3,0.0,14.71,14.57,13.47,11.053,10.767,10.613,[MT91] 275
0.244853,308.1573329597567,41.4376094706964,0.000,0.000,0,2067836159558192896,308.15731779463,0.0136,41.43759167619,0.0176,0.6615,0.0200,-2.641,0.029,-4.133,0.031,0,9.94639e+04,2.04660e+01,13.194202,3.68060e+04,6.27726e+01,13.936592,9.34398e+04,7.78541e+01,12.335589,1.601003,,,0,4307.75,,,6.36,12.556,308.1574167,41.4375833,20 32 37.78,+41 26 15.3,B2V,,295,,4.25,3.21,4.34,,7.4,0.0,15.18,14.92,13.71,11.119,10.751,10.563,[MT91] 295
0.148014,308.1787030094521,41.3379100102831,0.001,0.001,0,2067830563217283968,308.17868796266,0.0262,41.33789189611,0.0347,0.5836,0.0351,-2.624,0.059,-4.207,0.066,0,1.01038e+05,2.65146e+01,13.177155,3.08187e+04,5.82917e+01,14.129352,1.06768e+05,1.27518e+02,12.190816,1.938536,,,0,4213.69,1.4135,0.6870,7.78,17.204,308.17875,41.3378889,20 32 42.90,+41 20 16.4,B2V+B3V,,311,,4.95,3.29,4.34,,7.6,0.0,15.76,15.26,13.87,10.675,10.212,10.004,[MT91] 311
0.460051,308.3435384632440,41.3713704058613,0.001,0.001,0,2067785242722566784,308.34352175259,0.0169,41.37135120831,0.0225,0.5816,0.0240,-2.913,0.036,-4.459,0.043,0,7.57569e+04,1.83157e+01,13.489811,2.26778e+04,8.20206e+01,14.462384,8.10198e+04,5.79016e+01,12.490441,1.971943,,,0,3871.64,1.7290,0.8292,8.91,16.070,308.3437083,41.3713611,20 33 22.49,+41 22 16.9,B2V,,513,,5.07,3.33,4.34,,7.7,0.0,16.1,15.68,14.26,10.948,10.551,10.315,[MT91] 513
0.451247,308.3530833092997,41.3679088166516,0.001,0.000,0,2067785174003089664,308.35306791871,0.0147,41.36789050672,0.0218,0.4765,0.0213,-2.683,0.032,-4.253,0.039,0,8.37302e+04,3.48067e+01,13.381160,2.57889e+04,6.15241e+01,14.322804,8.81259e+04,1.29507e+02,12.399161,1.923643,,,0,3827.67,1.3097,0.6323,11.87,27.265,308.35325,41.3679167,20 33 24.78,+41 22 04.5,B2Ve,,522,,4.9,3.34,4.34,,7.7,0.0,15.84,15.44,14.06,10.916,10.506,10.288,[MT91] 522
0.471230,308.3818319679429,41.3627705413553,0.001,0.000,0,2067878254533644288,308.38181632138,0.0148,41.36275219268,0.0243,0.5779,0.0224,-2.727,0.032,-4.262,0.043,0,1.10294e+05,3.38600e+01,13.081985,3.66347e+04,5.96742e+01,13.941655,1.11255e+05,1.20011e+02,12.146117,1.795538,,,0,3913.55,1.2917,0.6283,10.44,23.037,308.382,41.3628056,20 33 31.68,+41 21 46.1,B2V,,561,,4.67,3.38,4.34,,7.8,2.13,15.34,15.03,13.73,10.847,10.372,10.156,[MT91] 561
0.498303,308.4482767556407,41.1517838453082,0.002,0.002,0,2067767375658346624,308.44826537407,0.0611,41.15176407223,0.0781,0.7424,0.0850,-1.990,0.133,-4.592,0.148,0,8.15457e+04,2.23197e+01,13.409863,1.99134e+04,5.19093e+01,14.603525,9.59229e+04,1.14490e+02,12.307115,2.296411,,,0,3804.89,2.0960,1.0360,7.67,11.108,308.4484583,41.1518056,20 33 47.63,+41 09 06.5,B2V,,639,,5.94,3.6,4.34,,8.4,10.0,16.97,16.14,14.37,10.495,10.014,9.711,[MT91] 639
0.560735,308.4533060980705,41.6278007866246,0.001,0.001,0,2067929450543312640,308.45329194034,0.0191,41.62778525807,0.0224,0.5370,0.0252,-2.458,0.042,-3.607,0.046,0,5.13780e+04,1.50289e+01,13.911422,1.36397e+04,3.13253e+01,15.014377,5.86405e+04,7.85736e+01,12.841425,2.172952,,,0,3739.65,1.9035,0.9503,8.91,13.989,308.4534583,41.6276944,20 33 48.83,+41 37 39.7,B2Ve,,650,,5.7,3.35,4.34,,7.7,0.0,16.7,16.47,14.94,11.069,10.619,10.332,[MT91] 650
0.570339,307.9872759968993,41.5299345026646,0.001,0.001,90,2067848048024783360,307.98726342946,0.0252,41.52991997958,0.0273,0.6053,0.0347,-2.185,0.054,-3.373,0.049,0,2.99370e+05,8.28336e+01,11.997847,1.07456e+05,1.68086e+02,12.773314,2.87096e+05,3.41197e+02,11.116853,1.656461,,,0,4298.67,0.8362,0.4050,12.14,45.335,307.9870833,41.53,20 31 56.90,+41 31 48.0,B2III,,174,,4.39,3.75,4.34,,8.8,10.0,13.99,13.76,12.55,9.795,9.407,9.225,[MT91] 174
0.417410,308.1086566720013,41.4942592045665,0.001,0.001,90,2067837263366486144,308.10864029252,0.0270,41.49424299285,0.0297,0.5243,0.0403,-2.849,0.058,-3.765,0.054,0,2.12845e+05,1.70967e+02,12.368209,8.39470e+04,2.96551e+02,13.041374,1.91586e+05,5.65836e+02,11.556012,1.485362,,,0,4455.00,0.7797,0.3000,10.62,39.991,308.10875,41.4941667,20 32 26.10,+41 29 39.0,B2III,,250,,3.91,3.42,4.34,,8.0,4.66,14.1,13.94,12.88,10.427,10.15,9.993,[MT91] 250
0.517844,308.1134773278535,41.3657309584987,0.001,0.001,0,2067831525289977856,308.11346367447,0.0179,41.36571390681,0.0223,0.5833,0.0248,-2.380,0.038,-3.960,0.045,0,4.70592e+04,1.06945e+01,14.006754,1.40406e+04,2.71476e+01,14.982923,5.04899e+04,6.55866e+01,13.003908,1.979014,,,0,3836.00,1.7673,0.8745,7.22,10.168,308.1135833,41.3656111,20 32 27.26,+41 21 56.2,B2III,,255,,5.06,3.15,4.34,,7.2,0.0,16.65,16.13,14.71,11.473,11.002,10.762,[MT91] 255
0.390294,308.2973914327525,41.2995983258248,0.001,0.001,0,2067784589887320576,308.29737675601,0.0178,41.29957977010,0.0280,0.5509,0.0283,-2.561,0.039,-4.310,0.045,0,6.80735e+04,1.94641e+01,13.605920,1.97840e+04,5.25001e+01,14.610602,7.37221e+04,7.66867e+01,12.592925,2.017677,,,0,3845.67,1.6565,0.8100,9.12,16.382,308.2974583,41.2996944,20 33 11.39,+41 17 58.9,B2III,,441,,5.18,3.31,4.34,,7.6,0.0,16.36,15.9,14.38,11.044,10.615,10.392,[MT91] 441
0.612962,308.4514783649618,41.2204888390256,0.001,0.001,0,2067779916962859136,308.45146157840,0.0210,41.22046951306,0.0281,0.5974,0.0301,-2.933,0.045,-4.489,0.049,0,6.94967e+04,1.93302e+01,13.583456,1.58371e+04,4.32150e+01,14.852198,8.37897e+04,1.13059e+02,12.453943,2.398254,,,0,3625.15,2.2657,1.1220,10.32,16.577,308.4516667,41.2205833,20 33 48.40,+41 13 14.1,B2III,,645,,6.19,3.58,4.34,,8.4,10.0,17.09,16.52,14.65,10.583,10.067,9.781,[MT91] 645
0.664830,307.7113893779454,41.5851773336815,0.000,0.000,90,2068034488263553792,307.71137259831,0.0135,41.58516129905,0.0154,0.5862,0.0167,-2.915,0.029,-3.724,0.029,0,1.02417e+05,4.87393e+01,13.162437,3.46538e+04,1.16771e+02,14.002010,1.02263e+05,1.47361e+02,12.237620,1.764390,,,0,4083.67,1.2800,0.6015,8.63,18.644,307.7114583,41.585,20 30 50.75,+41 35 06.0,B2II,,21,,4.42,3.32,4.34,,7.7,0.0,15.23,15.04,13.74,10.859,10.504,10.299,[MT91] 021
0.049013,308.1935595097161,41.4062195677810,0.001,0.001,0,2067833037118456576,308.19354533946,0.0153,41.40620261381,0.0195,0.5130,0.0215,-2.468,0.034,-3.938,0.037,0,3.79115e+04,1.14000e+01,14.241438,1.23860e+04,2.32841e+01,15.119064,3.86997e+04,5.82999e+01,13.292649,1.826415,,,0,3914.85,,,6.89,10.041,308.1935417,41.4062222,20 32 46.45,+41 24 22.4,B2.5V,,322,,4.85,2.96,4.29,,6.1,0.0,16.73,16.24,14.91,11.824,11.329,11.08,[MT91] 322
0.239438,308.1308687246894,41.5143337747084,0.001,0.001,90,2067837400805452032,308.13085133919,0.0214,41.51431631301,0.0225,0.6089,0.0283,-3.024,0.049,-4.056,0.043,0,7.38657e+04,1.82541e+01,13.517259,2.07532e+04,5.59136e+01,14.558677,8.12478e+04,9.23714e+01,12.487391,2.071286,,,0,4107.29,1.8430,0.9080,6.92,12.284,308.1309167,41.5142778,20 32 31.42,+41 30 51.4,B2.5V,,268,,5.19,3.3,4.29,,6.8,10.0,16.51,15.81,14.38,10.941,10.475,10.244,[MT91] 268
0.639000,308.2266785475089,41.2560749389886,0.012,0.010,0,2067783112418577536,308.22667028077,0.3077,41.25609006719,0.4410,-0.4553,0.4447,-1.443,0.673,3.514,0.764,1,6.51409e+04,9.13181e+01,13.653731,1.36182e+04,2.99169e+01,15.016092,8.39664e+04,1.39803e+02,12.451656,2.564436,,,0,3681.00,,,,,308.2264583,41.2561389,20 32 54.35,+41 15 22.1,B3V,37,358,,6.55,3.52,4.25,,7.0,10.0,17.76,16.97,14.81,10.525,9.963,9.662,Schulte 37
0.677049,307.8901698235536,41.6012961398474,0.006,0.005,90,2067852416011174016,307.89016867004,0.1568,41.60126747264,0.1881,0.6626,0.2091,-0.200,0.361,-6.658,0.341,1,4.83742e+04,5.65488e+01,13.976831,1.64094e+04,3.71516e+01,14.813656,5.00664e+04,3.69968e+01,13.013054,1.800602,,,0,3980.54,,,,,307.8899583,41.6011944,20 31 33.59,+41 36 04.3,B3V,,106,,4.58,2.92,4.25,,5.6,10.0,16.32,15.89,14.6,11.624,11.194,11.002,[MT91] 106
0.333642,307.9234568507777,41.4724766120916,0.006,0.005,90,2067848219824399616,307.92344192005,0.1578,41.47245816525,0.2102,1.2778,0.2249,-2.598,0.357,-4.284,0.348,1,5.87017e+04,4.13643e+01,13.766740,1.92215e+04,5.75993e+01,14.641921,6.02420e+04,1.13703e+02,12.812171,1.829750,,,0,3932.25,,,,,307.9233333,41.4724722,20 31 41.60,+41 28 20.9,B3V,,129,,4.72,3.06,4.25,,5.9,10.0,16.29,15.74,14.4,11.322,10.893,10.674,[MT91] 129
0.309527,308.0286384589842,41.2991570161938,0.001,0.001,90,2067828020596671104,308.02862500197,0.0292,41.29913909736,0.0329,0.5758,0.0384,-2.348,0.067,-4.162,0.063,1,1.44078e+05,4.22268e+01,12.791874,2.92811e+04,1.03002e+02,14.184920,1.81390e+05,3.44751e+02,11.615386,2.569534,,,0,4078.07,2.2390,1.1260,10.46,27.281,308.0285417,41.2991111,20 32 06.85,+41 17 56.8,B3V,,200,,6.41,3.87,4.25,,8.0,10.0,16.86,15.92,13.94,9.624,9.07,8.786,[MT91] 200
0.390573,308.0626606173130,41.3251170562400,0.001,0.001,90,2067833930471667200,308.06264651417,0.0182,41.32509901872,0.0202,0.5274,0.0248,-2.460,0.039,-4.189,0.036,0,4.48883e+04,1.18979e+01,14.058032,1.34014e+04,2.67316e+01,15.033514,4.80042e+04,5.56375e+01,13.058723,1.974792,,,0,3798.00,1.6163,0.7945,8.06,12.171,308.062625,41.3252222,20 32 15.03,+41 19 30.8,B3V,,222,,5.02,3.0,4.25,,5.8,10.0,,16.27,14.8,11.496,11.089,10.831,[MT91] 222
0.125270,308.1597655341171,41.4824216934825,0.001,0.001,90,2067836576171717120,308.15975371640,0.0173,41.48240518919,0.0201,0.5765,0.0240,-2.056,0.038,-3.833,0.037,0,5.73027e+04,1.70719e+01,13.792928,1.99515e+04,4.82049e+01,14.601450,5.61988e+04,6.66258e+01,12.887602,1.713848,,,0,4096.13,,,6.50,10.703,308.15975,41.4823889,20 32 38.34,+41 28 56.6,B3V,,298,,4.47,2.95,4.25,,5.7,10.0,16.05,15.68,14.43,11.542,11.105,10.916,[MT91] 298
0.354247,308.3889582583153,41.1434452657252,0.001,0.001,0,2067779229768091136,308.38894169746,0.0243,41.14342274409,0.0287,0.6146,0.0326,-2.897,0.053,-5.231,0.055,0,7.72124e+04,2.44834e+01,13.469148,1.45493e+04,5.12704e+01,14.944284,9.95853e+04,1.29724e+02,12.266432,2.677852,,,0,3669.00,2.6358,1.3180,10.16,16.866,308.3890833,41.1434167,20 33 33.38,+41 08 36.3,B3V,,568,,6.71,3.63,4.25,,7.3,10.0,17.78,16.92,14.76,10.275,9.747,9.419,[MT91] 568
0.367311,307.8922843323155,41.5189404067197,0.001,0.001,90,2067848567720295424,307.89226989627,0.0210,41.51892558226,0.0269,0.5387,0.0283,-2.510,0.047,-3.443,0.046,0,2.55545e+04,8.42664e+00,14.669698,8.55445e+03,2.68552e+01,15.520907,2.57122e+04,2.36829e+01,13.736570,1.784337,,,0,3950.39,,,5.23,5.992,307.8921667,41.5188889,20 31 34.12,+41 31 08.0,B3IV,,108,,4.53,2.64,4.25,,5.1,0.0,17.25,16.54,15.29,12.317,11.91,11.708,[MT91] 108
0.836258,308.0200190662392,41.4789123692304,0.000,0.000,90,2067847708726800896,308.02000429566,0.0134,41.47889432256,0.0153,0.5314,0.0193,-2.570,0.029,-4.191,0.027,0,8.86197e+04,1.52059e+01,13.319540,3.43216e+04,5.57415e+01,14.012469,8.06989e+04,6.74541e+01,12.494751,1.517718,,,0,4342.00,,,7.30,17.050,308.01975,41.4790278,20 32 04.74,+41 28 44.5,B3IV,,191,,3.83,2.94,4.25,,5.6,10.0,15.13,14.85,13.81,11.293,11.027,10.881,[MT91] 191
0.129302,308.2070013308240,41.4267935813365,0.001,0.001,0,2067833071478386048,308.20698487924,0.0155,41.42677547076,0.0215,0.5708,0.0232,-2.865,0.033,-4.206,0.036,0,6.91687e+04,5.03371e+01,13.588592,2.46785e+04,6.53304e+01,14.370591,6.65516e+04,1.74379e+02,12.704024,1.666567,,,0,4278.50,,,6.28,11.900,308.2069583,41.4267778,20 32 49.67,+41 25 36.4,B3III,,336,,4.23,2.97,4.25,,5.7,10.0,15.54,15.3,14.13,11.428,11.048,10.838,[MT91] 336
0.494408,308.3915947009866,41.3272018581475,0.001,0.001,0,2067784143210932352,308.39157815640,0.0206,41.32718104693,0.0442,0.4300,0.0292,-2.886,0.047,-4.834,0.081,0,7.71575e+04,2.78198e+01,13.469920,2.04789e+04,8.35458e+01,14.573120,9.22457e+04,9.33395e+02,12.349555,2.223565,,,0,4049.30,1.8472,0.9130,10.49,26.674,308.3915417,41.3273333,20 33 33.97,+41 19 38.4,B3I,,573,,5.25,3.58,4.25,,7.1,10.0,15.95,15.49,13.87,10.268,9.658,9.42,[MT91] 573
0.874054,308.1706560718538,41.2414656483311,0.004,0.003,0,2067782734461462912,308.17064536132,0.0999,41.24145182701,0.1246,1.1751,0.1285,-1.871,0.221,-3.210,0.244,0,5.25062e+06,1.64913e+04,8.887839,3.11260e+05,1.78108e+03,11.618579,8.48097e+06,4.20823e+04,7.440807,4.177772,,,0,3284.75,1.2510,0.8307,,,308.1703333,41.2414722,20 32 40.88,+41 14 29.3,B3.5Ia+,12,304,,10.2,6.09,4.14,,110.0,3.0,17.18,14.81,11.46,4.667,3.512,2.704,Schulte 12
0.440950,308.0906260975535,41.5736186601033,0.001,0.001,90,2067849873390497024,308.09061152779,0.0158,41.57359732876,0.0196,0.5731,0.0240,-2.532,0.036,-4.954,0.035,0,5.46979e+04,1.79171e+01,13.843440,2.09280e+04,4.97687e+01,14.549568,5.05086e+04,8.53775e+01,13.003508,1.546061,,,0,4328.00,,,5.37,9.108,308.0906667,41.5735,20 32 21.76,+41 34 24.6,B4V,,239,,3.92,2.63,4.22,,4.7,2.66,15.81,15.47,14.33,11.811,11.511,11.292,[MT91] 239
0.297959,308.1346661271011,41.3827204587842,0.001,0.001,0,2067831662728930304,308.13465245695,0.0148,41.38270206720,0.0187,0.5688,0.0206,-2.382,0.032,-4.272,0.036,0,5.83625e+04,1.36130e+01,13.773031,1.62778e+04,3.97785e+01,14.822399,6.45737e+04,6.70873e+01,12.736781,2.085618,,,0,3973.75,1.7502,0.8520,7.33,12.081,308.13475,41.3826667,20 32 32.34,+41 22 57.6,B4V,,271,,5.14,3.02,4.22,,5.4,10.0,16.62,16.08,14.57,11.118,10.641,10.406,[MT91] 271
0.344708,308.2928544109033,41.3957222006779,0.001,0.001,0,2067832418643351424,308.29281560450,0.0198,41.39569099471,0.0267,0.7394,0.0276,-6.761,0.043,-7.248,0.045,0,2.85273e+04,8.27006e+00,14.550214,1.20113e+04,1.84777e+01,15.152410,2.41048e+04,3.38277e+01,13.806661,1.345749,,,0,4736.08,,,2.32,2.436,308.2927917,41.3958056,20 33 10.27,+41 23 44.9,B4III,,427,,,,,,,,16.67,16.36,14.97,14.465,12.602,12.332,[MT91] 427
0.244210,307.9842915242628,41.5866821638814,0.001,0.001,90,2067849220555467264,307.98429070798,0.0308,41.58666852838,0.0400,0.9318,0.0454,-0.142,0.071,-3.167,0.062,0,9.98169e+03,4.38916e+00,15.690355,3.97044e+03,4.06908e+01,16.354290,9.12404e+03,5.39859e+01,14.861452,1.492838,,,0,4419.00,,,1.32,0.603,307.9842917,41.58675,20 31 56.23,+41 35 12.3,B5V,,170,,,,,,,,17.86,17.1,16.11,15.633,13.486,13.218,[MT91] 170
0.119167,308.1355737142695,41.4463379127019,0.001,0.001,0,2067836232574148864,308.13556045421,0.0180,41.44631969581,0.0204,0.5401,0.0245,-2.309,0.038,-4.231,0.040,0,3.55963e+04,9.64334e+00,14.309854,1.20622e+04,2.30023e+01,15.147819,3.55470e+04,4.71919e+01,13.384913,1.762906,,,0,4068.00,,,5.59,7.709,308.1355833,41.4463056,20 32 32.54,+41 26 46.7,B5V,,273,,4.53,2.49,4.2,,4.3,3.92,16.82,16.48,14.91,12.048,11.668,11.462,[MT91] 273
0.390074,308.2992270441493,41.4015036621263,0.001,0.001,0,2067832418643353344,308.29921069780,0.0192,41.40148465993,0.0251,0.5863,0.0261,-2.848,0.044,-4.413,0.046,0,9.52510e+04,5.35873e+01,13.241192,2.39457e+04,5.35937e+01,14.403318,1.09943e+05,2.71490e+02,12.158999,2.244320,,,0,3525.00,1.9483,0.9513,13.52,25.429,308.2992083,41.4016111,20 33 11.81,+41 24 05.8,B5V,,444,,5.25,3.22,4.2,,5.7,10.0,,15.6,14.12,10.416,9.951,9.703,[MT91] 444
0.136019,308.3056587317896,41.4443542458438,0.001,0.001,0,2067926564325711872,308.30564311534,0.0148,41.44434019006,0.0196,0.6022,0.0210,-2.719,0.032,-3.265,0.037,0,5.83211e+04,1.31309e+01,13.773801,1.97543e+04,4.10292e+01,14.612237,5.82527e+04,1.10890e+02,12.848631,1.763606,,,0,4070.45,1.6595,0.7540,6.40,10.146,308.3057083,41.4443611,20 33 13.37,+41 26 39.7,B5V,,453,,4.27,2.71,4.2,,4.7,10.0,16.04,15.59,14.45,11.493,11.093,10.902,[MT91] 453
0.132793,308.3097386579359,41.3258691901542,0.001,0.001,0,2067785070923660416,308.30972052294,0.0280,41.32584742162,0.0352,0.1867,0.0363,-3.163,0.063,-5.056,0.066,0,7.39144e+04,2.29690e+01,13.516543,1.38713e+04,4.23773e+01,14.996096,9.63253e+04,1.71029e+02,12.302569,2.693526,,,0,3804.95,2.3180,1.1133,,,308.30975,41.3258333,20 33 14.34,+41 19 33.0,B5V,,459,,6.65,3.45,4.2,,6.2,10.0,17.66,16.84,14.8,10.188,9.566,9.239,[MT91] 459
0.410772,308.4482243431659,41.4994735737356,0.001,0.001,0,2067881312550301440,308.44820906788,0.0231,41.49945562838,0.0322,0.6010,0.0336,-2.657,0.050,-4.168,0.059,0,1.06612e+05,3.12446e+01,13.118847,2.55885e+04,5.35863e+01,14.331275,1.26657e+05,1.43522e+02,12.005343,2.325932,,,0,4014.28,2.0907,1.0370,9.09,19.312,308.44825,41.4993611,20 33 47.58,+41 29 57.7,B5V,,641,,5.71,3.39,4.2,,6.1,10.0,16.5,15.78,14.27,10.091,9.627,9.328,[MT91] 641
0.079876,308.3302783162558,41.4124508276917,0.001,0.001,0,2067879354045188864,308.33026386893,0.0243,41.41243326921,0.0309,0.6423,0.0324,-2.517,0.055,-4.078,0.057,0,4.59366e+04,1.82669e+01,14.032969,1.11248e+04,3.82343e+01,15.235658,5.42698e+04,8.46048e+01,12.925525,2.310133,,,0,4324.89,2.2860,1.1337,4.40,6.099,308.33025,41.4124444,20 33 19.26,+41 24 44.8,B5IV,,493,,5.56,2.98,4.2,,5.2,10.0,17.05,16.6,14.99,11.129,10.627,10.331,[MT91] 493
